-- phpMyAdmin SQL Dump
-- version 5.2.1deb1
-- https://www.phpmyadmin.net/
--
-- Servidor: localhost:3306
-- Tiempo de generación: 20-06-2023 a las 13:56:55
-- Versión del servidor: 10.11.3-MariaDB-1
-- Versión de PHP: 8.2.7

SET SQL_MODE = "NO_AUTO_VALUE_ON_ZERO";
START TRANSACTION;
SET time_zone = "+00:00";


/*!40101 SET @OLD_CHARACTER_SET_CLIENT=@@CHARACTER_SET_CLIENT */;
/*!40101 SET @OLD_CHARACTER_SET_RESULTS=@@CHARACTER_SET_RESULTS */;
/*!40101 SET @OLD_COLLATION_CONNECTION=@@COLLATION_CONNECTION */;
/*!40101 SET NAMES utf8mb4 */;

--
-- Base de datos: `orfeong_db`
--

--
-- Volcado de datos para la tabla `cgDiasNoLaborados`
--

INSERT INTO `cgDiasNoLaborados` (`idCgDiaNoLaborado`, `fechaCgDiaNoLaborado`, `estadoCgDiaNoLaborado`, `creacionCgDiaNoLaborado`) VALUES
(1, '2021-01-01', 10, '2021-05-11 15:06:55'),
(2, '2021-05-17', 10, '2021-05-11 15:16:45'),
(3, '2021-01-11', 10, '2021-05-11 15:19:27'),
(4, '2021-03-22', 10, '2021-05-11 15:19:27'),
(5, '2021-04-01', 10, '2021-05-11 15:19:27'),
(6, '2021-04-02', 10, '2021-05-11 15:19:27'),
(7, '2021-05-01', 10, '2021-05-11 15:19:27'),
(8, '2021-06-14', 10, '2021-05-11 15:19:27'),
(9, '2021-07-05', 10, '2021-05-11 15:19:27'),
(10, '2021-07-20', 10, '2021-05-11 15:19:27'),
(11, '2021-08-07', 10, '2021-05-11 15:19:27'),
(12, '2021-08-16', 10, '2021-05-11 15:19:27'),
(13, '2021-10-18', 10, '2021-05-11 15:19:27'),
(14, '2021-11-01', 10, '2021-05-11 15:19:27'),
(15, '2021-11-15', 10, '2021-05-11 15:19:27'),
(16, '2021-12-08', 10, '2021-05-11 15:19:27'),
(17, '2021-12-25', 10, '2021-05-11 15:19:27'),
(18, '2022-01-01', 10, '2021-05-19 08:49:19'),
(19, '2022-01-10', 10, '2021-05-19 08:49:19'),
(20, '2022-03-21', 10, '2021-05-19 08:49:19'),
(21, '2022-04-14', 10, '2021-05-19 08:49:19'),
(22, '2022-04-15', 10, '2021-05-19 08:49:19'),
(23, '2022-05-01', 10, '2021-05-19 08:49:20'),
(24, '2022-05-17', 10, '2021-05-19 08:49:20'),
(25, '2022-06-20', 10, '2021-05-19 08:49:20'),
(26, '2022-06-27', 10, '2021-05-19 08:49:20'),
(27, '2022-07-04', 10, '2021-05-19 08:49:20'),
(28, '2022-07-20', 10, '2021-05-19 08:49:20'),
(29, '2022-08-07', 10, '2021-05-19 08:49:20'),
(30, '2022-08-15', 10, '2021-05-19 08:49:20'),
(31, '2022-10-17', 10, '2021-05-19 08:49:20'),
(32, '2022-11-07', 10, '2021-05-19 08:49:20'),
(33, '2022-11-14', 10, '2021-05-19 08:49:20'),
(34, '2022-12-25', 10, '2021-05-19 08:49:20'),
(35, '2022-12-08', 10, '2021-05-19 08:49:20'),
(36, '2023-01-01', 10, '2021-05-19 08:49:20'),
(37, '2023-01-09', 10, '2021-05-19 08:49:21'),
(38, '2023-03-20', 10, '2021-05-19 08:49:21'),
(39, '2023-04-06', 10, '2021-05-19 08:49:21'),
(40, '2023-04-07', 10, '2021-05-19 08:49:22'),
(41, '2023-05-01', 10, '2021-05-19 08:49:22'),
(42, '2023-05-22', 10, '2021-05-19 08:49:22'),
(43, '2023-06-12', 10, '2021-05-19 08:49:22'),
(44, '2023-06-19', 10, '2021-05-19 08:49:22'),
(45, '2023-07-03', 10, '2021-05-19 08:49:22'),
(46, '2023-07-20', 10, '2021-05-19 08:49:22'),
(47, '2023-08-07', 10, '2021-05-19 08:49:22'),
(48, '2023-08-21', 10, '2021-05-19 08:49:22'),
(49, '2023-10-16', 10, '2021-05-19 08:49:22'),
(50, '2023-11-06', 10, '2021-05-19 08:49:22'),
(51, '2023-11-13', 0, '2021-05-19 08:49:22'),
(52, '2023-12-08', 10, '2021-05-19 08:49:22'),
(53, '2023-12-25', 10, '2021-05-19 08:49:22'),
(54, '2021-07-23', 0, '2021-07-22 11:03:12'),
(55, '2021-07-31', 0, '2021-07-22 15:37:57'),
(74, '2021-07-30', 0, '2021-07-26 14:45:03'),
(94, '2021-08-20', 0, '2021-08-20 16:07:21'),
(95, '2021-12-07', 0, '2021-11-29 19:34:22'),
(96, '2022-04-25', 10, '2022-04-25 11:08:05');

--
-- Volcado de datos para la tabla `cgEnvioServicios`
--

INSERT INTO `cgEnvioServicios` (`idCgEnvioServicio`, `nombreCgEnvioServicio`, `estadoCgEnvioServicio`, `creacionCgEnvioServicio`) VALUES
(1, 'Mensajero Personal', 10, '2020-05-03 20:50:05'),
(2, 'Correspondencia no Prioritaria', 10, '2020-05-03 20:53:27'),
(3, 'Correspondencia Prioritaria', 10, '2020-05-03 20:53:27'),
(4, 'Correo Certificado Unitario', 10, '2020-05-03 20:53:27'),
(5, 'Correo Certificado', 10, '2020-05-03 20:53:28'),
(6, 'Al Día', 10, '2020-05-03 20:53:28'),
(7, 'Mensajería especializada', 10, '2020-05-03 20:53:28');

--
-- Volcado de datos para la tabla `cgEtiquetaRadicacion`
--

INSERT INTO `cgEtiquetaRadicacion` (`idCgEtiquetaRadicacion`, `etiquetaCgEtiquetaRadicacion`, `estadoCgEtiquetaRadicacion`, `creacionCgEtiquetaRadicacion`, `descripcionCgEtiquetaRadicacion`) VALUES
(1, 'rutaLogo', 10, '2020-08-03 15:11:31', 'Logo de Etiqueta'),
(3, 'idTrdDepeUserTramitador', 10, '2020-08-03 15:11:31', 'Dependencia Responsable'),
(4, 'user_idCreador', 10, '2020-08-03 15:11:31', 'Usuario Creador'),
(5, 'fechaRadicacion', 10, '2020-08-03 15:11:31', 'Fecha de Radicación'),
(6, 'nombreCliente', 10, '2020-08-03 15:11:31', 'Nombre del Remitente'),
(7, 'asuntoRadiRadicado', 10, '2020-08-03 15:11:31', 'Asunto del Radicado'),
(8, 'direccionCliente', 0, '2020-08-03 15:11:31', 'Dirección Remitente'),
(9, 'codigoBarras', 10, '2020-08-03 15:11:31', 'Código de Barras'),
(10, 'numeroRadiRadicado', 10, '2020-09-03 07:46:46', 'Número de Radicado'),
(11, 'descripcionAnexos', 0, '2020-10-26 17:48:58', 'Descripción de Anexos');

--
-- Volcado de datos para la tabla `cgFormulariosPqrs`
--

INSERT INTO `cgFormulariosPqrs` (`idCgFormulariosPqrs`, `nombreCgFormulariosPqrs`, `estadoCgFormulariosPqrs`, `creacionCgFormulariosPqrs`) VALUES
(1, 'Pensión (vejez – invalidez)', 10, '2022-10-24 11:50:05'),
(2, 'Prestaciones Por Muerte', 10, '2022-10-24 11:50:05'),
(3, 'Indemnización sustitutiva', 10, '2022-10-24 11:50:37'),
(4, 'Auxilio de cesantías', 10, '2022-10-24 11:50:37'),
(5, 'Auxilio funerario', 10, '2022-10-24 11:51:00'),
(6, 'Cumplimiento de Sentencias', 10, '2022-10-24 11:51:00'),
(7, 'Peticiones, Quejas, Reclamos, Sugerencias, Solicitud de Información pública y Denuncias', 10, '2022-10-24 11:51:09');

--
-- Volcado de datos para la tabla `cgFormulariosPqrsDetalle`
--

INSERT INTO `cgFormulariosPqrsDetalle` (`idCgFormulariosPqrsDetalle`, `idCgFormulariosPqrs`, `nombreCgFormulariosPqrsDetalle`, `descripcionCgFormulariosPqrsDetalle`, `adjuntarDocsCgFormulariosPqrsDetalle`, `terminosCgFormulariosPqrsDetalle`, `datosSelectorPrestacionCgFormulariosPqrsDetalle`, `datosSelectorBeneficiarioCgFormulariosPqrsDetalle`, `activarBeneficiarioCgFormulariosPqrsDetalle`, `idTipoDocumentalCgFormulariosPqrsDetalle`, `idSerieCgFormulariosPqrsDetalle`, `idSubserieCgFormulariosPqrsDetalle`, `estadoCgFormulariosPqrsDetalle`, `creacionCgFormulariosPqrsDetalle`) VALUES
(1, 1, 'Pensión de invalidez', 'Prestación económica que se reconoce al afiliado que se ha calificado como inválido por haber perdido el 50% o más de su capacidad laboral y cumpla los requisitos en cuanto a semanas de cotización establecidos en la ley vigente al estructurarse la invalidez.', 'Puede anexar soportes hasta un tamaño máximo de 20 MB en total por todos los documentos.\r\n<br />* El formato soportado para la carga de anexos es PDF.<br />* Debe unificar y adjuntar en un solo PDF los soportes y/o documentos que requiere adjuntar para cada uno de los documentos solicitados.', 'Se requiere que allegue personalmente o por correo certificado a la Carrera 10 No. 24-55 Piso 2 en la ciudad de Bogotá, dentro del término de 1 mes después de la radicación virtual, los ORIGINALES de los siguientes documentos:<br /><br />-Registro Civil de Nacimiento Autentico<br />-Dictamen médico laboral emitido por la Junta Regional o Nacional de Calificación de invalidez, si se cuenta con este, sino deberá solicitar previamente la calificación de pérdida de capacidad laboral ante Fonprecon adjuntando: Documento de identidad, Declaración del domicilio y Historia clínica actualizada<br />-Constancia de ejecutoria del dictamen de calificación de pérdida de capacidad laboral<br />-Certificado de pago de incapacidades emitido por la EPS correspondiente', '', '', '', 2575, 179, 663, 10, '2022-10-24 11:52:00'),
(2, 1, 'Pensiones de vejez o jubilación', 'Para ser acreedor el afiliado debe cumplir los requisitos de la Ley vigente en el momento de adquirir el derecho pensional, a partir del año 2015, son: Tiempo de servicio (1300 semanas) y edad (57 años mujer y 62 hombre).', ' Puede anexar soportes hasta un tamaño máximo de 20 MB en total por todos los documentos. <br /> <br /> * El formato soportado para la carga de anexos es PDF.  <br />  * Debe unificar y adjuntar en un solo PDF los soportes y/o documentos que requiere adjuntar para cada uno de los documentos solicitados.', 'Se requiere que allegue personalmente o por correo certificado a la Carrera 10 No. 24-55 Piso 2 en la ciudad de Bogotá, dentro del término de 1 mes después de la radicación virtual, los ORIGINALES de los siguientes documentos: <br /><br />-Registro Civil de Nacimiento Auténtico', '', '', '', 2575, 179, 663, 10, '2022-10-24 11:52:25'),
(3, 1, 'Pensión Familiar', 'Es un tipo de pensión de vejez equivalente a un salario mínimo legal vigente, resultado de la suma de esfuerzos de cotización o aportes de cada uno de los cónyuges o cada uno de los compañeros permanentes, cuando ninguno de los dos cumple los requisitos exigidos para pensión, han cumplido las edades mínimas requeridas y se encuentran imposibilitados para continuar cotizando.', 'Puede anexar soportes hasta un tamaño máximo de 20 MB en total por todos los documentos.<br /><br />* El formato soportado para la carga de anexos es PDF.<br />* Debe unificar y adjuntar en un solo PDF los soportes y/o documentos que requiere adjuntar para cada uno de los documentos solicitados.', 'Se requiere que allegue personalmente o por correo certificado a la Carrera 10 No. 24-55 Piso 2 en la ciudad de Bogotá, dentro del término de 1 mes después de la radicación virtual, los ORIGINALES de los siguientes documentos:<br /><br />-Registro Civil de Nacimiento Auténtico<br />-Registro Civil de Matrimonio (Auténtico y con una vigencia no mayor a 3 meses)<br /> -Declaración juramentada extra-proceso de relación conyugal o convivencia permanente no inferior a cinco (5) años (circunstancias de tiempo, modo y lugar)', '', '', '', 2575, 179, 666, 10, '2022-10-24 12:01:15'),
(4, 1, 'Reliquidación de pensión', 'Es la realización de un nuevo estudio de la pensión de vejez, invalidez o muerte previamente reconocida por FONPRECON.', 'Puede anexar soportes hasta un tamaño máximo de 20 MB en total por todos los documentos.<br /><br />* El formato soportado para la carga de anexos es PDF.<br />* Debe unificar y adjuntar en un solo PDF los soportes y/o documentos que requiere adjuntar para cada uno de los documentos solicitados.', 'Ninguna', '', '', '', 2575, 179, 664, 10, '2022-10-24 12:01:15'),
(5, 1, 'Retroactivo pensional por inclusión en nómina', 'El retroactivo pensional es el reconocimiento y pago de las mesadas pensionales reconocidas al solicitante de la pensión, desde la fecha de la efectividad de la prestación económica hasta la fecha que ingreso a nómina, ', 'Puede anexar soportes hasta un tamaño máximo de 20 MB en total por todos los documentos.<br /><br />* El formato soportado para la carga de anexos es PDF.<br />* Debe unificar y adjuntar en un solo PDF los soportes y/o documentos que requiere adjuntar para cada uno de los documentos solicitados.', 'Se requiere que allegue personalmente  a la Carrera 10 No. 24-55 Piso 2 en la ciudad de Bogotá, después de la radicación virtual, los ORIGINALES de los siguientes documentos: <br /><br />  -la afiliación en salud y acto administrativo', '', '', '', 2575, 179, 663, 10, '2022-10-24 12:01:15'),
(6, 2, 'Designación en vida de beneficiarios – Ley 44/80 - Ley 1204/08', 'El pensionado por vejez o invalidez que en vida desee facilitar el traspaso de su pensión a sus posibles beneficiarios, deberá dirigir memorial en tal sentido a Fonprecon aportando los documentos señalados en la normatividad vigente.', 'Puede anexar soportes hasta un tamaño máximo de 20 MB en total por todos los documentos.<br /><br />* El formato soportado para la carga de anexos es PDF.<br />* Debe unificar y adjuntar en un solo PDF los soportes y/o documentos que requiere adjuntar para cada uno de los documentos solicitados.', 'Se requiere que allegue personalmente o por correo certificado a la Carrera 10 No. 24-55 Piso 2 en la ciudad de Bogotá, dentro del término de 1 mes después de la radicación virtual, los ORIGINALES de los siguientes documentos:<br /><br />-Solicitud escrita y firmada manifestando su deseo de sustituir su pensión a una persona determinada<br />-Declaración juramentada de convivencia: manifestando los extremos temporales de la convivencia: que se entiende con la firma del documento, si el designado como beneficiario es el cónyuge o la compañera (o) permanente.', '', '', '', 2575, 179, 666, 10, '2022-10-24 12:01:15'),
(7, 2, 'Sustitución Pensional (muerte pensionado)', 'Es la prestación económica que se concede a los miembros del grupo familiar del pensionado por vejez o invalidez por riesgo común que fallezca (sustitución), o a los miembros del grupo familiar del afiliado que fallezca (pensión de sobrevivientes), cumpliendo los requisitos de la Ley vigente en el momento que acaece el riesgo de fallecimiento.', 'Puede anexar soportes hasta un tamaño máximo de 20 MB en total por todos los documentos.<br /><br />* El formato soportado para la carga de anexos es PDF.<br />* Debe unificar y adjuntar en un solo PDF los soportes y/o documentos que requiere adjuntar para cada uno de los documentos solicitados.', 'Se requiere que allegue personalmente o por correo certificado a la Carrera 10 No. 24-55 Piso 2 en la ciudad de Bogotá, dentro del término de 1 mes después de la radicación virtual, los ORIGINALES de los siguientes documentos:<br /><br />-Registro Civil de Defunción (Auténtico y con una vigencia no mayor a 3 meses)<br />-En el evento de tratarse de un beneficiario invalido, que requiera personas de apoyo, de acuerdo con lo señalado en la Ley 1996 de 2019, debe allegar la providencia autentica de designación y posesión.<br /><br />RESPECTO DE CONYUGE O COMPAÑERA (O) PERMANENTE<br />-Registro Civil de Matrimonio CON NOTAS MARGINALES (Auténtico y con una vigencia no mayor a 3 meses)<br />-Registro Civil de Nacimiento del solicitante (Auténtico y con una vigencia no mayor a 3 meses y con notas marginales)<br />- declaraciones juramentadas de convivencia cinco años anteriores a la muerte del causante, manifestando los extremos temporales de la convivencia.<br /><br />RESPECTO DE LOS HIJOS<br />-Registro Civil de Nacimiento Autentico<br />-Certificado de estudios<br />-Dictamen de Calificación de Pérdida de Capacidad Laboral<br />-Declaración juramentada de dependencia económica.<br /><br />RESPECTO DE LOS PADRES<br />- Registro civil de nacimiento auténtico del afiliado fallecido<br />-Declaración juramentada de dependencia económica<br /><br />RESPECTO DE LOS HERMANOS INVALIDOS Y HERMANOS MENORES DE EDAD (HUERFANOS)<br />- Registro civil de nacimiento auténtico del afiliado fallecido y el solicitante<br />-Declaración juramentada de dependencia económica', 'categoriaPrestacion', 'calidadBeneficiario', 'Seleccione un tipo de beneficiario', 2575, 179, 662, 10, '2022-10-24 12:01:15'),
(8, 2, 'Pensión Sobrevivientes (muerte del afiliado)', 'Es la prestación económica que se concede a los miembros del grupo familiar del pensionado por vejez o invalidez por riesgo común que fallezca (sustitución), o a los miembros del grupo familiar del afiliado que fallezca (pensión de sobrevivientes), cumpliendo los requisitos de la Ley vigente en el momento que acaece el riesgo de fallecimiento.', 'Puede anexar soportes hasta un tamaño máximo de 20 MB en total por todos los documentos.<br /><br />* El formato soportado para la carga de anexos es PDF.<br />* Debe unificar y adjuntar en un solo PDF los soportes y/o documentos que requiere adjuntar para cada uno de los documentos solicitados.', 'Se requiere que allegue personalmente o por correo certificado a la Carrera 10 No. 24-55 Piso 2 en la ciudad de Bogotá, dentro del término de 1 mes después de la radicación virtual, los ORIGINALES de los siguientes documentos:<br /><br />- Registro Civil de Defunción (Auténtico y con una vigencia no mayor a 3 meses)<br />-En el evento de tratarse de un beneficiario invalido, que requiera personas de apoyo, de acuerdo con lo señalado en la Ley 1996 de 2019, debe allegar la providencia autentica de designación y posesión.<br /><br />RESPECTO DE CONYUGE O COMPAÑERA (O) PERMANENTE<br />-Registro Civil de Matrimonio CON NOTAS MARGINALES (Auténtico y con una vigencia no mayor a 3 meses)<br />-Registro Civil de Nacimiento del solicitante (Auténtico y con una vigencia no mayor a 3 meses y con notas marginales)<br />- declaraciones juramentadas de convivencia cinco años anteriores a la muerte del causante, manifestando los extremos temporales de la convivencia.<br /><br />RESPECTO DE LOS HIJOS<br />-Registro Civil de Nacimiento Autentico<br />-Certificado de estudios<br />-Dictamen de Calificación de Pérdida de Capacidad Laboral<br />-Declaración juramentada de dependencia económica.<br /><br />RESPECTO DE LOS PADRES<br />- Registro civil de nacimiento auténtico del afiliado fallecido<br />-Declaración juramentada de dependencia económica<br /><br />RESPECTO DE LOS HERMANOS INVALIDOS Y HERMANOS MENORES DE EDAD (HUERFANOS)<br />- Registro civil de nacimiento auténtico del afiliado fallecido y el solicitante<br />-Declaración juramentada de dependencia económica', 'categoriaPrestacion', 'calidadBeneficiario', 'Seleccione un tipo de beneficiario', 2575, 179, 665, 10, '2022-10-24 12:01:15'),
(9, 2, 'Acrecimiento de mesada', 'Es el incremento en el porcentaje de las prestaciones por muerte que se da a petición de parte al extinguirse el derecho pensional de algún beneficiario', 'Puede anexar soportes hasta un tamaño máximo de 20 MB en total por todos los documentos.<br /><br />* El formato soportado para la carga de anexos es PDF.<br />* Debe unificar y adjuntar en un solo PDF los soportes y/o documentos que requiere adjuntar para cada uno de los documentos solicitados.', 'Se requiere que allegue personalmente  a la Carrera 10 No. 24-55 Piso 2 en la ciudad de Bogotá, después de la radicación virtual, los ORIGINALES de los siguientes documentos: <br /><br />  -Copia autentica el fallo judicial <br />-Constancia de ejecutoria y poder.', '', '', '', 2575, 179, 66, 10, '2022-10-24 12:01:15'),
(10, 2, 'Pago único a herederos', 'Son las sumas adeudadas al pensionado/ afiliado fallecido que causo un pago a su favor, pero que no fue cobrado previo a su fallecimiento, correspondiéndole dichos dineros a sus herederos', 'Puede anexar soportes hasta un tamaño máximo de 20 MB en total por todos los documentos.<br /><br />* El formato soportado para la carga de anexos es PDF.<br />* Debe unificar y adjuntar en un solo PDF los soportes y/o documentos que requiere adjuntar para cada uno de los documentos solicitados.', 'Se requiere que allegue personalmente  a la Carrera 10 No. 24-55 Piso 2 en la ciudad de Bogotá, después de la radicación virtual, los ORIGINALES de los siguientes documentos: <br /><br />  la sentencia o escritura de la sucesión y registros civiles', '', '', '', 2575, 179, 596, 10, '2022-10-24 12:01:15'),
(11, 3, 'De la Pensión de Vejez', 'Tienen derecho a la indemnización sustitutiva de la pensión de vejez, las personas que habiendo cumplido la edad para obtener la pensión de vejez no hayan cotizado el mínimo de semanas exigidas por la ley 100 de 1993 para la pensión de vejez, y declaren su imposibilidad de continuar cotizando.', 'Puede anexar soportes hasta un tamaño máximo de 20 MB en total por todos los documentos.<br /><br />* El formato soportado para la carga de anexos es PDF.<br />* Debe unificar y adjuntar en un solo PDF los soportes y/o documentos que requiere adjuntar para cada uno de los documentos solicitados.', 'Se requiere que allegue personalmente o por correo certificado a la Carrera 10 No. 24-55 Piso 2 en la ciudad de Bogotá, dentro del término de 1 mes después de la radicación virtual, los ORIGINALES de los siguientes documentos:<br /><br />-Registro Civil de Nacimiento Autentico<br />-Manifestación escrita de imposibilidad de continuar cotizando al sistema general de pensiones', '', '', '', 2575, 179, 664, 10, '2022-10-24 12:01:15'),
(12, 3, 'De la Pensión de Invalidez', 'Tienen derecho a la indemnización sustitutiva de la pensión de invalidez el afiliado que al momento de invalidarse no hubiere reunido los requisitos de semanas exigidos para la pensión de invalidez.', 'Puede anexar soportes hasta un tamaño máximo de 20 MB en total por todos los documentos.<br /><br />* El formato soportado para la carga de anexos es PDF.<br />* Debe unificar y adjuntar en un solo PDF los soportes y/o documentos que requiere adjuntar para cada uno de los documentos solicitados.', 'Se requiere que allegue personalmente o por correo certificado a la Carrera 10 No. 24-55 Piso 2 en la ciudad de Bogotá, dentro del término de 1 mes después de la radicación virtual, los ORIGINALES de los siguientes documentos:<br /><br />-Registro Civil de Nacimiento Auténtico<br />-Dictamen de calificación de pérdida de capacidad laboral emitido por autoridad competente en caso de haber sido calificado.<br />-Constancia de ejecutoria del dictamen de calificación de pérdida de capacidad laboral', '', '', '', 2575, 179, 663, 10, '2022-10-24 12:01:15'),
(13, 3, 'De la Pensión de Sobrevivientes', 'Tienen derecho a la indemnización sustitutiva de la pensión de sobrevivientes. Los miembros del grupo familiar que prueben la calidad de beneficiarios del afiliado fallecido que al momento de su deceso no hubiese dejado causado el derecho de pensión de sobrevivientes', 'Puede anexar soportes hasta un tamaño máximo de 20 MB en total por todos los documentos.<br /><br />* El formato soportado para la carga de anexos es PDF.<br />* Debe unificar y adjuntar en un solo PDF los soportes y/o documentos que requiere adjuntar para cada uno de los documentos solicitados.', 'Se requiere que allegue personalmente o por correo certificado a la Carrera 10 No. 24-55 Piso 2 en la ciudad de Bogotá, dentro del término de 1 mes después de la radicación virtual, los ORIGINALES de los siguientes documentos:<br /><br />- Registro Civil de Defunción (Auténtico y con una vigencia no mayor a 3 meses)<br />-En el evento de tratarse de un beneficiario invalido, que requiera personas de apoyo, de acuerdo con lo señalado en la Ley 1996 de 2019, debe allegar la providencia autentica de designación y posesión.<br /><br />RESPECTO DE CONYUGE O COMPAÑERA (O) PERMANENTE<br />-Registro Civil de Matrimonio CON NOTAS MARGINALES (Auténtico y con una vigencia no mayor a 3 meses)<br />-Registro Civil de Nacimiento del solicitante (Auténtico y con una vigencia no mayor a 3 meses y con notas marginales)<br />- declaraciones juramentadas de convivencia cinco años anteriores a la muerte del causante, manifestando los extremos temporales de la convivencia.<br /><br />RESPECTO DE LOS HIJOS<br />-Registro Civil de Nacimiento Autentico<br />-Certificado de estudios<br />-Dictamen de Calificación de Pérdida de Capacidad Laboral<br />-Declaración juramentada de dependencia económica.<br /><br />RESPECTO DE LOS PADRES<br />- Registro civil de nacimiento auténtico del afiliado fallecido<br />-Declaración juramentada de dependencia económica<br /><br />RESPECTO DE LOS HERMANOS INVALIDOS Y HERMANOS MENORES DE EDAD (HUERFANOS)<br />- Registro civil de nacimiento auténtico del afiliado fallecido y el solicitante<br />-Declaración juramentada de dependencia económica', 'categoriaPrestacion', 'calidadBeneficiario', 'Seleccione un tipo de beneficiario', 2575, 179, 662, 10, '2022-10-24 12:01:15'),
(14, 4, 'Cesantías Definitivas / Parciales / Traslados FNA', 'Prestación Social que se reconoce a los empleados del Congreso afiliados a la Entidad: Puede ser definitiva cuando el empleado termina su vínculo laboral o parcial para compra, construcción, reparación, ampliación y mejora de vivienda; amortización o cancelación de hipoteca o para estudios del afiliado, cónyuge o para sus hijos, post mortem, aportando los documentos señalados en la norma. Los Certificados salariales y paz y salvos serán solicitados por Fonprecon al empleador.', 'Puede anexar soportes hasta un tamaño máximo de 20 MB en total por todos los documentos.<br /><br />* El formato soportado para la carga de anexos es PDF.<br />* Debe unificar y adjuntar en un solo PDF los soportes y/o documentos que requiere adjuntar para cada uno de los documentos solicitados.', 'Se requiere que allegue personalmente o por correo certificado a la Carrera 10 No. 24-55 Piso 2 en la ciudad de Bogotá, dentro del término de 1 mes después de la radicación virtual, los ORIGINALES de los siguientes documentos:<br /><br />ADQUISICION DE VIVIENDA<br />- Contrato de promesa de compravent<br /><br />PARA REPARACIÓN, AMPLIACIÓN Y MEJORA DE VIVIENDA:<br />-Contrato de obra: el cual debe especificar la obra a realizar y el respectivo presupuesto detallado.<br />-Registro civil de matrimonio Autentico o Escritura de declaración de la unión marital de hecho: en el evento en que inmueble será de propiedad del cónyuge o compañero (a) permanente<br /><br />PARA AMORTIZACIÓN O CANCELACIÓN DE HIPOTECA:<br />-Certificación de la entidad financiera que contenga la información sobre el crédito (titular, identificación de la obligación y saldo actualizado) con fecha de expedición no mayor a un mes.<br /><br />PARA CONSTRUCCIÓN DE VIVIENDA:<br />Contrato de construcción o certificación original de constructora, el cual debe especificar la construcción a ejecutar o el respectivo presupuesto detallado.<br /><br />PARA ESTUDIOS:<br />-Orden de matrícula expedida por la institución, universidad o plantel educativo, en la que se indique el nombre del estudiante, valor de la matricula, pensión, semestre o deuda general por estos conceptos.<br />-Registro civil autentico de matrimonio o Escritura de declaración de la unión marital de hecho.<br />-Registro civil autentico de nacimiento de los hijos para probar parentesco, en el caso que los estudios sean para los hijos.', 'categoriaPrestacionDos', 'calidadBeneficiarioDos', 'Parciales, dependiendo del motivo del retiro debe anexar la siguiente documentación adicional:', 2575, 179, 657, 10, '2022-10-24 12:01:15'),
(15, 5, 'Auxilio funerario', 'Prestación Económica que se genera cuando fallece un afiliado o un pensionado. Se pagará a quien demuestre haber sufragado los gastos funerarios o exequiales, o a sus herederos en caso de presentarse un contrato preexequial cuyo titular sea el fallecido, en los montos establecidos en la Ley.', 'Puede anexar soportes hasta un tamaño máximo de 20 MB en total por todos los documentos.<br /><br />* El formato soportado para la carga de anexos es PDF.<br />* Debe unificar y adjuntar en un solo PDF los soportes y/o documentos que requiere adjuntar para cada uno de los documentos solicitados.', 'Se requiere que allegue personalmente o por correo certificado a la Carrera 10 No. 24-55 Piso 2 en la ciudad de Bogotá, dentro del término de 1 mes después de la radicación virtual, los ORIGINALES de los siguientes documentos:<br /><br />- Registro Civil de Defunción<br />-Factura: A nombre de la persona natural que haya sufragado los gastos debidamente cancelada o certificación que acredite que se pagó y se prestó el servicio preexequial', '', '', '', 2575, 179, 656, 10, '2022-10-24 12:01:15'),
(16, 6, 'Cumplimiento de Sentencias', 'Presentación Económica de acatamiento a fallos judiciales proferidos a favor del demandante', 'Puede anexar soportes hasta un tamaño máximo de 20 MB en total por todos los documentos.<br /><br />* El formato soportado para la carga de anexos es PDF.<br />* Debe unificar y adjuntar en un solo PDF los soportes y/o documentos que requiere adjuntar para cada uno de los documentos solicitados.', 'Se requiere que allegue personalmente  a la Carrera 10 No. 24-55 Piso 2 en la ciudad de Bogotá, después de la radicación virtual, los ORIGINALES de los siguientes documentos: <br /><br />  -Copia autentica el fallo judicial <br />-Constancia de ejecutoria y poder', '', '', '', 2575, 179, 664, 10, '2022-10-24 12:01:15');

--
-- Volcado de datos para la tabla `cgFormulariosPqrsDetalleDocumentos`
--

INSERT INTO `cgFormulariosPqrsDetalleDocumentos` (`idCgFormulariosPqrsDetalleDocumentos`, `idCgFormulariosPqrsDetalle`, `combiCgFormulariosPqrsDetalleDocumentos`, `nameFileCgFormulariosPqrsDetalleDocumentos`, `nombreCgFormulariosPqrsDetalleDocumentos`, `descripcionCgFormulariosPqrsDetalleDocumentos`, `requeridoCgFormulariosPqrsDetalleDocumentos`, `estadoCgFormulariosPqrsDetalleDocumentos`, `creacionCgFormulariosPqrsDetalleDocumentos`) VALUES
(1, 1, '', 'cedula_ciudadania', 'Cédula de ciudadanía', 'Cédula de ciudadanía', 10, 10, '2022-11-07 11:51:28'),
(2, 1, '', 'copia_autentica_registro_civil', 'Copia autentica del Registro Civil de nacimiento', 'Copia autentica del Registro Civil de nacimiento si nació después del 15 de junio de 1938 o partida eclesiástica de bautismo, si nació antes del 15 de junio de 1938 y con una vigencia no mayor a tres meses', 10, 10, '2022-11-07 11:51:28'),
(3, 1, '', 'manifestacion_escrita_de_no_tramitar_pension', 'Manifestación escrita de no tramitar pensión', 'Manifestación escrita de no tramitar pensión, ni otra prestación', 10, 10, '2022-11-10 15:05:07'),
(4, 1, '', 'dictamen_medico_laboral', 'Dictamen médico laboral', 'Dictamen médico laboral emitido por la Junta Regional o Nacional de Calificación de invalidez, si se cuenta con este, sino deberá solicitar previamente la calificación de pérdida de capacidad laboral ante Fonprecon adjuntando: Documento de identidad, Declaración del domicilio y Historia clínica actualizada.', 10, 10, '2022-11-14 12:05:25'),
(5, 1, '', 'constancia_perdida_capacidad_laboral', 'Constancia pérdida de capacidad laboral', 'Constancia de ejecutoria del dictamen de calificación de pérdida de capacidad laboral', 10, 10, '2022-11-14 13:42:41'),
(6, 1, '', 'certificado_afiliacion_EPS', 'Certificado de afiliación a EPS', 'Certificado de afiliación a EPS', 10, 10, '2022-11-14 13:42:41'),
(7, 1, '', 'certificado_pago_incapacidades_EPS', 'Certificado de pago de incapacidades emitido por la EPS', 'Certificado de pago de incapacidades emitido por la EPS a la que se encuentre afiliado', 10, 10, '2022-11-14 13:44:08'),
(8, 3, '', 'cedula_ciudadania', 'Cédula de ciudadanía', 'Cédula de ciudadanía', 10, 10, '2022-11-16 09:47:11'),
(9, 3, '', 'copia_autentica_registro_civil', 'Copia autentica del Registro Civil de nacimiento', 'Copia autentica del Registro Civil de nacimiento si nació después del 15 de junio de 1938 o partida eclesiástica de bautismo, si nació antes del 15 de junio de 1938 y con una vigencia no mayor a tres meses.', 10, 10, '2022-11-16 09:47:11'),
(10, 3, '', 'manifestacion_escrita_de_no_tramitar_pension', 'Manifestación escrita de no tramitar pensión', 'Manifestación escrita y firmada de cada solicitante de no tramitar pensión, ni otra prestación y en la que indiquen su imposibilidad de continuar cotizando al sistema.', 10, 10, '2022-11-16 09:48:41'),
(11, 3, '', 'registro_civil_matrimonio', 'Registro Civil de Matrimonio', 'Registro Civil de Matrimonio (Auténtico y con una vigencia no mayor a 3 meses)', 10, 10, '2022-11-16 09:48:41'),
(12, 3, '', 'declaracion_juramentada_proceso_relacion_conyugal', 'Declaración juramentada extra-proceso de relación conyugal', 'Declaración juramentada extra-proceso de relación conyugal o convivencia permanente no inferior a cinco (5) años (circunstancias de tiempo, modo y lugar)', 10, 10, '2022-11-16 09:56:56'),
(13, 3, '', 'sisben_acuerdo_categorizacion', 'Sisben de acuerdo con la categorización', 'SISBEN DE ACUERDO CON LA CATEGORIZACIÓN SEÑALADA POR EL MINISTERIO DE TRABAJO EN ARMONIA CON LA SENTENCIA T-217/2021.', 10, 10, '2022-11-16 09:56:56'),
(14, 3, '', 'certificados_cetil_emitidos_por_el_empleador', 'Certificados CETIL emitidos por el empleador', 'Certificados CETIL emitidos por el empleador, donde se indique la fecha de ingreso, fecha de retiro, cargos desempeñados y licencias no remuneradas, los factores salariales y los descuentos efectuados con destino a la entidad de previsión social.', 10, 10, '2022-11-16 09:57:51'),
(15, 6, '', 'solicitud_escrita_firmada_manifestando_deseo_sustituir_pension', 'Solicitud escrita y firmada manifestando su deseo de sustituir su pensión a una persona determinada', 'Solicitud escrita y firmada manifestando su deseo de sustituir su pensión a una persona determinada', 10, 10, '2022-11-16 10:37:16'),
(16, 6, '', 'documento_identidad_posibles_beneficiarios', 'Documento de identidad de los posibles beneficiarios', 'Documento de identidad de los posibles beneficiarios', 10, 10, '2022-11-16 10:37:16'),
(17, 6, '', 'registro_civil_matrimonio', 'Registro Civil de Matrimonio', 'Registro Civil de Matrimonio (Opcional)', 0, 10, '2022-11-16 10:40:19'),
(18, 6, '', 'declaracion_juramentada_convivencia', 'Declaración juramentada de convivencia', 'Declaración juramentada de convivencia: manifestando los extremos temporales de la convivencia: que se entiende con la firma del documento, si el designado como beneficiario es el cónyuge o la compañera (o) permanente. - (Opcional)', 0, 10, '2022-11-16 10:40:19'),
(19, 6, '', 'registro_civil_nacimiento_hijos', 'Registro Civil de nacimiento de los hijos hasta los 25 años de edad', 'Registro Civil de nacimiento de los hijos hasta los 25 años de edad - (Opcional)', 0, 10, '2022-11-16 10:41:16'),
(22, 7, 'Generales', 'Documento_identidad_solicitante_y_causante', 'Documento de identidad del solicitante y del causante', 'Documento de identidad del solicitante y del causante', 10, 10, '2022-11-16 10:55:45'),
(23, 7, 'Generales', 'certificados_tiempo_laborados_cetil', 'Certificados de tiempo laborados Cetil ', 'Certificados de tiempo laborados Cetil en caso de tramitar la pensión de sobreviviente. - (Opcional)', 0, 10, '2022-11-16 10:55:45'),
(24, 7, 'Generales', 'registro_civil_defuncion', 'Registro Civil de Defunción', 'Registro Civil de Defunción (Auténtico y con una vigencia no mayor a 3 meses)', 10, 10, '2022-11-16 10:58:18'),
(25, 7, 'Generales', 'manifestacion_escrita_de_no_tramitar_pension', 'Manifestación escrita de no tramitar pensión', 'Manifestación escrita de no tramitar pensión, ni otra prestación', 10, 10, '2022-11-16 10:58:18'),
(26, 7, 'Generales', 'providencia_autentica_designacion_y_posesion', 'Providencia autentica de designación y posesión', 'En el evento de tratarse de un beneficiario inválido, que requiera personas de apoyo, de acuerdo con lo señalado en la Ley 1996 de 2019, debe allegar la providencia autentica de designación y posesión', 10, 10, '2022-11-16 11:01:19'),
(27, 7, 'Respecto de conyuge o compañera (o) permanente', 'registro_civil_matrimonio_con_notas_marginales', 'Registro Civil de Matrimonio CON NOTAS MARGINALES', 'Registro Civil de Matrimonio CON NOTAS MARGINALES (Auténtico y con una vigencia no mayor a 3 meses)', 10, 10, '2022-11-16 11:01:19'),
(28, 7, 'Respecto de conyuge o compañera (o) permanente', 'registro_civil_nacimiento_solicitante', 'Registro Civil de Nacimiento del solicitante', 'Registro Civil de Nacimiento del solicitante (Auténtico y con una vigencia no mayor a 3 meses y con notas marginales)', 10, 10, '2022-11-16 11:03:34'),
(29, 7, 'Respecto de conyuge o compañera (o) permanente', 'declaracion_juramentada_convivencia_cinco_años_anteriores_muerte_causante', 'Declaración juramentada de convivencia cinco años anteriores a la muerte del causante', 'Tanto para la cónyuge como para compañera permanente, deberá aportar declaración juramentada de convivencia cinco años anteriores a la muerte del causante, manifestando los extremos temporales de la convivencia.', 10, 10, '2022-11-16 11:03:34'),
(30, 7, 'Respecto de conyuge o compañera (o) permanente', 'certificaciones_contratos_declaraciones_titulos_propiedad_de_bienes_muebles_inmuebles', 'Declaraciones de renta, títulos de propiedad de bienes, certificaciones sobre los beneficiarios', 'En aras de probar la convivencia deberá adjuntar las pruebas que considere pertinentes tales como: contratos, declaraciones de renta, títulos de propiedad de bienes muebles e inmuebles, certificación de la EPS sobre los beneficiarios, certificación de obligaciones comerciales y civiles mutuas, certificaciones bancarias de manejo de cuentas de manera conjunta y demás documentos que la Ley considere que sirven como prueba', 10, 10, '2022-11-16 11:08:13'),
(31, 7, 'Respecto de los hijos', 'registro_civil_nacimiento_hijos', 'Registro Civil de Nacimiento de los hijos', 'Registro Civil de Nacimiento de los hijos (Auténtico y con una vigencia no mayor a 3 meses)', 10, 10, '2022-11-16 11:08:13'),
(32, 7, 'Respecto de los hijos', 'documento_identidad', 'Documento de identidad', 'Documento de identidad', 10, 10, '2022-11-16 11:18:27'),
(33, 7, 'Respecto de los hijos', 'certificado_estudios', 'Certificado de estudios', 'Para los hijos mayores de 18 años y hasta los 25 años incapacitados para trabajar por razón de sus estudios, en consideración a lo contemplado en la Ley 1574 de 2012, donde se detalle la aprobación del establecimiento educativo por parte del Ministerio de Educación Nacional, el tipo de educación impartida, junto con la manifestación escrita que con la firma se entiende bajo la gravedad de juramento en la cual se establezca la dependencia económica del causante al momento de su muerte. - (Opcional)', 0, 10, '2022-11-16 11:18:27'),
(34, 7, 'Respecto de los hijos', 'dictamen_medico_laboral_emitido_por_junta_regional_o_nacional_calificacion_invalidez', 'Dictamen médico laboral emitido por la Junta Regional o Nacional de Calificación de invalidez', 'Para los hijos inválidos: dictamen médico laboral emitido por la Junta Regional o Nacional de Calificación de invalidez, si se cuenta con este, sino deberá solicitar previamente la calificación de pérdida de capacidad laboral ante Fonprecon adjuntando: Documento de identidad, Declaración del domicilio y Historia clínica actualizada', 10, 10, '2022-11-16 11:20:58'),
(35, 7, 'Respecto de los hijos', 'declaracion_de_dependencia_economica', 'Declaración de dependencia económica', 'Declaración de dependencia económica deberá ser aportada por los hijos mayores y los hijos inválidos. - (Opcional)', 0, 10, '2022-11-16 11:20:58'),
(36, 7, 'Respecto de los padres', 'acreditar_parentesco_con_registro_civil_nacimiento_autentico_afiliado_fallecido', 'Acreditar parentesco con el registro civil de nacimiento auténtico del afiliado fallecido', 'Acreditar parentesco con el registro civil de nacimiento auténtico del afiliado fallecido', 10, 10, '2022-11-16 11:23:36'),
(37, 7, 'Respecto de los padres', 'documento_identidad_padres_solicitantes', 'Documento de identidad de los padres solicitantes', 'Documento de identidad de los padres solicitantes', 10, 10, '2022-11-16 11:23:36'),
(38, 7, 'Respecto de los padres', 'copia_autentica_registro_civil_nacimiento_causante', 'Copia auténtica del registro civil de nacimiento del causante', 'Copia auténtica del registro civil de nacimiento del causante', 10, 10, '2022-11-16 11:26:13'),
(39, 7, 'Respecto de los padres', 'pruebas_dependencia_economica_con_causante_sobre_fuente_ingresos', 'Pruebas de dependencia económica con el causante sobre la fuente de sus ingresos', 'Pruebas de dependencia económica con el causante y además la manifestación escrita bajo la gravedad del juramento que se entiende prestado con la firma, sobre la fuente de sus ingresos para acreditar la dependencia económica del causante al momento de su muerte.', 10, 10, '2022-11-16 11:26:13'),
(40, 7, 'Respecto de los hermanos invalidos y hermanos menores de edad (huerfanos)', 'documento_identidad_solicitantes', 'Documento de identidad de los solicitantes', 'Documento de identidad de los solicitantes', 10, 10, '2022-11-16 11:27:54'),
(41, 7, 'Respecto de los hermanos invalidos y hermanos menores de edad (huerfanos)', 'pruebas_dependencia_economica_con_causante', 'Pruebas de dependencia económica con el causante', 'Pruebas de dependencia económica con el causante y además la manifestación escrita bajo la gravedad del juramento que se entiende prestado con la firma, sobre la fuente de sus ingresos para acreditar la dependencia económica del causante al momento de su muerte.', 10, 10, '2022-11-16 11:27:54'),
(42, 7, 'Respecto de los hermanos invalidos y hermanos menores de edad (huerfanos)', 'acreditar_parentesco_registro_civil_nacimiento_autentico_afiliado_fallecido_y_solicitante', 'Acreditar parentesco con el registro civil de nacimiento auténtico del afiliado fallecido y del solicitante', 'Acreditar parentesco con el registro civil de nacimiento auténtico del afiliado fallecido y del solicitante', 10, 10, '2022-11-16 11:30:44'),
(43, 7, 'Respecto de los hermanos invalidos y hermanos menores de edad (huerfanos)', 'dictamen_medico_laboral_emitido_por_junta_regional_calificacion_invalidez', 'Dictamen médico laboral emitido por la Junta Regional de Calificación de invalidez', 'Dictamen médico laboral emitido por la Junta Regional de Calificación de invalidez o la Junta Nacional de invalidez según el caso.', 10, 10, '2022-11-16 11:30:44'),
(44, 8, 'Generales', 'documento_identidad_solicitante_y_causante', 'Documento de identidad del solicitante y del causante', 'Documento de identidad del solicitante y del causante', 10, 10, '2022-11-16 11:49:33'),
(45, 8, 'Generales', 'certificados_tiempo_laborados_cetil_caso_tramitar_pension_sobreviviente', 'Certificados de tiempo laborados Cetil en caso de tramitar la pensión de sobreviviente', 'Certificados de tiempo laborados Cetil en caso de tramitar la pensión de sobreviviente', 10, 10, '2022-11-16 11:49:33'),
(46, 8, 'Generales', 'registro_civil_defuncion', 'Registro Civil de Defunción (Auténtico y con una vigencia no mayor a 3 meses)', 'Registro Civil de Defunción (Auténtico y con una vigencia no mayor a 3 meses)', 10, 10, '2022-11-16 11:51:20'),
(47, 8, 'Generales', 'manifestacion_escrita_no_tramitar_pension_ni_otra_prestacion', 'Manifestación escrita de no tramitar pensión, ni otra prestación', 'Manifestación escrita de no tramitar pensión, ni otra prestación', 10, 10, '2022-11-16 11:51:20'),
(48, 8, 'Generales', 'providencia_autentica_designacion_y_posesion', 'Providencia autentica de designación y posesión', 'En el evento de tratarse de un beneficiario inválido, que requiera personas de apoyo, de acuerdo con lo señalado en la Ley 1996 de 2019, debe allegar la providencia autentica de designación y posesión', 10, 10, '2022-11-16 11:53:44'),
(49, 8, 'Respecto de conyuge o compañera (o) permanente', 'registro_civil_matrimonio_con_notas_marginales', 'Registro Civil de Matrimonio CON NOTAS MARGINALES', 'Registro Civil de Matrimonio CON NOTAS MARGINALES (Auténtico y con una vigencia no mayor a 3 meses)', 10, 10, '2022-11-16 11:53:44'),
(50, 8, 'Respecto de conyuge o compañera (o) permanente', 'registro_civil_nacimiento_solicitante', 'Registro Civil de Nacimiento del solicitante', 'Registro Civil de Nacimiento del solicitante (Auténtico y con una vigencia no mayor a 3 meses y con notas marginales)', 10, 10, '2022-11-16 11:56:07'),
(51, 8, 'Respecto de conyuge o compañera (o) permanente', 'declaracion_juramentada_convivencia_cinco_anios_anteriores_muerte_causante', 'Declaración juramentada de convivencia cinco años anteriores a la muerte del causante', 'Tanto para la cónyuge como para compañera permanente, deberá aportar declaración juramentada de convivencia cinco años anteriores a la muerte del causante, manifestando los extremos temporales de la convivencia.', 10, 10, '2022-11-16 11:56:07'),
(52, 8, 'Respecto de conyuge o compañera (o) permanente', 'contratos_declaraciones_renta_titulos_propiedad_bienes_inmuebles_certificaciones_beneficiarios', 'Contratos, declaraciones de renta, títulos de propiedad de bienes muebles e inmuebles, certificación de la EPS sobre los beneficiarios', 'En aras de probar la convivencia deberá adjuntar las pruebas que considere pertinentes tales como: contratos, declaraciones de renta, títulos de propiedad de bienes muebles e inmuebles, certificación de la EPS sobre los beneficiarios, certificación de obligaciones comerciales y civiles mutuas, certificaciones bancarias de manejo de cuentas de manera conjunta y demás documentos que la Ley considere que sirven como prueba', 10, 10, '2022-11-16 12:39:46'),
(53, 8, 'Respecto de los hijos', 'registro_civil_nacimiento_hijos', 'Registro Civil de Nacimiento de los hijos', 'Registro Civil de Nacimiento de los hijos (Auténtico y con una vigencia no mayor a 3 meses)', 10, 10, '2022-11-16 12:39:46'),
(54, 8, 'Respecto de los hijos', 'documento_identidad', 'Documento de identidad', 'Documento de identidad', 10, 10, '2022-11-16 12:41:58'),
(55, 8, 'Respecto de los hijos', 'certificado_estudios', 'Certificado de estudios', 'Certificado de estudios: Para los hijos mayores de 18 años y hasta los 25 años incapacitados para trabajar por razón de sus estudios, en consideración a lo contemplado en la Ley 1574 de 2012, donde se detalle la aprobación del establecimiento educativo por parte del Ministerio de Educación Nacional, el tipo de educación impartida, junto con la manifestación escrita que con la firma se entiende bajo la gravedad de juramento en la cual se establezca la dependencia económica del causante al momento de su muerte. - (Opcional)', 0, 10, '2022-11-16 12:41:58'),
(56, 8, 'Respecto de los hijos', 'dictamen_medico_laboral_emitido_junta_regional_o_nacional_calificacion_invalidez', 'Dictamen médico laboral emitido por la Junta Regional o Nacional de Calificación de invalidez', 'Para los hijos inválidos: dictamen médico laboral emitido por la Junta Regional o Nacional de Calificación de invalidez, si se cuenta con este, sino deberá solicitar previamente la calificación de pérdida de capacidad laboral ante Fonprecon adjuntando: Documento de identidad, Declaración del domicilio y Historia clínica actualizada', 10, 10, '2022-11-16 12:44:38'),
(57, 8, 'Respecto de los hijos', 'declaracion_dependencia_economica_debera_aportada_por_hijos_mayores_y_hijos_invalidos', 'Declaración de dependencia económica deberá ser aportada por los hijos mayores y los hijos inválidos', 'Declaración de dependencia económica deberá ser aportada por los hijos mayores y los hijos inválidos. - (Opcional)', 0, 10, '2022-11-16 12:44:38'),
(58, 8, 'Respecto de los padres', 'acreditar_parentesco_con_registro_civil_nacimiento_autentico_afiliado_fallecido', 'Acreditar parentesco con el registro civil de nacimiento auténtico del afiliado fallecido', 'Acreditar parentesco con el registro civil de nacimiento auténtico del afiliado fallecido', 10, 10, '2022-11-16 12:47:23'),
(59, 8, 'Respecto de los padres', 'documento_identidad_padres_solicitantes', 'Documento de identidad de los padres solicitantes', 'Documento de identidad de los padres solicitantes', 10, 10, '2022-11-16 12:47:23'),
(60, 8, 'Respecto de los padres', 'copia_autentica_registro_civil_nacimiento_causante', 'Copia auténtica del registro civil de nacimiento del causante', 'Copia auténtica del registro civil de nacimiento del causante', 10, 10, '2022-11-16 12:49:24'),
(61, 8, 'Respecto de los padres', 'pruebas_dependencia_economica_causante_sobre_fuente_ingresos', 'Pruebas de dependencia económica con el causante sobre la fuente de sus ingresos', 'Pruebas de dependencia económica con el causante y además la manifestación escrita bajo la gravedad del juramento que se entiende prestado con la firma, sobre la fuente de sus ingresos para acreditar la dependencia económica del causante al momento de su muerte.', 10, 10, '2022-11-16 12:49:24'),
(62, 8, 'Respecto de los hermanos invalidos y hermanos menores de edad (huerfanos)', 'documento_identidad_solicitantes', 'Documento de identidad de los solicitantes', 'Documento de identidad de los solicitantes', 10, 10, '2022-11-16 12:54:16'),
(63, 8, 'Respecto de los hermanos invalidos y hermanos menores de edad (huerfanos)', 'pruebas_dependencia_economica_causante_sobre_fuente_ingresos', 'Pruebas de dependencia económica con el causante sobre la fuente de sus ingresos', 'Pruebas de dependencia económica con el causante y además la manifestación escrita bajo la gravedad del juramento que se entiende prestado con la firma, sobre la fuente de sus ingresos para acreditar la dependencia económica del causante al momento de su muerte.', 10, 10, '2022-11-16 12:54:16'),
(64, 8, 'Respecto de los hermanos invalidos y hermanos menores de edad (huerfanos)', 'acreditar_parentesco_con_registro_civil_nacimiento_autentico_afiliado_fallecido_y_solicitante', 'Acreditar parentesco con el registro civil de nacimiento auténtico del afiliado fallecido y del solicitante', 'Acreditar parentesco con el registro civil de nacimiento auténtico del afiliado fallecido y del solicitante', 10, 10, '2022-11-16 12:57:33'),
(65, 8, 'Respecto de los hermanos invalidos y hermanos menores de edad (huerfanos)', 'dictamen_medico_laboral_emitido_por_junta_regional_calificacion_invalidez_o_junta_nacional', 'Dictamen médico laboral emitido por la Junta Regional de Calificación de invalidez o la Junta Nacional', 'Dictamen médico laboral emitido por la Junta Regional de Calificación de invalidez o la Junta Nacional de invalidez según el caso.', 10, 10, '2022-11-16 12:57:33'),
(66, 11, '', 'certificado_de_tiempo_servicio_cetil_emitido_empleador', 'Certificado de tiempo de servicio CETIL emitido por el empleador', 'Certificado de tiempo de servicio CETIL emitido por el empleador', 10, 10, '2022-11-16 13:49:44'),
(67, 11, '', 'copia_autentica_registro_civil_nacimiento', 'Copia autentica del Registro Civil de nacimiento', 'Copia autentica del Registro Civil de nacimiento si nació después del 15 de junio de 1938, o partida eclesiástica de bautismo, si nació antes del 15 de junio de 1938.', 10, 10, '2022-11-16 13:49:44'),
(68, 11, '', 'manifestacion_escrita_en_la_cual_indique_no_encuentra_afiliado_a_otra_administradora_pensiones', 'Manifestación escrita en la cual se indique que no se encuentra afiliado a otra Administradora de pensiones', 'Manifestación escrita que se entenderá rendida bajo la gravedad del juramento con la imposición de la firma, en la cual se indique que no se encuentra afiliado a otra Administradora de pensiones, que no tramita pensión en ninguna otra Entidad, que no recibe suma alguna del Tesoro Nacional por concepto de pensión, ni ha tramitado ningún tipo de prestación económica, devolución de aportes o indemnización sustitutiva que sea incompatible con el trámite de la pensión de jubilación o vejez que reclama.', 10, 10, '2022-11-16 13:53:22'),
(69, 11, '', 'manifestacion_escrita_imposibilidad_continuar_cotizando_sistema_general_pensiones', 'Manifestación escrita de imposibilidad de continuar cotizando al sistema general de pensiones', 'Manifestación escrita de imposibilidad de continuar cotizando al sistema general de pensiones', 10, 10, '2022-11-16 13:53:22'),
(70, 11, '', 'certificado_cetil_emitidos_por_empleador', 'Certificados CETIL emitidos por el empleador', 'Certificados CETIL emitidos por el empleador, donde se indique la fecha de ingreso, fecha de retiro, cargos desempeñados y licencias no remuneradas, los factores salariales y los descuentos efectuados con destino a la entidad de previsión social.', 10, 10, '2022-11-16 13:54:16'),
(71, 12, '', 'original_copia_autentica_dictamen_medico_emitido_por_junta_regional_invalidez', 'Original o copia auténtica del Dictamen médico emitido por la Junta Regional de Invalidez', 'Original o copia auténtica del Dictamen médico emitido por la Junta Regional de Invalidez debidamente ejecutoriado y del Dictamen emitido por la Junta Nacional de Calificación de invalidez si se interpuso recurso. (art. 25 Decreto 019 de 2012).', 10, 10, '2022-11-16 14:02:50'),
(72, 12, '', 'certificacion_expedida_por_eps_estuvo_o_esta_afiliado_asegurado', 'Certificación expedida por la EPS a la cual estuvo o está afiliado el asegurado', 'Certificación expedida por la EPS a la cual estuvo o está afiliado el asegurado con posterioridad a la fecha de estructuración de la invalidez, en la que conste si se concedieron o no subsidios por incapacidad temporal con posterioridad a la fecha de estructuración de la invalidez. En el evento de haberse reconocido subsidios, la certificación deberá especificar las fechas de inicio y vencimiento de cada uno de ellos.', 10, 10, '2022-11-16 14:02:50'),
(73, 12, '', 'copia_autentica_sentencia_designe_persona_apoyo_conforme_establecido_Ley_1996_de_2019', 'Copia auténtica de la sentencia que designe a la persona de apoyo conforme a lo establecido en la Ley 1996 de 2019.', 'Copia auténtica de la sentencia que designe a la persona de apoyo conforme a lo establecido en la Ley 1996 de 2019.', 10, 10, '2022-11-16 14:04:47'),
(74, 12, '', 'certificados_cetil_emitidos_empleador', 'Certificados CETIL emitidos por el empleador', 'Certificados CETIL emitidos por el empleador, donde se indique la fecha de ingreso, fecha de retiro, cargos desempeñados y licencias no remuneradas, los factores salariales y los descuentos efectuados con destino a la entidad de previsión social.', 10, 10, '2022-11-16 14:04:47'),
(75, 12, '', 'fotocopia_cedula_ciudadania_solicitante', 'Fotocopia de la cédula de ciudadanía del solicitante', 'Fotocopia de la cédula de ciudadanía del solicitante', 10, 10, '2022-11-16 14:05:44'),
(76, 13, 'Generales', 'documento_identidad_solicitante_y_causante', 'Documento de identidad del solicitante y del causante', 'Documento de identidad del solicitante y del causante', 10, 10, '2022-11-16 14:20:03'),
(77, 13, 'Generales', 'certificados_tiempo_laborados_cetil_caso_tramitar_pension_sobreviviente', 'Certificados de tiempo laborados Cetil en caso de tramitar la pensión de sobreviviente', 'Certificados de tiempo laborados Cetil en caso de tramitar la pensión de sobreviviente', 10, 10, '2022-11-16 14:20:03'),
(78, 13, 'Generales', 'registro_civil_Defunción', 'Registro Civil de Defunción', 'Registro Civil de Defunción (Auténtico y con una vigencia no mayor a 3 meses)', 10, 10, '2022-11-16 14:22:19'),
(79, 13, 'Generales', 'manifestacion_escrita_no_tramitar_pension_ni_otra_prestacion', 'Manifestación escrita de no tramitar pensión, ni otra prestación', 'Manifestación escrita de no tramitar pensión, ni otra prestación', 10, 10, '2022-11-16 14:22:19'),
(80, 13, 'Generales', 'providencia_autentica_designacion_y_posesion', 'Providencia autentica de designación y posesión', 'En el evento de tratarse de un beneficiario invalido, que requiera personas de apoyo, de acuerdo con lo señalado en la Ley 1996 de 2019, debe allegar la providencia autentica de designación y posesión.', 10, 10, '2022-11-16 14:24:41'),
(81, 13, 'Respecto de conyuge o compañera (o) permanente', 'registro_civil_matrimonio_con_notas_marginales', 'Registro Civil de Matrimonio CON NOTAS MARGINALES', 'Registro Civil de Matrimonio CON NOTAS MARGINALES (Auténtico y con una vigencia no mayor a 3 meses)', 10, 10, '2022-11-16 14:24:41'),
(82, 13, 'Respecto de conyuge o compañera (o) permanente', 'registro_civil_nacimiento_solicitante', 'Registro Civil de Nacimiento del solicitante', 'Registro Civil de Nacimiento del solicitante (Auténtico y con una vigencia no mayor a 3 meses y con notas marginales)', 10, 10, '2022-11-16 14:27:14'),
(83, 13, 'Respecto de conyuge o compañera (o) permanente', 'declaracion_juramentada_convivencia_cinco_anios_anteriores_muerte_causante', 'Declaración juramentada de convivencia cinco años anteriores a la muerte del causante', 'Tanto para la cónyuge como para compañera permanente, deberá aportar declaración juramentada de convivencia cinco años anteriores a la muerte del causante, manifestando los extremos temporales de la convivencia.', 10, 10, '2022-11-16 14:27:14'),
(84, 13, 'Respecto de conyuge o compañera (o) permanente', 'contratos_declaraciones_renta_titulos_propiedad_bienes_inmuebles_certificaciones_beneficiarios', 'Contratos, declaraciones de renta, títulos de propiedad de bienes muebles e inmuebles, certificación de la EPS sobre los beneficiarios', 'En aras de probar la convivencia deberá adjuntar las pruebas que considere pertinentes tales como: contratos, declaraciones de renta, títulos de propiedad de bienes muebles e inmuebles, certificación de la EPS sobre los beneficiarios, certificación de obligaciones comerciales y civiles mutuas, certificaciones bancarias de manejo de cuentas de manera conjunta y demás documentos que la Ley considere que sirven como prueba.', 10, 10, '2022-11-16 14:29:19'),
(85, 13, 'Respecto de los hijos', 'registro_civil_nacimiento_hijos', 'Registro Civil de Nacimiento de los hijos', 'Registro Civil de Nacimiento de los hijos (Auténtico y con una vigencia no mayor a 3 meses)', 10, 10, '2022-11-16 14:29:19'),
(86, 13, 'Respecto de los hijos', 'documento_identidad', 'Documento de identidad', 'Documento de identidad', 10, 10, '2022-11-16 14:32:15'),
(87, 13, 'Respecto de los hijos', 'certificado_estudios', 'Certificado de estudios', 'Certificado de estudios: Para los hijos mayores de 18 años y hasta los 25 años incapacitados para trabajar por razón de sus estudios, en consideración a lo contemplado en la Ley 1574 de 2012, donde se detalle la aprobación del establecimiento educativo por parte del Ministerio de Educación Nacional, el tipo de educación impartida, junto con la manifestación escrita que con la firma se entiende bajo la gravedad de juramento en la cual se establezca la dependencia económica del causante al momento de su muerte.', 10, 10, '2022-11-16 14:32:15'),
(88, 13, 'Respecto de los hijos', 'dictamen_medico_laboral_emitido_por_junta_regional_o_nacional_calificacion_invalidez', 'Dictamen médico laboral emitido por la Junta Regional o Nacional de Calificación de invalidez', 'Para los hijos inválidos: dictamen médico laboral emitido por la Junta Regional o Nacional de Calificación de invalidez, según el caso y copia auténtica de la sentencia de interdicción debidamente ejecutoriada y acta autenticada de posesión por parte del curador o representante legal del beneficiario, cuando lo requiera. (art. 25 Decreto 019 de 2012).', 10, 10, '2022-11-16 14:35:00'),
(89, 13, 'Respecto de los hijos', 'declaracion_dependencia_económica_debera_ser_aportada_hijos_mayores_hijos_invalidos', 'Declaración de dependencia económica deberá ser aportada por los hijos mayores y los hijos inválidos.', 'Declaración de dependencia económica deberá ser aportada por los hijos mayores y los hijos inválidos.', 10, 10, '2022-11-16 14:35:00'),
(90, 13, 'Respecto de los padres', 'registro_civil_defuncion_fallecido', 'Registro civil de defunción del fallecido', 'Registro civil de defunción del fallecido', 10, 10, '2022-11-16 14:38:58'),
(91, 13, 'Respecto de los padres', 'documento_identidad_padres_solicitantes', 'Documento de identidad de los padres solicitantes', 'Documento de identidad de los padres solicitantes', 10, 10, '2022-11-16 14:38:58'),
(92, 13, 'Respecto de los padres', 'copia_autentica_registro_civil_nacimiento_causante', 'Copia auténtica del registro civil de nacimiento del causante', 'Copia auténtica del registro civil de nacimiento del causante', 10, 10, '2022-11-16 14:40:36'),
(93, 13, 'Respecto de los padres', 'pruebas_dependencia_economica_con_causante_sobre_fuente_ingresos', 'Pruebas de dependencia económica con el causante sobre la fuente de sus ingresos', 'Pruebas de dependencia económica con el causante y además la manifestación escrita bajo la gravedad del juramento que se entiende prestado con la firma, sobre la fuente de sus ingresos para acreditar la dependencia económica del causante al momento de su muerte.', 10, 10, '2022-11-16 14:40:36'),
(94, 13, 'Respecto de los hermanos invalidos y hermanos menores de edad (huerfanos)', 'registro_civil_defuncion_fallecido', 'Registro civil de defunción del fallecido', 'Registro civil de defunción del fallecido', 10, 10, '2022-11-16 14:42:41'),
(95, 13, 'Respecto de los hermanos invalidos y hermanos menores de edad (huerfanos)', 'documento_identidad_solicitantes', 'Documento de identidad de los solicitantes', 'Documento de identidad de los solicitantes', 10, 10, '2022-11-16 14:42:41'),
(96, 13, 'Respecto de los hermanos invalidos y hermanos menores de edad (huerfanos)', 'pruebas_dependencia_economica_con_causante_sobre_fuente_ingresos', 'Pruebas de dependencia económica con el causante sobre la fuente de sus ingresos', 'Pruebas de dependencia económica con el causante y además la manifestación escrita bajo la gravedad del juramento que se entiende prestado con la firma, sobre la fuente de sus ingresos para acreditar la dependencia económica del causante al momento de su muerte.', 10, 10, '2022-11-16 14:44:42'),
(97, 13, 'Respecto de los hermanos invalidos y hermanos menores de edad (huerfanos)', 'acreditar_parentesco_registro_civil_nacimiento_autentico', 'Acreditar parentesco con el registro civil de nacimiento auténtico', 'Acreditar parentesco con el registro civil de nacimiento auténtico', 10, 10, '2022-11-16 14:44:42'),
(98, 13, 'Respecto de los hermanos invalidos y hermanos menores de edad (huerfanos)', 'dictamen_medico_laboral_emitido_por_junta_regional_calificacion_invalidez_o_junta_nacional', 'Dictamen médico laboral emitido por la Junta Regional de Calificación de invalidez o la Junta Nacional de invalidez según el caso', 'Dictamen médico laboral emitido por la Junta Regional de Calificación de invalidez o la Junta Nacional de invalidez según el caso', 10, 10, '2022-11-16 14:45:58'),
(99, 14, 'Definitivas', 'certificacion_bancaria_indicando_numero_cuenta_solicitante', 'Certificación bancaria indicando el número de la cuenta del solicitante', 'Certificación bancaria indicando el número de la cuenta del solicitante, especificando si es ahorro o corriente. También son válidos los certificados que las entidades bancarias les generan a sus usuarios vía página web y que cumplan con las características mencionadas anteriormente.', 10, 10, '2022-11-16 14:53:10'),
(100, 14, 'Definitivas', 'acto_administrativo_retiro_definitivo_servicio', 'Acto administrativo de retiro definitivo del servicio', 'Acto administrativo de retiro definitivo del servicio', 10, 10, '2022-11-16 14:53:10'),
(101, 14, 'Definitivas', 'fotocopia_cedula_ciudadania', 'Fotocopia de la cédula de ciudadanía', 'Fotocopia de la cédula de ciudadanía', 10, 10, '2022-11-16 14:55:37'),
(102, 14, 'Para traslado de cesantías al Fondo Nacional del Ahorro', 'certificado_original_expedido_oficina_registro_y_control_empleador', 'Certificado Original expedido por la Oficina de Registro y control del empleador', 'Certificado Original expedido por la Oficina de Registro y control del empleador indicando a partir de qué fecha se trasladaron las doceavas de las cesantías al Fondo Nacional del Ahorro. Con fecha de expedición no mayor a 2 meses.', 10, 10, '2022-11-16 14:55:37'),
(103, 14, 'Para traslado de cesantías al Fondo Nacional del Ahorro', 'fotocopia_formulario_afiliacion_fondo_nacional_Ahorro', 'Fotocopia de formulario de afiliación al Fondo Nacional de Ahorro', 'Fotocopia de formulario de afiliación al Fondo Nacional de Ahorro', 10, 10, '2022-11-16 14:56:57'),
(104, 14, 'Para traslado de cesantías al Fondo Nacional del Ahorro', 'fotocopia_cedula_ciudadania_solicitante', 'Fotocopia de la cédula de ciudadanía del solicitante', 'Fotocopia de la cédula de ciudadanía del solicitante', 10, 10, '2022-11-16 14:56:57'),
(105, 14, 'Para adquisición de vivienda', 'contrato_promesa_compraventa', 'Contrato de promesa de compraventa', 'Contrato de promesa de compraventa', 10, 10, '2022-11-16 14:59:34'),
(106, 14, 'Para adquisición de vivienda', 'certificacion_bancaria_indicando_numero_cuenta_solicitante', 'Certificación bancaria indicando el número de la cuenta del solicitante', 'Certificación bancaria indicando el número de la cuenta del solicitante, especificando si es ahorro o corriente. También son válidos los certificados que las entidades bancarias les generan a sus usuarios vía página web y que cumplan con las características mencionadas anteriormente.', 10, 10, '2022-11-16 14:59:34'),
(107, 14, 'Para adquisición de vivienda', 'fotocopia_cedula_ciudadania_solicitante', 'Fotocopia de la cédula de ciudadanía del solicitante', 'Fotocopia de la cédula de ciudadanía del solicitante', 10, 10, '2022-11-16 15:08:09'),
(108, 14, 'Para reparación, ampliación y mejora de vivienda', 'contrato_obra', 'Contrato de obra', 'Contrato de obra: el cual debe especificar la obra a realizar y el respectivo presupuesto detallado.', 10, 10, '2022-11-16 15:08:09'),
(109, 14, 'Para reparación, ampliación y mejora de vivienda', 'certificacion_bancaria_indicando_numero_cuenta_solicitante', 'Certificación bancaria indicando el número de la cuenta del solicitante', 'Certificación bancaria indicando el número de la cuenta del solicitante, especificando si es ahorro o corriente. También son válidos los certificados que las entidades bancarias les generan a sus usuarios vía página web y que cumplan con las características.', 10, 10, '2022-11-16 15:10:39'),
(110, 14, 'Para reparación, ampliación y mejora de vivienda', 'registro_civil_matrimonio_autentico_o_escritura_declaracion_union_marital_hecho', 'Registro civil de matrimonio Autentico o Escritura de declaración de la unión marital de hecho', 'Registro civil de matrimonio Autentico o Escritura de declaración de la unión marital de hecho: en el evento en que inmueble será de propiedad del cónyuge o compañero (a) permanente', 10, 10, '2022-11-16 15:10:39'),
(111, 14, 'Para reparación, ampliación y mejora de vivienda', 'fotocopia_cedula_ciudadania_solicitante', 'Fotocopia de la cédula de ciudadanía del solicitante', 'Fotocopia de la cédula de ciudadanía del solicitante', 10, 10, '2022-11-16 15:11:57'),
(112, 14, 'Para amortización o cancelación de hipoteca', 'formulario_solicitud_cesantias', 'Formulario de solicitud de cesantías', 'Formulario de solicitud de cesantías', 10, 10, '2022-11-16 15:11:57'),
(113, 14, 'Para amortización o cancelación de hipoteca', 'certificacion_entidad_financiera_que_contenga_informacion_del_credito', 'Certificación de la entidad financiera que contenga la información sobre el crédito', 'Certificación de la entidad financiera que contenga la información sobre el crédito (titular,identificación de la obligación y saldo actualizado) con fecha de expedición no mayor a un mes.', 10, 10, '2022-11-16 15:15:42'),
(114, 14, 'Para amortización o cancelación de hipoteca', 'certificacion_bancaria_indicando_numero_cuenta_solicitante', 'Certificación bancaria indicando el número de la cuenta del solicitante', 'Certificación bancaria indicando el número de la cuenta del solicitante, especificando si es ahorro o corriente. También son válidos los certificados que las entidades bancarias les generan a sus usuarios vía página web y que cumplan con las características.', 10, 10, '2022-11-16 15:15:42'),
(115, 14, 'Para amortización o cancelación de hipoteca', 'fotocopia_cedula_ciudadania_solicitante', 'Fotocopia cédula de ciudadanía del solicitante', 'Fotocopia cédula de ciudadanía del solicitante', 10, 10, '2022-11-16 15:17:46'),
(116, 14, 'Para construcción de vivienda', 'contrato_construccion_certificacion_original_constructora', 'Contrato de construcción o certificación original de constructora', 'Contrato de construcción o certificación original de constructora, el cual debe especificar la construcción a ejecutar o el respectivo presupuesto detallado.', 10, 10, '2022-11-16 15:17:46'),
(117, 14, 'Para construcción de vivienda', 'cedula_ciudadania_arquitecto_ingeniero_civil_o_maestro_construcción', 'Cédula de ciudadanía del arquitecto, ingeniero civil o maestro de construcción', 'Cédula de ciudadanía del arquitecto, ingeniero civil o maestro de construcción', 10, 10, '2022-11-16 15:24:09'),
(118, 14, 'Para construcción de vivienda', 'matricula_o_licencia_arquitecto_ingeniero_civil_o_maestro_construccion', 'Matricula o licencia del arquitecto, ingeniero civil o maestro de construcción', 'Matricula o licencia del arquitecto, ingeniero civil o maestro de construcción', 10, 10, '2022-11-16 15:24:09'),
(119, 14, 'Para construcción de vivienda', 'fotocopia_cedula_de_ciudadania_solicitante', 'Fotocopia de la cédula de ciudadanía del solicitante', 'Fotocopia de la cédula de ciudadanía del solicitante', 10, 10, '2022-11-16 15:24:09'),
(120, 14, 'Para estudios', 'orden_matricula_expedida_por_institucion_universidad_o_plantel_educativo', 'Orden de matrícula expedida por la institución, universidad o plantel educativo', 'Orden de matrícula expedida por la institución, universidad o plantel educativo, en la que se indique el nombre del estudiante, valor de la matricula, pensión, semestre o deuda general por estos conceptos.', 10, 10, '2022-11-16 15:34:27'),
(121, 14, 'Para estudios', 'registro_civil_autentico_matrimonio_o_escritura_declaracion_union_marital_hecho', 'Registro civil autentico de matrimonio o Escritura de declaración de la unión marital de hecho', 'Registro civil autentico de matrimonio o Escritura de declaración de la unión marital de hecho. - (Opcional)', 0, 10, '2022-11-16 15:34:27'),
(122, 14, 'Para estudios', 'registro_civil_autentico_de_nacimiento_de_los_hijos', 'Registro civil autentico de nacimiento de los hijos para probar parentesco', 'Registro civil autentico de nacimiento de los hijos para probar parentesco, en el caso que los estudios sean para los hijos - (Opcional)', 0, 10, '2022-11-16 15:34:27'),
(123, 14, 'Para estudios', 'certificacion_bancaria_indicando_numero_cuenta_solicitante', 'Certificación bancaria indicando el número de la cuenta del solicitante', 'Certificación bancaria indicando el número de la cuenta del solicitante, especificando si es ahorro o corriente. También son válidos los certificados que las entidades bancarias les generan a sus usuarios vía página web y que cumplan con las características.', 10, 10, '2022-11-16 15:34:27'),
(124, 14, 'Para estudios', 'fotocopia_cedula_ciudadania_solicitante', 'Fotocopia de la cédula de ciudadanía del solicitante', 'Fotocopia de la cédula de ciudadanía del solicitante', 10, 10, '2022-11-16 15:34:27'),
(125, 15, '', 'fotocopia_cedula_ciudadania_causante_y_solicitante', 'Fotocopia de la cédula de ciudadanía del causante y del solicitante', 'Fotocopia de la cédula de ciudadanía del causante y del solicitante', 10, 10, '2022-11-16 15:43:10'),
(126, 15, '', 'registro_civil_defuncion', 'Registro Civil de Defunción (Auténtico y con una vigencia no mayor a 3 meses)', 'Registro Civil de Defunción (Auténtico y con una vigencia no mayor a 3 meses)', 10, 10, '2022-11-16 15:43:10'),
(127, 15, '', 'factura_original', 'Factura en original', 'Factura en original, en la que se indique tanto los nombres e identificación del fallecido como de la persona que cancelo la factura con la descripción de los servicios prestados con su respectiva fecha o certificación que acredite que se prestó y pagó el servicio a través de contrato pre exequial, donde se indique el nombre del titular y el beneficiario, así como los gastos y servicios funerarios prestados dentro del mismo.', 10, 10, '2022-11-16 15:43:10'),
(128, 15, '', 'certificacion_bancaria_indicando_numero_cuenta_solicitante', 'Certificación bancaria indicando el número de la cuenta del solicitante', 'Certificación bancaria indicando el número de la cuenta del solicitante, especificando si es ahorro o corriente. También son válidos los certificados que las entidades bancarias les generan a sus usuarios vía página web y que cumplan con las características.', 10, 10, '2022-11-16 15:43:10'),
(129, 4, '', 'cedula_ciudadania', 'Cédula de ciudadanía', 'Cédula de ciudadanía', 10, 10, '2022-11-16 15:51:45'),
(130, 4, '', 'solicitud_reliquidacion_pension', 'Solicitud de reliquidación de la pensión', 'Solicitud de reliquidación de la pensión', 10, 10, '2022-11-16 15:51:45'),
(131, 4, '', 'certificados_laborales_tiempos_servicio_y_factores_salariales_formato_cetil', 'Certificados laborales de tiempos de servicio y factores salariales en formato CETIL', 'Certificados laborales de tiempos de servicio y factores salariales en formato CETIL', 10, 10, '2022-11-16 15:51:45'),
(132, 5, '', 'certificacion_bancaria', 'Certificación bancaria', 'Certificación bancaria', 10, 10, '2022-11-16 15:54:48'),
(133, 5, '', 'formulario_afiliacion_eps_calidad_pensionado_cotizante', 'Formulario de afiliación de la EPS en calidad de pensionado cotizante', 'Formulario de afiliación de la EPS en calidad de pensionado cotizante', 10, 10, '2022-11-16 15:54:48'),
(134, 5, '', 'acto_administrativo_desvinculacion_servicio', 'Acto Administrativo de desvinculación del servicio', 'Acto Administrativo de desvinculación del servicio', 10, 10, '2022-11-16 15:54:48'),
(135, 9, '', 'cedula_ciudadania', 'Cédula de ciudadanía', 'Cédula de ciudadanía', 10, 10, '2022-11-16 15:58:04'),
(136, 9, '', 'solicitud_acrecimiento_titular_derecho_pensional', 'Solicitud de acrecimiento del titular del derecho pensional', 'Solicitud de acrecimiento del titular del derecho pensional', 10, 10, '2022-11-16 15:58:04'),
(137, 10, '', 'cedula_ciudadania', 'Cédula de ciudadanía', 'Cédula de ciudadanía', 10, 10, '2022-11-16 16:01:23'),
(138, 10, '', 'copia_autentica_sentencia_aprobatoria_particion_y_adjudicacion', 'Copia auténtica de la sentencia aprobatoria de la partición y adjudicación', 'Copia auténtica de la sentencia aprobatoria de la partición y adjudicación', 10, 10, '2022-11-16 16:01:23'),
(139, 10, '', 'copia_autentica_registro_civil_Nacimiento', 'Copia autentica de Registro Civil de Nacimiento', 'Copia autentica de Registro Civil de Nacimiento', 10, 10, '2022-11-16 16:01:23'),
(140, 16, '', 'cedula_ciudadania', 'Cédula de ciudadanía', 'Cédula de ciudadanía', 10, 10, '2022-11-16 16:05:27'),
(141, 16, '', 'copia_autentica_fallos_judiciales_objeto_cumplimiento_con_respectiva_constancia_ejecutoria', 'Copia auténtica de los fallos judiciales objeto del cumplimiento con la respectiva constancia de ejecutoria', 'Copia auténtica de los fallos judiciales objeto del cumplimiento con la respectiva constancia de ejecutoria', 10, 10, '2022-11-16 16:05:27'),
(142, 16, '', 'poder_original_debidamente_conferido_por_beneficiario', 'Poder en original debidamente conferido por el beneficiario', 'Poder en original debidamente conferido por el beneficiario', 10, 10, '2022-11-16 16:05:27'),
(143, 2, '', 'cedula_ciudadania', 'Cédula de ciudadanía', 'Cédula de ciudadanía', 10, 10, '2022-11-24 13:16:42'),
(144, 2, '', 'copia_autentica_registro_civil_nacimiento', 'Copia autentica del Registro Civil de Nacimiento', 'Copia autentica del Registro Civil de Nacimiento si nació después del 15 de junio de 1938 o partida eclesiástica de bautismo, si nació antes del 15 de junio de 1938 y con una vigencia no mayor a tres meses.', 10, 10, '2022-11-24 13:16:42'),
(145, 2, '', 'manifestacion_escrita_firmada_no_tramitar_pension', 'Manifestación escrita y firmada de no tramitar pensión, ni otra prestación', 'Manifestación escrita y firmada de no tramitar pensión, ni otra prestación', 10, 10, '2022-11-24 13:18:58'),
(146, 2, '', 'certificados_cetil', 'Certificados CETIL', 'Certificados CETIL emitidos por el empleador, donde se indique la fecha de ingreso, fecha de retiro, cargos desempeñados y licencias no remuneradas, los factores salariales y los descuentos efectuados con destino a la entidad de previsión social.', 10, 10, '2022-11-24 13:18:58'),
(147, 2, '', 'autorizacion_escrita_poder', 'Autorización Escrita y/o Poder especial', 'En caso de comparecer con autorizado este deberá allegar autorización escrita. En caso de actuar a través de apoderado, éste deberá radicar además del Poder especial, amplio y suficiente copia de su C.C. y Tarjeta Profesional. - (Opcional)', 10, 10, '2022-11-24 13:20:54');

--
-- Volcado de datos para la tabla `cgGeneral`
--

INSERT INTO `cgGeneral` (`idCgGeneral`, `tamanoArchivoCgGeneral`, `diasLimiteCgGeneral`, `correoNotificadorAdminCgGeneral`, `correoNotificadorPqrsCgGeneral`, `diasNotificacionCgGeneral`, `terminoCondicionCgGeneral`, `diaRespuestaPqrsCgGeneral`, `idDependenciaPqrsCgGeneral`, `estadoCgGeneral`, `creacionCgGeneral`, `tiempoInactividadCgGeneral`, `iniConsClienteCgGeneral`, `resolucionesCgGeneral`, `resolucionesIdCgGeneral`, `resolucionesNameCgGeneral`, `codDepePrestaEconomicasCgGeneral`, `idPrestaPazYsalvoCgGeneral`) VALUES
(1, '2', 60, 'xxxxx@xxxxxxxx.gov.co', 'xxxxx@xxxxxx.com', 2, 'El presente Aviso de Privacidad establece los términos y condiciones en virtud de los cuales el Fondo de Previsión Social del Congreso de la República – FONPRECON, identificado con 899999734-7 con domicilio en la Carrera 10 No. 24-55, de la ciudad de Bogotá D.C., realizará el tratamiento de sus datos personales.\r\n\r\n<br><br>\r\n\r\n<b>1.TRATAMIENTO Y FINALIDAD:</b> El tratamiento que realizará el Fondo de Previsión Social del Congreso de la República – FONPRECON, con su información personal será el siguiente:\r\nLa recolección, almacenamiento, uso, circulación para el cumplimiento de los objetivos misionales, incluyendo estas operaciones:\r\n<br><br>\r\n\r\n- Efectuar las gestiones y dar cumplimiento al desarrollo de los objetivos misionales de la Entidad, en lo que tiene que ver la normatividad vigente en Colombia para las Administradoras de Pensiones y en particular para la administración del régimen de prima media con prestación definida, incluyendo cualquier requerimiento del Ministerio de Salud y Protección Social y otras entidades de regulación y control.\r\n<br>\r\n\r\n- Gestionar trámites (peticiones, solicitudes, quejas, reclamos).\r\n<br>\r\n\r\n- Efectuar encuestas de satisfacción respecto de los servicios ofrecidos por el Fondo de Previsión Social del Congreso de la República - FONPRECON.\r\n<br>\r\n\r\n- Suministrar información de contacto a cualquier tercero con el cual el Fondo de Previsión Social del Congreso de la República – FONPRECON, tenga un vínculo contractual para el desarrollo de actividades misionales o de apoyo.\r\n<br>\r\n\r\n- Contactar al Titular para realizar confirmación de datos personales, necesarios para la ejecución de una relación contractual o prestación del servicio.\r\nContactar al Titular para el envío de información de interés relacionada con la prestación del servicio.\r\n<br>\r\n\r\n- Dar cumplimiento a las obligaciones contraídas por el Fondo de Previsión Social del Congreso de la República – FONPRECON, con el Titular de la Información, con relación al pago de salarios, prestaciones sociales y demás retribuciones consagradas en el contrato de trabajo o según lo disponga la ley.\r\n<br>\r\n\r\n- Realizar invitaciones para estudios de mercado de proveedores.\r\n\r\n<br><br>\r\n\r\n<b>2. DERECHOS DEL TITULAR:</b> Como titular de sus datos personales Usted tiene derecho a:\r\n<br>\r\n\r\n(i) Acceder en forma gratuita a los datos proporcionados que hayan sido objeto de tratamiento.\r\n<br>\r\n\r\n(ii) Conocer, actualizar y rectificar su información frente a datos parciales, inexactos, incompletos, fraccionados, que induzcan a error, o a aquellos cuyo tratamiento esté prohibido o no haya sido autorizado.\r\n<br>\r\n\r\n(iii) Solicitar prueba de la autorización otorgada.\r\n<br>\r\n\r\n(iv) Presentar ante la Superintendencia de Industria y Comercio (SIC) quejas por infracciones a lo dispuesto en la normatividad vigente.\r\n<br>\r\n\r\n(v) Revocar la autorización y/o solicitar la supresión del dato, siempre que no exista un deber legal o contractual que impida eliminarlos.\r\n<br>\r\n\r\n(vi) Abstenerse de responder las preguntas sobre datos sensibles. Tendrá carácter facultativo las respuestas que versen sobre datos sensibles o sobre datos de las niñas y niños y adolescentes.\r\n\r\n<br><br>\r\n\r\n<b>3.MECANISMOS PARA CONOCER LA POLÍTICA DE TRATAMIENTO: </b> El Titular puede acceder a nuestra Política de Tratamiento de información, la cual se encuentra publicada en medio electrónico, en la página web de la Entidad en el siguiente enlace:', 5, 1, 10, '2020-10-01 00:00:00', 60, '7510', 10, 6, 'RESOLUCIONES', '400', 1972);

--
-- Volcado de datos para la tabla `cgGruposUsuarios`
--

INSERT INTO `cgGruposUsuarios` (`idCgGrupoUsuarios`, `nombreCgGrupoUsuarios`, `estadoCgGrupoUsuarios`, `creacionCgGrupoUsuarios`) VALUES
(1, 'grupo 1 editado', 0, '2021-11-29 19:29:50');

--
-- Volcado de datos para la tabla `cgHorarioLaboral`
--

INSERT INTO `cgHorarioLaboral` (`idCgHorarioLaboral`, `diaInicioCgHorarioLaboral`, `diaFinCgHorarioLaboral`, `horaInicioCgHorarioLaboral`, `horaFinCgHorarioLaboral`, `estadoCgHorarioLaboral`, `fechaCgHorarioLaboral`) VALUES
(1, 1, 5, '08:00:00', '17:00:00', 0, '2021-11-21 17:00:55'),
(2, 1, 0, '06:00:00', '20:00:00', 0, '2021-11-29 19:32:30'),
(3, 1, 5, '07:00:00', '05:14:00', 0, '2021-11-30 10:04:03'),
(4, 0, 3, '06:30:00', '10:30:00', 10, '2022-04-21 21:45:02');

--
-- Volcado de datos para la tabla `cgMediosRecepcion`
--

INSERT INTO `cgMediosRecepcion` (`idCgMedioRecepcion`, `nombreCgMedioRecepcion`, `estadoCgMedioRecepcion`, `creacionCgMedioRecepcion`) VALUES
(2, 'Ventanilla física', 10, '2020-03-26 00:00:00'),
(3, 'Correo físico', 10, '2020-04-07 00:00:00'),
(4, 'Ventanilla virtual', 10, '2020-04-07 00:00:00'),
(5, 'Portal Web', 10, '2020-04-07 00:00:00'),
(6, 'Sitios Web', 10, '2020-04-07 00:00:00'),
(7, 'Correos electrónicos', 10, '2020-04-07 00:00:00'),
(8, 'Telefónico', 10, '2020-04-07 00:00:00'),
(9, 'Asignación por sistema', 10, '2020-11-27 00:00:00');

--
-- Volcado de datos para la tabla `cgMotivosDevolucion`
--

INSERT INTO `cgMotivosDevolucion` (`idCgMotivoDevolucion`, `nombreCgMotivoDevolucion`, `estadoCgMotivoDevolucion`, `creacionCgMotivoDevolucion`) VALUES
(1, 'CASA DESOCUPADA', 10, '2020-05-07 00:00:00'),
(2, 'CAMBIO DE DOMICILIO USUARIO', 10, '2020-05-07 00:00:00'),
(3, 'CERRADO', 10, '2020-05-07 00:00:00'),
(4, 'DEVUELTO DE PORTERIA', 10, '2020-05-07 00:00:00'),
(5, 'DIRECCION DEFICIENTE', 10, '2020-05-07 00:00:00'),
(6, 'FALLECIDO', 10, '2020-05-07 00:00:00'),
(7, 'NO EXISTE NUMERO', 10, '2020-05-07 00:00:00'),
(8, 'NO RESIDE', 10, '2020-05-07 00:00:00'),
(9, 'NO RECLAMADO', 10, '2020-05-07 00:00:00'),
(10, 'NO EXISTE EMPRESA', 10, '2020-05-07 00:00:00'),
(11, 'ZONA DE ALTO RIESGO', 10, '2020-05-07 00:00:00'),
(12, 'SOBRE DESOCUPADO', 10, '2020-05-07 00:00:00'),
(13, 'FUERA PERIMETRO URBANO', 10, '2020-05-07 00:00:00'),
(14, 'ENVIADO A ADPOSTAL, CONTROL DE CALIDAD', 10, '2020-05-07 00:00:00'),
(15, 'SIN SELLO', 10, '2020-05-07 00:00:00'),
(16, 'DOCUMENTO MAL RADICADO', 10, '2020-05-07 00:00:00'),
(17, 'SOBREPASO TIEMPO DE ESPERA', 10, '2020-05-07 00:00:00'),
(18, 'SE TRASLADO', 10, '2020-05-07 00:00:00'),
(19, 'SE REALIZO MAS DE 2 VISITAS AL PREDIO', 10, '2021-07-23 08:16:47');

--
-- Volcado de datos para la tabla `cgNumeroRadicado`
--

INSERT INTO `cgNumeroRadicado` (`idCgNumeroRadicado`, `estructuraCgNumeroRadicado`, `longitudDependenciaCgNumeroRadicado`, `longitudConsecutivoCgNumeroRadicado`, `estadoCgNumeroRadicado`, `creacionCgNumeroRadicado`) VALUES
(1, 'anioDepeConsTipoRad', 3, 6, 10, '2020-04-03 04:33:22');

--
-- Volcado de datos para la tabla `cgPlantillaVariables`
--

INSERT INTO `cgPlantillaVariables` (`idCgPlantillaVariable`, `nombreCgPlantillaVariable`, `descripcionCgPlantillaVariable`, `estadoCgPlantillaVariable`, `creacionCgPlantillaVariable`) VALUES
(1, '${numeroRadicado}', 'Número Radicado', 10, '2020-06-05 00:00:00'),
(2, '${fechaRadicacion}', 'Fecha de Radicación', 10, '2020-06-05 00:00:00'),
(3, '${departamentoMunicipio}', 'Departamento y Municipio', 10, '2020-06-05 00:00:00'),
(5, '${remitente}', 'Remitente/Destinatario', 10, '2020-06-05 00:00:00'),
(6, '${direccion}', 'Dirección', 10, '2020-06-05 00:00:00'),
(7, '${asunto}', 'Asunto', 10, '2020-06-05 00:00:00'),
(8, '${fechaRespuesta}', 'Fecha de respuesta', 10, '2020-06-05 00:00:00'),
(9, '${nombreFirma}', 'Nombre de la persona que firma', 10, '2020-06-05 00:00:00'),
(10, '${firma}', 'Firma de la persona', 10, '2020-06-05 00:00:00'),
(11, '${cargo}', 'Cargo', 10, '2020-06-05 00:00:00'),
(12, '${usuarioCreador}', 'Proyectó (Persona que crea el documento)', 10, '2020-06-05 00:00:00'),
(13, '${voBoRadicado}', 'Reviso (Quien dio visto Bueno)', 10, '2020-06-05 00:00:00'),
(14, '${folios}', 'Anexos(Cantidad de anexos o folios)', 0, '2020-06-05 00:00:00'),
(15, '${copia}', 'Copia (a quien se informo)', 10, '2020-06-05 00:00:00'),
(16, '${email}', 'Correo Electrónico', 10, '2020-06-05 00:00:00'),
(18, '${dependenciaCreador}', 'Dependencia que lo creo', 10, '2020-06-05 00:00:00'),
(19, '${documento}', 'Nit o Documento Identificación', 10, '2020-06-05 00:00:00'),
(20, '${Username}', 'Username', 0, '2020-06-05 00:00:00'),
(21, '${telefono}', 'Teléfono', 10, '2020-06-05 00:00:00'),
(22, '${tipoPersona}', 'Tipo de Persona', 10, '2020-06-05 00:00:00'),
(23, '${tipoDocumental}', 'Tipo Documental', 10, '2020-06-05 00:00:00'),
(24, '${numeroExpediente}', 'Número expediente', 10, '2020-06-05 00:00:00'),
(25, '${nombreExpediente}', 'Nombre Expediente', 10, '2020-06-05 00:00:00'),
(26, '${serie}', 'Serie(Nombre)', 10, '2020-06-05 00:00:00'),
(27, '${subserie}', 'Subserie (Nombre) ', 0, '2020-06-05 00:00:00'),
(28, '${radicadoAsociado}', 'Radicados Asociados (Numero y Asunto)', 10, '2020-06-05 00:00:00'),
(29, '${medioRecepcion}', 'Medio Recepción', 10, '2020-06-05 00:00:00'),
(30, '${fechaVencimiento}', 'Fecha Vencimiento', 10, '2020-06-05 00:00:00'),
(31, '${usuarioTramitador}', 'Usuario Tramitador', 0, '2020-06-05 00:00:00'),
(32, '${dependenciaTramitador}', 'Dependencia Tramitador', 10, '2020-06-05 00:00:00'),
(33, '${numeroGuia}', 'Número de Guía', 10, '2020-06-05 00:00:00'),
(34, '${empresaMensajeria}', 'Empresa de Mensajería', 10, '2020-06-05 00:00:00'),
(35, '${usuarioSolicitudAnulacion}', 'usuario que hizo la solicitud de anulación', 10, '2020-06-05 00:00:00'),
(36, '${usuarioAnulacion}', 'usuario que anulo el radicado ', 10, '2020-06-05 00:00:00'),
(37, '${usuarioEnvioCorrespondencia}', 'usuario que envió (correspondencia) del radicado', 10, '2020-06-05 00:00:00'),
(38, '${tipoRadicado}', 'Tipo de Radicado', 10, '2020-06-05 00:00:00'),
(39, '${rutaElectronica}', 'Ruta electrónica(ubicación del documento en la bodega)', 0, '2020-06-05 00:00:00'),
(40, '${cantidadAnexos}', 'Cantidad de anexos del radicado', 10, '2021-04-26 15:52:48'),
(41, '${radicadoCodigoBarra}', 'Código de barras del radicado', 10, '2021-04-26 15:52:49'),
(42, '${codSerie}', 'Código de serie', 10, '2021-06-09 16:13:00'),
(43, '${codSubserie}', 'Código de subserie', 10, '2021-06-09 16:13:53'),
(44, '${codDependenciaCreador}', 'Código dependencia creadora', 10, '2021-06-09 16:14:41'),
(45, '${codDependenciaTramitador}', 'Código dependencia tramitadora', 10, '2021-06-09 16:14:53'),
(46, '${ciudadRegionalDepeUser}', 'Ciudad de la regional del usuario', 0, '2021-07-27 23:34:39'),
(47, '${numeroFactura}', 'Numero de factura', 10, '2021-07-15 15:29:27'),
(48, '${fechaDocumentoOriginal}', 'Fecha del documento original', 10, '2021-07-15 15:29:31'),
(49, '${valorFactura}', 'Valor de la factura', 10, '2021-07-15 15:29:36'),
(50, '${numeroContrato}', 'Numero de contrato', 10, '2021-07-15 15:29:41'),
(51, '${numeroresolucion}', 'Numeración de la resolución del sistema', 10, '2022-10-03 14:56:49'),
(52, '${fecharesolucion}', 'Fecha en la que se emite la resolución del sistema', 10, '2022-10-03 14:58:04'),
(53, '${valorresolucion}', 'Valor por el que se acepta la resolución', 0, '2022-10-03 14:58:33');

--
-- Volcado de datos para la tabla `cgProveedores`
--

INSERT INTO `cgProveedores` (`idCgProveedor`, `nombreCgProveedor`, `estadoCgProveedor`, `creacionCgProveedor`) VALUES
(1, '4-72', 10, '2021-11-27 12:20:31'),
(2, 'proveedor de prueba editado', 0, '2021-11-29 19:26:13'),
(3, 'servientrega', 10, '2022-04-25 10:59:24');

--
-- Volcado de datos para la tabla `cgProveedoresExternos`
--

INSERT INTO `cgProveedoresExternos` (`idCgProveedorExterno`, `nombreCgProveedorExterno`, `tokenCgProveedorExterno`, `userCgCreadorProveedorExterno`, `userCgProveedorExterno`, `creacionCgProveedorExterno`, `estadoCgProveedorExterno`) VALUES
(1, 'SkinaScan', 'PJ_v1ZWDK_Y-eApIiB2Ros6y-RTzVavK_1685654777', 1, 4, '2023-06-01', 100);

--
-- Volcado de datos para la tabla `cgProveedoresRegional`
--

INSERT INTO `cgProveedoresRegional` (`idCgProveedorRegional`, `idCgRegional`, `idCgProveedor`) VALUES
(1, 1, 1),
(2, 1, 2),
(3, 1, 3);

--
-- Volcado de datos para la tabla `cgProveedoresServicios`
--

INSERT INTO `cgProveedoresServicios` (`idCgProveedoresServicios`, `idCgProveedor`, `idCgEnvioServicios`) VALUES
(1, 1, 5),
(2, 1, 1),
(3, 2, 5),
(4, 2, 4),
(5, 2, 2),
(6, 3, 1);

--
-- Volcado de datos para la tabla `cgRegionales`
--

INSERT INTO `cgRegionales` (`idCgRegional`, `nombreCgRegional`, `estadoCgRegional`, `creacionCgRegional`, `siglaCgRegional`, `idNivelGeografico3`) VALUES
(1, 'Bogotá D.C', 10, '2021-11-21 17:09:05', 'BOG', 1);

--
-- Volcado de datos para la tabla `cgReportes`
--

INSERT INTO `cgReportes` (`idCgReporte`, `nombreCgReporte`, `descripcionCgReporte`, `actionCgReporte`, `creacionCgReporte`, `estadoCgReporte`) VALUES
(1, 'Reporte de Productividad', NULL, 'reportes/index-productivity', '2020-08-19 00:00:00', 10),
(2, 'Reporte de Distribución de Correspondencia', NULL, 'reportes/index-mail-distribution', '2020-08-19 00:00:00', 10),
(3, 'Reporte de Radicados de PQRSD', NULL, 'reportes/index-pqrs', '2020-08-19 00:00:00', 10),
(4, 'Reporte de Expedientes Electrónicos', NULL, 'reportes/index-electronic-records', '2020-08-19 00:00:00', 10),
(5, 'Reporte de Préstamos Documentales', NULL, 'reportes/index-documentary-loans', '2020-08-19 00:00:00', 10),
(6, 'Reporte de Formulario de Caracterización', NULL, 'reportes/index-form', '2020-08-19 00:00:00', 10),
(7, 'Reporte General', NULL, 'reportes/index-general', '2020-09-03 00:00:00', 10),
(8, 'Reporte Trazabilidad del Radicado', NULL, 'reportes/index-filing-traceability', '2020-09-03 00:00:00', 10),
(9, 'Reporte Usuarios', NULL, 'reportes/index-users', '2020-09-03 00:00:00', 10),
(10, 'Reporte de Respuesta de Tiempos de Contestación', NULL, 'reportes/index-response-and-times', '2020-09-03 00:00:00', 10),
(11, 'Reporte de Documentos Pendientes', NULL, 'reportes/index-pending-documents', '2020-09-03 00:00:00', 10),
(12, 'Reporte Usuarios Activos', NULL, 'reportes/index-active-user', '2020-09-03 00:00:00', 10),
(13, 'Reporte Usuarios con Permiso de Firma', NULL, 'reportes/index-user-permission-signature', '2020-09-03 00:00:00', 10),
(14, 'Reporte de Devolución', NULL, 'reportes/index-returns', '2020-09-03 00:00:00', 10),
(15, 'Reporte Remitentes/Destinatarios', NULL, 'reportes/index-sender-recipient', '2020-09-03 00:00:00', 10),
(16, 'Reporte Permisos por Rol', NULL, 'reportes/index-permission-role', '2020-12-02 00:00:00', 10),
(17, 'Radicados por tiempos de respuestas en cada dependencia', NULL, 'reportes/index-radi-response-time', '2021-05-24 00:00:00', 10);

--
-- Volcado de datos para la tabla `cgTipoRadicadoDocumental`
--

INSERT INTO `cgTipoRadicadoDocumental` (`idCgTipoRadicadoDocumental`, `idCgTipoRadicado`, `idGdTrdTipoDocumental`, `estadoCgTipoRadicadoDocumental`, `creacionCgTipoRadicadoDocumental`) VALUES
(27, 4, 1, 10, '2023-01-11 10:45:35'),
(28, 4, 2, 10, '2023-01-11 10:45:35'),
(29, 4, 3, 10, '2023-01-11 10:45:35'),
(30, 4, 4, 10, '2023-01-11 10:45:35'),
(31, 4, 5, 10, '2023-01-11 10:45:35'),
(32, 4, 6, 10, '2023-01-11 10:45:35'),
(33, 4, 7, 10, '2023-01-11 10:45:35'),
(34, 4, 8, 10, '2023-01-11 10:45:35'),
(35, 4, 9, 10, '2023-01-11 10:45:35'),
(36, 4, 2651, 10, '2023-01-11 10:45:35');

--
-- Volcado de datos para la tabla `cgTiposGruposUsuarios`
--

INSERT INTO `cgTiposGruposUsuarios` (`idCgTipoGrupoUsuarios`, `idCgGrupoUsuarios`, `idUser`) VALUES
(1, 1, 350),
(2, 1, 331),
(3, 1, 334),
(4, 1, 1),
(5, 1, 338),
(6, 1, 339),
(7, 1, 335);

--
-- Volcado de datos para la tabla `cgTiposRadicados`
--

INSERT INTO `cgTiposRadicados` (`idCgTipoRadicado`, `codigoCgTipoRadicado`, `nombreCgTipoRadicado`, `estadoCgTipoRadicado`, `creacionCgTipoRadicado`, `unicoRadiCgTipoRadicado`) VALUES
(1, '1', 'SALIDA', 10, '2021-11-21 16:47:45', 0),
(2, '2', 'ENTRADA', 10, '2021-11-21 16:48:21', 0),
(3, '3', 'MEMORANDOS', 10, '2021-11-21 16:50:01', 0),
(4, '4', 'PQRS', 10, '2021-11-21 16:50:44', 0);

--
-- Volcado de datos para la tabla `cgTiposRadicadosTransacciones`
--

INSERT INTO `cgTiposRadicadosTransacciones` (`idCgTiposRadicadosTransacciones`, `idCgTransaccionRadicado`, `idCgTipoRadicado`, `orderCgTipoRadicado`) VALUES
(1, 15, 2, 1),
(2, 16, 2, 2),
(3, 17, 2, 3),
(4, 19, 2, 4),
(5, 20, 2, 5),
(6, 23, 2, 6),
(7, 29, 2, 7),
(8, 30, 2, 8),
(9, 31, 2, 9),
(10, 32, 2, 10),
(11, 33, 2, 11),
(12, 38, 2, 12),
(13, 40, 2, 13),
(14, 44, 2, 14),
(15, 47, 2, 15),
(16, 48, 2, 16),
(17, 54, 2, 17),
(18, 78, 2, 18),
(19, 15, 1, 1),
(20, 16, 1, 2),
(21, 17, 1, 3),
(22, 19, 1, 4),
(23, 20, 1, 5),
(24, 23, 1, 6),
(25, 24, 1, 7),
(26, 29, 1, 8),
(27, 30, 1, 9),
(28, 31, 1, 10),
(29, 32, 1, 11),
(30, 33, 1, 12),
(31, 38, 1, 13),
(32, 40, 1, 14),
(33, 44, 1, 15),
(34, 47, 1, 16),
(35, 48, 1, 17),
(36, 54, 1, 18),
(37, 56, 1, 19),
(38, 78, 1, 20),
(39, 15, 3, 1),
(40, 16, 3, 2),
(41, 17, 3, 3),
(42, 19, 3, 4),
(43, 20, 3, 5),
(44, 23, 3, 6),
(45, 24, 3, 7),
(46, 29, 3, 8),
(47, 30, 3, 9),
(48, 31, 3, 10),
(49, 32, 3, 11),
(50, 33, 3, 12),
(51, 38, 3, 13),
(52, 40, 3, 14),
(53, 44, 3, 15),
(54, 47, 3, 16),
(55, 48, 3, 17),
(56, 54, 3, 18),
(57, 56, 3, 19),
(58, 78, 3, 20),
(59, 15, 4, 1),
(60, 16, 4, 2),
(61, 17, 4, 3),
(62, 19, 4, 4),
(63, 20, 4, 5),
(64, 22, 4, 6),
(65, 23, 4, 7),
(66, 24, 4, 8),
(67, 29, 4, 9),
(68, 30, 4, 10),
(69, 31, 4, 11),
(70, 32, 4, 12),
(71, 33, 4, 13),
(72, 38, 4, 14),
(73, 40, 4, 15),
(74, 44, 4, 16),
(75, 47, 4, 17),
(76, 48, 4, 18),
(77, 53, 4, 19),
(78, 54, 4, 20),
(79, 56, 4, 21),
(80, 78, 4, 22);

--
-- Volcado de datos para la tabla `cgTransaccionesRadicados`
--

INSERT INTO `cgTransaccionesRadicados` (`idCgTransaccionRadicado`, `rutaAccionCgTransaccionRadicado`, `descripcionCgTransaccionRadicado`, `titleCgTransaccionRadicado`, `iconCgTransaccionRadicado`, `actionCgTransaccionRadicado`, `estadoCgTransaccionRadicado`, `creacionCgTransaccionRadicado`, `mostrarBotonCgTransaccionRadicado`) VALUES
(15, 'version1%radicacion%radicados%create', 'Crear Radicado', 'Crear Radicado', 'add', 'add', 10, '2020-04-03 00:00:00', 10),
(16, 'version1%radicacion%radicados%update', 'Actualizar Radicado', 'Actualizar Radicado', 'edit', 'edit', 10, '2020-04-03 00:00:00', 10),
(17, 'version1%radicacion%radicados%view', 'Visualizar Radicado', 'Visualizar Radicado', 'remove_red_eye', 'view', 10, '2020-04-03 00:00:00', 10),
(19, 'version1%radicacion%transacciones%print-sticker', 'Imprimir stickers', 'Imprimir stickers', 'print', 'printStickers', 10, '2020-04-03 00:00:00', 10),
(20, 'version1%radicacion%transacciones%send-reply-mail', 'Enviar respuesta por correo', 'Respuesta por Correo', 'email', 'sendMail', 10, '2020-04-03 00:00:00', 10),
(22, 'version1%radicacion%transacciones%schedule', 'Agendar Radicado', 'Agendar', 'event', 'schedule', 10, '2020-04-24 00:00:00', 10),
(23, 'version1%radicacion%transacciones%re-asign', 'Reasignar Radicado', 'Reasignar', 'send', 'send', 10, '2020-04-24 00:00:00', 10),
(24, 'version1%radicacion%transacciones%solicita-anulacion-radicado', 'Solicitud de anulación de radicados', 'Solicitud de anulación', 'assignment_late', 'annulationRequest', 10, '2020-04-24 00:00:00', 10),
(26, 'version1%radicacion%anulacion%acepta-anulacion', 'Aprobación de anulaciones', 'Aprobación de anulaciones', 'check_circle_outline', 'annulationApproval', 10, '2020-04-22 00:00:00', 0),
(27, 'version1%radicacion%anulacion%rechazo-anulacion', 'Rechazo de anulaciones', 'Rechazo de anulaciones', 'delete_forever', 'refusalAnnulation', 10, '2020-04-22 00:00:00', 0),
(29, 'version1%radicacion%documentos%upload-document', 'Adjuntar anexo al radicado', 'Cargar anexos', 'attachment', 'attachment', 10, '2020-05-03 00:00:00', 10),
(30, 'version1%radicacion%informados%copy', 'Copiar a informado', 'Copiar a informado', 'flip_to_back', 'copyInformaded', 10, '2020-05-11 00:00:00', 10),
(31, 'version1%radicacion%transacciones%solicita-vobo', 'Solicitud de visto bueno', 'Solicitud VoBo', 'spellcheck', 'voboRequest', 10, '2020-05-11 00:00:00', 10),
(32, 'version1%radicacion%transacciones%vobo', 'Aprobación visto bueno', 'VoBo', 'done_outline', 'vobo', 10, '2020-05-11 00:00:00', 10),
(33, 'version1%radicacion%transacciones%return-filing', 'Devolver radicado', 'Devolver radicado', 'reply', 'returnFiling', 10, '2020-05-11 00:00:00', 10),
(35, 'version1%radicacion%transacciones%delivered', 'Correspondencia Entregada (estado)', 'Entregado', 'thumb_up_alt', 'delivered', 10, '2020-05-05 00:00:00', 0),
(36, 'version1%radicacion%transacciones%upload-file', 'Correspondencia envió de radicados', 'Enviar Radicado', 'send', 'shipping', 10, '2020-04-03 00:00:00', 0),
(37, 'version1%radicacion%transacciones%return-delivery', 'Correspondencia Devolución Entrega ', 'Devolución', 'reply_all', 'returnDelivery', 10, '2020-05-05 00:00:00', 0),
(38, 'version1%radicacion%transacciones%finalize-filing', 'Finalizar radicado', 'Finalizar radicado', 'cloud_done', 'finalizeFiling', 10, '2020-05-11 00:00:00', 10),
(39, 'version1%radicacion%transacciones%correspondence-template', 'Correspondencia Plantilla PDF', 'Plantilla PDF', 'get_app', 'correspondenceTemplate', 10, '2020-05-15 00:00:00', 0),
(40, 'version1%radicacion%transacciones%load-format', 'Asociar plantilla', 'Asociar plantilla', 'publish', 'loadFormat', 10, '2020-06-09 00:00:00', 10),
(41, 'version1%radicacion%transacciones%correspondence-match', 'Combinar correspondencia', 'Combinar correspondencia', 'grading', 'correspondenceMatch', 10, '2020-06-09 00:00:00', 0),
(44, 'version1%radicacion%transacciones%shipping-ready', 'Listo para enviar (estado)', 'Listo para enviar', 'thumb_up_alt', 'shippingReady', 10, '2020-05-05 00:00:00', 10),
(45, 'version1%radicacion%transacciones%sign-document', 'Firmar documento', 'Firma', 'qr_code', 'signDocument', 10, '2020-06-18 00:00:00', 0),
(46, 'version1%radicacion%transacciones%archive-filing', 'Archivar Radicados', 'Archivar', 'batch_prediction', 'archiveFiling', 10, '2020-06-19 00:00:00', 0),
(47, 'version1%radicacion%radicados%download-document-package', 'Descargar paquete de documentos', 'Descarga paquete documentos', 'cloud_download', 'downloadDocumentPackage', 10, '2020-06-26 00:00:00', 10),
(48, 'version1%radicacion%transacciones%include-expedient', 'Incluir en expediente', 'Incluir en expediente', 'assignment_turned_in', 'includeInFile', 10, '2020-06-26 00:00:00', 10),
(49, 'version1%radicacion%transacciones%return-pqr-to-citizen', 'Devolver PQR al ciudadano', 'Devolver al ciudadano', 'assignment_turn', 'returnPqrToCitizen', 10, '2020-06-30 00:00:00', 0),
(50, 'version1%radicacion%transacciones%publish-document', 'Publicación del documento', 'Publicar documento', 'queue_play_next', 'publishDocument', 10, '2020-07-23 00:00:00', 0),
(51, '/ng_backend/frontend/web/consulta-pqrs/add-comment', 'Agregar comentarios pagina publica', 'Comentarios PQRSD', 'queue_play_next', 'addComment', 10, '2020-07-21 00:00:00', 0),
(52, '/ng_backend/frontend/web/consulta-pqrs/desistimiento-radicado', 'Desistir pagina publica', 'Desistimiento', 'outlet', 'Desist', 10, '2020-07-21 00:00:00', 0),
(53, 'version1%radicacion%transacciones%withdrawal', 'Desistir del radicado de PQRSD', 'Desistimiento PQRSD', 'outlet', 'withdrawal', 10, '2020-09-29 00:00:00', 10),
(54, 'version1%gestionDocumental%expedientes%exclude-expedient', 'Excluir el expediente', 'Excluir el expediente', 'work_off', 'excludeTheFile', 10, '2020-11-11 00:00:00', 10),
(55, 'version1%gestionDocumental%expedientes%closed-expedient', 'Cerrar el expediente', 'Cerrar el expediente', 'lock', 'closedTheFile', 10, '2020-12-24 00:00:00', 0),
(56, 'version1%radicacion%transacciones%descartar-consecutivo', 'Descartar consecutivo', 'Descartar consecutivo', 'remove_circle_outline', 'discardConsecutive', 10, '2021-06-17 00:00:00', 10),
(57, 'version1%gestionDocumental%expedientes%cross-reference', 'Referencia cruzada', 'Referencia cruzada', 'text_snippet', 'crossReference', 10, '2021-06-29 10:00:00', 0),
(58, 'version1%radicacion%transacciones%correspondence-template-pdf', 'Correspondencia Plantilla Excel', 'Plantilla Excel', 'cloud_download', 'correspondenceTemplateExcel', 10, '2021-08-12 11:46:02', 0),
(59, 'version1%radicacion%transacciones%signing-process', 'En proceso de firma física', 'Proceso firma física', 'edit_note', 'signingProcess', 10, '2021-09-08 18:14:45', 0),
(60, 'version1%radicacion%transacciones%physically-signed', 'Firmado físicamente', 'Firma física', 'edit_note', 'physicallySigned', 10, '2021-09-08 18:14:56', 0),
(78, 'version1%radicacion%documentos%upload-document', 'Asociar imagen principal', 'Cargar imagen principal', 'attachment', 'attachmentMain', 10, '2021-09-27 10:21:13', 10),
(98, 'version1%radicacion%radicados%generate-number-filing', 'Radicar', 'Radicar', 'beenhere', 'settle', 10, '2021-10-12 13:30:24', 0),
(99, 'version1%radicacion%radicados-resoluciones%create', 'Detalle de resolución', 'Detalle de resolución', 'wysiwyg', 'createResolutionDetail', 10, '2022-10-03 11:56:44', 0),
(100, 'version1%externos%load-document-radicado', 'SkinaScan', 'SkinaScan', 'repartition', 'loadDocumentRadicado', 10, '2022-10-03 11:56:44', 10);

--
-- Volcado de datos para la tabla `cgTrd`
--

INSERT INTO `cgTrd` (`idCgTrd`, `idMascaraCgTrd`, `cellDependenciaCgTrd`, `cellTituloDependCgTrd`, `cellRegionalCgTrd`, `cellDatosCgTrd`, `columnCodigoCgTrd`, `column2CodigoCgTrd`, `column3CodigoCgTrd`, `columnNombreCgTrd`, `columnAgCgTrd`, `columnAcCgTrd`, `columnCtCgTrd`, `columnECgTrd`, `columnSCgTrd`, `columnMCgTrd`, `columnProcessCgTrd`, `columnTipoDocCgTrd`, `estadoCgTrd`, `creacionCgTrd`, `columnPSoporteCgTrd`, `columnESoporteCgTrd`, `columnOsoporteCgTrd`, `columnNormaCgTrd`, `cellDependenciaPadreCgTrd`) VALUES
(1, 4, 'B13', 'E8', NULL, 'B13', 'B', 'C', 'D', 'E', 'H', 'I', 'L', 'J', 'K', 'M', 'N', NULL, 10, '2022-03-30 09:43:32', 'F', 'G', NULL, NULL, 'E7');

--
-- Volcado de datos para la tabla `cgTrdMascaras`
--

INSERT INTO `cgTrdMascaras` (`idCgTrdMascara`, `nombreCgTrdMascara`, `separadorCgTrdMascara`, `estadoCgTrdMascara`, `creacionCgTrdMascara`) VALUES
(1, 'dp.ss.sb', '.', 10, '2020-08-19 00:00:00'),
(2, 'dpss.sb', '.', 10, '2020-08-19 00:00:00'),
(3, 'dp-ss-sb', '-', 10, '2020-08-19 00:00:00'),
(4, 'Columnas separadas', NULL, 10, '2020-08-19 00:00:00');

--
-- Volcado de datos para la tabla `clientes`
--

INSERT INTO `clientes` (`idCliente`, `idTipoPersona`, `nombreCliente`, `numeroDocumentoCliente`, `correoElectronicoCliente`, `direccionCliente`, `telefonoCliente`, `estadoCliente`, `creacionCliente`, `idNivelGeografico3`, `idNivelGeografico2`, `idNivelGeografico1`, `codigoSap`) VALUES
(1, 1, 'Skina Technologies S.A.S', '830129050-5', 'soporte.skinatech@gmail.com', 'cra 58# 35-30', '311259854', 10, '2020-08-12 00:00:00', 1, 1, 1, NULL),
(3, 2, 'anónimo anónimo', '1111111111111', 'anonimo@anonimo.com', 'sin dirección', 'sin telefono', 10, '2021-12-03 11:26:46', 1, 1, 1, NULL);

--
-- Volcado de datos para la tabla `clientesCiudadanosDetalles`
--

INSERT INTO `clientesCiudadanosDetalles` (`idClienteCiudadanoDetalle`, `idCliente`, `idUser`, `idTipoIdentificacion`, `generoClienteCiudadanoDetalle`, `rangoEdadClienteCiudadanoDetalle`, `vulnerabilidadClienteCiudadanoDetalle`, `etniaClienteCiudadanoDetalle`, `estadoClienteCiudadanoDetalle`, `creacionClienteCiudadanoDetalle`, `representanteCliente`, `barrioClientesCiudadanoDetalle`, `telefonoFijoClienteCiudadanoDetalle`) VALUES
(1, 2, 3, 1, 1, 5, 6, 6, 10, '2021-12-03 11:30:09', 'anónimo', 'sin barrio', '');

--
-- Volcado de datos para la tabla `csInicial`
--

INSERT INTO `csInicial` (`idCsInicial`, `llaveCsInicial`, `valorCsInicial`, `creacionCsInicial`, `estadoCsInicial`) VALUES
(1, 'captcha', '10', '2023-02-08 12:51:57', 0);

--
-- Volcado de datos para la tabla `csParams`
--

INSERT INTO `csParams` (`idCsParams`, `llaveCsParams`, `valorCsParams`, `creacionCsParams`, `estadoCsParams`) VALUES
(1, 'captchaSiteKey', '6Lc8_d4UAAAAANK-6A3w_lP6Crr6BJzT9ldbK_iO', '2023-02-08 16:31:35', 10),
(2, 'prueba', 'prueba', '2023-02-08 16:49:49', 10);

--
-- Volcado de datos para la tabla `gaBodega`
--

INSERT INTO `gaBodega` (`idGaBodega`, `nombreGaBodega`, `idGaPiso`, `estadoGaBodega`, `creacionGaBodega`) VALUES
(1, 'Archivo Central', 1, 10, '2021-11-27 16:35:47'),
(2, 'Archivo Central Piso', 2, 10, '2021-11-27 16:37:03'),
(3, 'ARCHIVO CAPACITACIÓN', 3, 10, '2021-12-01 10:38:28'),
(4, 'archivo capacitacion', 4, 0, '2022-04-22 11:06:22');

--
-- Volcado de datos para la tabla `gaBodegaContenido`
--

INSERT INTO `gaBodegaContenido` (`idGaBodegaContenido`, `cantidadRackGaBodegaContenido`, `cantidadEntrepanoGaBodegaContenido`, `cantidadCajaGaBodegaContenido`, `cuerpoGaBodegaContenido`, `idGaBodega`, `estadoGaBodegaContenido`, `creacionGaBodegaContenido`, `cantidadEstanteGaBodegaContenido`) VALUES
(1, 2, 2, 2, 'B', 1, 10, '2021-11-27 16:36:06', 2),
(2, 1, 1, 1, 'B', 2, 10, '2021-11-27 16:37:04', 1),
(3, 2, 5, 5, 'A', 3, 10, '2021-12-01 10:38:28', 3),
(4, 3, 5, 2, 'A', 4, 10, '2022-04-22 11:06:22', 4);

--
-- Volcado de datos para la tabla `gaEdificio`
--

INSERT INTO `gaEdificio` (`idGaEdificio`, `nombreGaEdificio`, `idDepartamentoGaEdificio`, `idMunicipioGaEdificio`, `estadoGaEdificio`, `creacionGaEdificio`) VALUES
(1, 'SEDE PRINCIPAL', 1, 1, 10, '2021-11-27 16:35:47'),
(2, 'archivo general', 3, 27, 10, '2022-04-22 11:06:22');

--
-- Volcado de datos para la tabla `gaPiso`
--

INSERT INTO `gaPiso` (`idGaPiso`, `numeroGaPiso`, `idGaEdificio`, `estadoGaPiso`, `creacionGaPiso`) VALUES
(1, 1, 1, 10, '2021-11-27 16:35:47'),
(2, 2, 1, 10, '2021-11-27 16:37:03'),
(3, 3, 1, 10, '2021-12-01 10:38:28'),
(4, 3, 2, 10, '2022-04-22 11:06:22');

--
-- Volcado de datos para la tabla `gdTiposAnexosFisicos`
--

INSERT INTO `gdTiposAnexosFisicos` (`idGdTipoAnexoFisico`, `nombreGdTipoAnexoFisico`, `estadoGdTipoAnexoFisico`, `creacionGdTipoAnexoFisico`) VALUES
(1, 'CD', 10, '2021-06-18 17:37:00'),
(2, 'DVD', 10, '2021-06-18 17:37:00'),
(3, 'USB', 10, '2021-06-18 17:37:00'),
(4, 'Disco Duro', 10, '2021-06-18 17:37:00'),
(5, 'Plano', 10, '2021-06-18 17:37:00'),
(6, 'Otro', 10, '2021-06-18 17:37:00');

--
-- Volcado de datos para la tabla `gdTrd`
--

INSERT INTO `gdTrd` (`idGdTrd`, `idGdTrdDependencia`, `idGdTrdSerie`, `idGdTrdSubserie`, `idGdTrdTipoDocumental`, `estadoGdTrd`, `creacionGdTrd`, `versionGdTrd`, `identificadorUnicoGdTrd`) VALUES
(1, 1, 1, 1, 13, 10, '2023-01-31 22:06:30', 1, '63d9d736d8f64'),
(2, 1, 1, 1, 14, 10, '2023-01-31 22:06:30', 1, '63d9d736d8f64'),
(3, 1, 1, 1, 15, 10, '2023-01-31 22:06:30', 1, '63d9d736d8f64'),
(4, 1, 2, 2, 13, 10, '2023-01-31 22:06:30', 1, '63d9d736d8f64'),
(5, 1, 2, 2, 14, 10, '2023-01-31 22:06:30', 1, '63d9d736d8f64'),
(6, 1, 2, 2, 16, 10, '2023-01-31 22:06:30', 1, '63d9d736d8f64'),
(7, 1, 3, 3, 13, 10, '2023-01-31 22:06:30', 1, '63d9d736d8f64'),
(8, 1, 3, 3, 14, 10, '2023-01-31 22:06:30', 1, '63d9d736d8f64'),
(9, 1, 3, 4, 13, 10, '2023-01-31 22:06:30', 1, '63d9d736d8f64'),
(10, 1, 3, 4, 14, 10, '2023-01-31 22:06:31', 1, '63d9d736d8f64'),
(11, 1, 4, 5, 7, 10, '2023-01-31 22:06:31', 1, '63d9d736d8f64'),
(12, 1, 4, 5, 8, 10, '2023-01-31 22:06:31', 1, '63d9d736d8f64'),
(13, 1, 4, 5, 9, 10, '2023-01-31 22:06:31', 1, '63d9d736d8f64'),
(14, 1, 4, 5, 10, 10, '2023-01-31 22:06:31', 1, '63d9d736d8f64'),
(15, 1, 4, 5, 1, 10, '2023-01-31 22:06:31', 1, '63d9d736d8f64'),
(16, 1, 4, 5, 2, 10, '2023-01-31 22:06:31', 1, '63d9d736d8f64'),
(17, 1, 4, 5, 3, 10, '2023-01-31 22:06:31', 1, '63d9d736d8f64'),
(18, 1, 4, 5, 4, 10, '2023-01-31 22:06:31', 1, '63d9d736d8f64'),
(19, 1, 4, 5, 5, 10, '2023-01-31 22:06:31', 1, '63d9d736d8f64'),
(20, 1, 4, 5, 6, 10, '2023-01-31 22:06:31', 1, '63d9d736d8f64');

--
-- Volcado de datos para la tabla `gdTrdDependencias`
--

INSERT INTO `gdTrdDependencias` (`idGdTrdDependencia`, `nombreGdTrdDependencia`, `codigoGdTrdDependencia`, `codigoGdTrdDepePadre`, `estadoGdTrdDependencia`, `creacionGdTrdDependencia`, `idCgRegional`, `observacionGdTrdDependencia`, `consecExpedienteGdTrdDependencia`) VALUES
(1, 'DEPENDENCIA PRUEBAS SKINATECH', '998', 1, 10, '2020-08-10 00:00:00', 1, 'DEPENDENCIA PRUEBAS SKINATECH', 20),
(2, 'DEPENDENCIA RADICADOS FINALIZADOS', '999', 0, 10, '2020-12-07 02:06:44', 1, 'DEPENDENCIA RADICADOS FINALIZADOS', 1);

--
-- Volcado de datos para la tabla `gdTrdSeries`
--

INSERT INTO `gdTrdSeries` (`idGdTrdSerie`, `nombreGdTrdSerie`, `codigoGdTrdSerie`, `estadoGdTrdSerie`, `creacionGdTrdSerie`) VALUES
(1, 'ACTAS', '01', 10, '2023-01-31 22:06:30'),
(2, 'INFORMES', '02', 10, '2023-01-31 22:06:30'),
(3, 'COMUNICACIONES OFICIALES', '03', 10, '2023-01-31 22:06:30'),
(4, 'PETICIONES, QUEJAS, RECLAMOS Y SUGERENCIAS', '04', 10, '2023-01-31 22:06:31');

--
-- Volcado de datos para la tabla `gdTrdSubseries`
--

INSERT INTO `gdTrdSubseries` (`idGdTrdSubserie`, `nombreGdTrdSubserie`, `codigoGdTrdSubserie`, `tiempoGestionGdTrdSubserie`, `tiempoCentralGdTrdSubserie`, `pSoporteGdTrdSubserie`, `eSoporteGdTrdSubserie`, `oSoporteGdTrdSubserie`, `ctDisposicionFinalGdTrdSubserie`, `eDisposicionFinalGdTrdSubserie`, `sDisposicionFinalGdTrdSubserie`, `mDisposicionFinalGdTrdSubserie`, `procedimientoGdTrdSubserie`, `estadoGdTrdSubserie`, `creacionGdTrdSubserie`, `normaGdTrdSubserie`, `idGdTrdSerie`) VALUES
(1, 'Actas de comité', '01', 2, 8, 10, 0, 0, 10, 0, 0, 0, 'En esta subserie se encuentra el  documento que muestra los resultados de una actividad, sirve para evaluar la ejecución de una tarea o un conjunto de tareas en relación con una determinada meta.  serie documental con valor administrativo. una vez se cumpla dos (2)  años de retención en el archivo de gestión que se contarón a partir del último informe a 31 de diciembre de cada año, posteriormente pasara ocho (8) años en el archivo central. cumplida esta última etapa los archivos serán eliminados  por método de  picado encontrando que este es el más idóneo y no genera daño ambiental de acuerdo a lo establecido en el procedimiento de la entidad, este proceso será planificado, revisado y supervisado  por el grupo de archivo y correspondencia haga sus veces. pierden su valor administrativo la información se consolida en el informe de gestión de la dirección general.', 10, '2023-01-31 22:06:30', NULL, 1),
(2, 'Informes a entes de control', '01', 2, 8, 10, 0, 0, 10, 0, 0, 10, 'En esta subserie se registran las respuestas a todos los requerimientos y auditorias de los entes de control relacionados con los procesos, avances y la toma de decisiones de la entidad. serie documental con valor administrativo e histírico de conservación total ya que reflejan el desarrollo,  cumplimiento y  ejecución de los procesos de la entidad.  una vez se cumpla dos (2)  años en el archivo de gestión que se contarón a partir del último informe de la vigencia fiscal, pasara ocho (8) años en el archivo central, posteriormente estos serán enviados al archivo histírico,  se realizaró la digitalización certificada proceso que será revisado por el grupo de archivo y correspondencia haga sus veces de acuerdo al procedimiento establecido por la entidad antes de realizar el traslado al archivo histírico. se debe conservar en soporte original y medio tecnológico. constitución poló­tica de colombia. artículos  119 y 278,  ley 734 de 2002.', 10, '2023-01-31 22:06:30', NULL, 2),
(3, 'Comunicaciones externas', '01', 2, 20, 10, 0, 0, 0, 0, 10, 10, 'En estos archivos se detallan los procesos para el reconocimiento de un auxilio monetario que se reconoce a quien ha demostrado haber asumido los gastos fúnebres de un afiliado o pensionado de acuerdo a lo establecido en la  ley 33 de 1985, decreto 2837 de 1986, ley 100 de 1993, decreto 1889 de 1994, ley 776 de 2002 y demás normas concordantes. el tiempo de retención establecido en el art. 9 del acuerdo 006 de 2011 del agn, por lo tanto en archivo de gestión tendrá una retención de dos (2)  años a partir de la notificación del  último acto administrativo de la prestación, una vez cumplido este término se transferirá para cumplir veinte (20) años en el archivo central a partir de la fecha en que se extinga el derecho a la prestación por cualquiera de las causales de ley según, por lo que solicitará al grupo de reconocimiento del fondo certificación en donde se establezca el no pago de mesadas.  cumplido último periodo se realizará la digitalización proceso que será revisado por el grupo de archivo y correspondencia haga sus veces,  para posteriormente ser transferido al archivo histírico, se debe conservar en soporte original  y medio tecnológico ya  cuenta con valores técnicos que refleja actividades misionales y operacionales de la entidad.', 10, '2023-01-31 22:06:30', NULL, 3),
(4, 'Comunicaciones internas', '02', 2, 20, 10, 0, 0, 0, 0, 10, 10, 'En estos archivos se detallan los procesos para el reconocimiento de un auxilio monetario que se reconoce a quien ha demostrado haber asumido los gastos fúnebres de un afiliado o pensionado de acuerdo a lo establecido en la  ley 33 de 1985, decreto 2837 de 1986, ley 100 de 1993, decreto 1889 de 1994, ley 776 de 2002 y demás normas concordantes. el tiempo de retención establecido en el art. 9 del acuerdo 006 de 2011 del agn, por lo tanto en archivo de gestión tendrá una retención de dos (2)  años a partir de la notificación del  último acto administrativo de la prestación, una vez cumplido este término se transferirá para cumplir veinte (20) años en el archivo central a partir de la fecha en que se extinga el derecho a la prestación por cualquiera de las causales de ley según, por lo que solicitará al grupo de reconocimiento del fondo certificación en donde se establezca el no pago de mesadas.  cumplido último periodo se realizará la digitalización proceso que será revisado por el grupo de archivo y correspondencia haga sus veces,  para posteriormente ser transferido al archivo histírico, se debe conservar en soporte original  y medio tecnológico ya  cuenta con valores técnicos que refleja actividades misionales y operacionales de la entidad.', 10, '2023-01-31 22:06:30', NULL, 3),
(5, 'Peticiones, quejas, reclamos y sugerencias', '01', 2, 20, 10, 0, 0, 0, 10, 10, 0, 'En estos documentos se establece la manera para realizar el pago de una prestación  a cargo del empleador y a favor del trabajador que corresponde en un mes de salario, tiene como objetivo principal dar un auxilio monetario cuando la persona termine su relación laboral de acuerdo con lo establecido en el ley 50 de 1990, decreto 906 de 1992, ley 244 de 1995, ley 1071 de 2006, decreto 019 de 2012 y demás normas concordantes. esta serie es misional útil para la construcción  de certificaciones laborales de los afiliados y funcionarios afiliados  al régimen de pensiones de fonprecon.  transcurrido los tiempos de retención en el archivo de gestión el cual será de dos (2) años a partir de la notificación del último acto administrativo de la prestación, una vez cumplido este término se transferirá al archivo central  para cumplir veinte (20) años una trascurra este último periodo, se debe realizar una selección cuantitativa por muestreo aleatorio simple del 10% tomando como población el total de solicitudes por año; después se proceder a realizar la digitalización sencilla como respaldo de la información para posteriormente trasladarse al archivo histórico, ya  cuenta con valores técnicos que refleja actividades misionales y operacionales de la entidad.  los archivos no seleccionados serán eliminados  por método de  picado de acuerdo al procedimiento de la entidad. estos procesos serán revisados por el grupo de archivo y correspondencia haga sus veces. se debe conservar en soporte original y medio tecnológico.', 10, '2023-01-31 22:06:31', NULL, 4);

--
-- Volcado de datos para la tabla `gdTrdTiposDocumentales`
--

INSERT INTO `gdTrdTiposDocumentales` (`idGdTrdTipoDocumental`, `nombreTipoDocumental`, `diasTramiteTipoDocumental`, `estadoTipoDocumental`, `creacionTipoDocumental`) VALUES
(0, 'sin tipo documental', 15, 10, '2021-11-27 23:38:26'),
(1, 'Quejas', 15, 10, '2021-12-03 09:26:26'),
(2, 'Reclamos', 15, 10, '2021-12-03 09:26:26'),
(3, 'Sugerencias', 15, 10, '2021-12-03 09:26:47'),
(4, 'Denuncia', 15, 10, '2021-12-03 09:26:47'),
(5, 'Solicitud de información pública', 15, 10, '2021-12-03 09:27:06'),
(6, 'Felicitación', 15, 10, '2021-12-03 09:27:06'),
(7, 'Petición de documentos', 10, 10, '2021-12-03 09:31:32'),
(8, 'Petición de consulta', 30, 10, '2021-12-03 09:31:32'),
(9, 'Petición de información', 15, 10, '2021-12-20 07:12:27'),
(10, 'Petición General', 15, 10, '2023-01-11 10:33:26'),
(11, 'referencia cruzada', 15, 10, '2021-11-27 23:35:46'),
(12, 'paz y salvo', 15, 10, '2022-05-09 12:26:15'),
(13, 'comunicaciones oficiales', 15, 10, '2023-01-31 22:06:30'),
(14, 'anexos', 15, 10, '2023-01-31 22:06:30'),
(15, 'actas', 15, 10, '2023-01-31 22:06:30'),
(16, 'informes', 15, 10, '2023-01-31 22:06:30');

--
-- Volcado de datos para la tabla `initCgConfigFirmas`
--

INSERT INTO `initCgConfigFirmas` (`idInitCgConfigFirma`, `idInitCgEntidadFirma`, `idInitCgParamFirma`, `valorInitCgConfigFirma`, `creacionInitCgConfigFirma`, `estadoInitCgConfigFirma`) VALUES
(1, 1, 6, '/usr/share/andes/', '2022-10-05 14:26:42', 10),
(2, 1, 2, 'JuMa', '2022-10-05 14:26:42', 10),
(3, 1, 3, 'DgCWtbCEYg', '2022-10-05 14:26:42', 10),
(4, 1, 7, 'true', '2022-10-08 20:57:33', 10),
(5, 1, 8, 'true', '2022-10-08 20:57:33', 10);

--
-- Volcado de datos para la tabla `initCgCordenadasFirma`
--

INSERT INTO `initCgCordenadasFirma` (`idInitCgCordenadaFirma`, `nombreInitCgCordenadaFirma`, `cordenadasInitCgCordenadaFirma`, `estadoInitCgCordenadaFirma`, `creacionInitCgCordenadaFirma`) VALUES
(1, 'Posición 1', '0,0', 10, '2022-10-28 08:59:31'),
(2, 'Posición 2', '159,0', 10, '2022-10-28 08:59:31'),
(3, 'Posición 3', '319,0', 10, '2022-11-29 10:06:46'),
(4, 'Posición 4', '478,0', 10, '2022-11-29 10:06:46'),
(5, 'Posición 5', '0,75', 10, '2022-11-29 10:06:46'),
(6, 'Posición 6', '159,75', 10, '2022-11-29 10:06:46'),
(7, 'Posición 7', '319,75', 10, '2022-11-29 10:06:46'),
(8, 'Posición 8', '478,75', 10, '2022-11-29 10:06:46'),
(9, 'Posición 9', '0,150', 10, '2022-11-29 10:06:46'),
(10, 'Posición 10', '159,150', 10, '2022-11-29 10:06:46'),
(11, 'Posición 11', '319,150', 10, '2022-11-29 10:06:46'),
(12, 'Posición 12', '478,150', 10, '2022-11-29 10:06:46'),
(13, 'Posición 13', '0,225', 10, '2022-11-29 10:06:46'),
(14, 'Posición 14', '159,225', 10, '2022-11-29 10:06:46'),
(15, 'Posición 15', '319,225', 10, '2022-11-29 10:06:46'),
(16, 'Posición 16', '478,225', 10, '2022-11-29 10:06:47'),
(17, 'Posición 17', '0,300', 10, '2022-11-29 10:06:47'),
(18, 'Posición 18', '159,300', 10, '2022-11-29 10:06:47'),
(19, 'Posición 19', '319,300', 10, '2022-11-29 10:06:47'),
(20, 'Posición 20', '478,300', 10, '2022-11-29 10:06:47'),
(21, 'Posición 21', '0,375', 10, '2022-11-29 10:06:47'),
(22, 'Posición 22', '159,375', 10, '2022-11-29 10:06:47'),
(23, 'Posición 23', '319,375', 10, '2022-11-29 10:06:47'),
(24, 'Posición 24', '478,375', 10, '2022-11-29 10:06:47'),
(25, 'Posición 25', '0,450', 10, '2022-11-29 10:06:47'),
(26, 'Posición 26', '159,450', 10, '2022-11-29 10:06:47'),
(27, 'Posición 27', '319,450', 10, '2022-11-29 10:06:47'),
(28, 'Posición 28', '478,450', 10, '2022-11-29 10:06:47'),
(29, 'Posición 29', '0,525', 10, '2022-11-29 10:06:47'),
(30, 'Posición 30', '159,525', 10, '2022-11-29 10:06:47'),
(31, 'Posición 31', '319,525', 10, '2022-11-29 10:06:47'),
(32, 'Posición 32', '478,525', 10, '2022-11-29 10:06:47'),
(33, 'Posición 33', '0,600', 10, '2022-11-29 10:06:47'),
(34, 'Posición 34', '159,600', 10, '2022-11-29 10:06:47'),
(35, 'Posición 35', '319,600', 10, '2022-11-29 10:06:47'),
(36, 'Posición 36', '478,600', 10, '2022-11-29 10:06:47'),
(37, 'Posición 37', '0,675', 10, '2022-11-29 10:06:47'),
(38, 'Posición 38', '159,675', 10, '2022-11-29 10:06:47'),
(39, 'Posición 39', '319,675', 10, '2022-11-29 10:06:47'),
(40, 'Posición 40', '478,675', 10, '2022-11-29 10:06:47'),
(41, 'Posición 41', '0,750', 10, '2022-11-29 10:06:47'),
(42, 'Posición 42', '159,750', 10, '2022-11-29 10:06:47'),
(43, 'Posición 43', '319,750', 10, '2022-11-29 10:06:47'),
(44, 'Posición 44', '478,750', 10, '2022-11-29 10:06:47'),
(45, 'Posición 45', '0,825', 10, '2022-11-29 10:06:47'),
(46, 'Posición 46', '159,825', 10, '2022-11-29 10:06:47'),
(47, 'Posición 47', '319,825', 10, '2022-11-29 10:06:47'),
(48, 'Posición 48', '478,825', 10, '2022-11-29 10:06:47'),
(49, 'Posición 49', '0,900', 10, '2022-11-29 10:06:47'),
(50, 'Posición 50', '159,900', 10, '2022-11-29 10:06:47'),
(51, 'Posición 51', '319,900', 10, '2022-11-29 10:06:47'),
(52, 'Posición 52', '478,900', 10, '2022-11-29 10:06:47'),
(57, 'Firmar Oficio', '70,200', 10, '2022-12-12 12:22:04'),
(58, 'Firmar Memorando', '85,212', 10, '2022-12-12 12:31:55'),
(59, 'Firmar Resolución Subdirector', '250,205', 10, '2022-12-12 12:42:17'),
(60, 'Firmar Resolución Director General', '250,285', 10, '2022-12-12 12:44:56');

--
-- Volcado de datos para la tabla `initCgEntidadesFirma`
--

INSERT INTO `initCgEntidadesFirma` (`idInitCgEntidadFirma`, `nombreInitCgEntidadFirma`, `creacionInitCgEntidadFirma`, `estadoInitCgEntidadFirma`) VALUES
(1, 'Andes', '2022-09-26 12:07:44', 10),
(2, 'OrfeoNG', '2022-09-26 12:07:44', 0);

--
-- Volcado de datos para la tabla `initCgParamsFirma`
--

INSERT INTO `initCgParamsFirma` (`idInitCgParamFirma`, `variableInitCgParamFirma`, `descripcionInitCgParamsFirma`, `creacionInitCgParamFirma`, `estadoInitCgParamFirma`) VALUES
(1, 'ruta_servidor', 'Ruta de conexión al servicio', '2022-09-26 12:12:25', 10),
(2, 'usuario_conexion', 'Usuario de conexión al servicio', '2022-09-26 12:12:25', 10),
(3, 'password_conexion', 'Contraseña del usuario de conexión al servicio', '2022-09-26 12:12:25', 10),
(4, 'toquen_acceso', 'Token de conexión al servicio', '2022-09-26 12:12:25', 10),
(5, 'nombre_servicio', 'Nombre del servicio al conectar', '2022-09-26 12:12:25', 10),
(6, 'ubicacion_jar', 'Guara la ubicación donde esta el archivo .jar a ejecutar', '2022-10-05 14:19:28', 10),
(7, 'pruebas', 'Indica si se esta ejecutando en pruebas o en producción', '2022-10-05 14:19:28', 10),
(8, 'mostrar_firma', 'Indica si se muestra la imagen de la firma', '2022-10-05 14:20:01', 10);

--
-- Volcado de datos para la tabla `log`
--

INSERT INTO `log` (`idLog`, `idUser`, `userNameLog`, `fechaLog`, `ipLog`, `moduloLog`, `eventoLog`, `antesLog`, `despuesLog`) VALUES
(1, 1, 'admin', '2023-01-31 20:57:13', '192.168.1.3', 'version1/site/reset-password', 'Contraseña actualizada para el usuario admin', '', ''),
(2, 1, 'admin', '2023-01-31 20:57:23', '192.168.1.3', 'version1/site/login', 'Inicio de sesión', '', 'id Usuario: 1, Usuario: admin, Auth: lbFLavEgSFKrr57N5sBgMh2J-8Ecwc32, Contraseña: $2y$13$2hUivGp2rJNeLwQP19ci6uIq/0dK1USC2f5jhrNmNJ2aGdi10wFbC, Token contraseña: , Correo Electrónico: admin@xxxxxx.com, Estado: 10, Fecha creación: 1620256240, Fecha actualización: 1675216643, Fecha vencimiento token: 2023-01-31 00:00:00, Tipo de rol: 1, Tipo de usuario: 1, Token de acceso: lTM_9ddy08nw-edXVZ_A8vnw9pAILR2p_1675216643, Intentos: 0, Autenticación externa: 0, Verificación token: , Dependencia: 21'),
(3, 1, 'admin', '2023-01-31 21:57:57', '192.168.1.3', 'version1/gestionDocumental/trd/load-trd-file', 'Se cargó un archivo', '', ''),
(4, 1, 'admin', '2023-01-31 21:59:43', '192.168.1.3', 'version1/gestionDocumental/trd/load-trd-file', 'Se cargó un archivo', '', ''),
(5, 1, 'admin', '2023-01-31 22:06:30', '192.168.1.3', 'version1/gestionDocumental/trd/load-trd-file', 'Se cargó un archivo', '', '');

--
-- Volcado de datos para la tabla `nivelGeografico1`
--

INSERT INTO `nivelGeografico1` (`nivelGeografico1`, `nomNivelGeografico1`, `cdi`, `estadoNivelGeografico1`, `creacionNivelGeografico1`) VALUES
(1, 'COLOMBIA', 'NO', 10, '2020-03-16 00:00:00'),
(2, 'BOLIVIA', 'NO', 10, '2023-01-10 12:07:38'),
(3, 'PERU', 'NO', 10, '2023-01-10 12:07:38'),
(4, 'USA', 'NO', 10, '2023-01-10 12:09:00'),
(5, 'BRASIL', 'NO', 10, '2023-01-10 12:09:00'),
(6, 'MEXICO', 'NO', 10, '2023-01-10 12:09:00'),
(7, 'GUATEMALA', 'NO', 10, '2023-01-10 12:09:00'),
(8, 'ARGENTINA', 'NO', 10, '2023-01-10 17:11:39'),
(9, 'JAPÓN', 'NO', 10, '2023-01-23 16:27:24');

--
-- Volcado de datos para la tabla `nivelGeografico2`
--

INSERT INTO `nivelGeografico2` (`nivelGeografico2`, `idNivelGeografico1`, `nomNivelGeografico2`, `estadoNivelGeografico2`, `creacionNivelGeografico2`) VALUES
(1, 1, 'Cundinamarca', 10, '2020-03-16 00:00:00'),
(2, 1, 'Amazonas', 10, '2019-11-14 00:00:00'),
(3, 1, 'Antioquia', 10, '2019-11-14 00:00:00'),
(4, 1, 'Arauca', 10, '2019-11-14 00:00:00'),
(5, 1, 'Atlántico', 10, '2019-11-14 00:00:00'),
(6, 1, 'Bolívar', 10, '2019-11-14 00:00:00'),
(7, 1, 'Boyacá', 10, '2019-11-14 00:00:00'),
(8, 1, 'Caldas', 10, '2019-11-14 00:00:00'),
(9, 1, 'Caquetá', 10, '2019-11-14 00:00:00'),
(10, 1, 'Casanare', 10, '2019-11-14 00:00:00'),
(11, 1, 'Cauca', 10, '2019-11-14 00:00:00'),
(12, 1, 'Cesar', 10, '2019-11-14 00:00:00'),
(13, 1, 'Chocó', 10, '2019-11-14 00:00:00'),
(14, 1, 'Córdoba', 10, '2019-11-14 00:00:00'),
(16, 1, 'Güainia', 10, '2019-11-14 00:00:00'),
(17, 1, 'Guaviare', 10, '2019-11-14 00:00:00'),
(18, 1, 'Huila', 10, '2019-11-14 00:00:00'),
(19, 1, 'La Guajira', 10, '2019-11-14 00:00:00'),
(20, 1, 'Magdalena', 10, '2019-11-14 00:00:00'),
(21, 1, 'Meta', 10, '2019-11-14 00:00:00'),
(22, 1, 'Nariño', 10, '2019-11-14 00:00:00'),
(23, 1, 'Norte de Santander', 10, '2019-11-14 00:00:00'),
(24, 1, 'Putumayo', 10, '2019-11-14 00:00:00'),
(25, 1, 'Quindo', 10, '2019-11-14 00:00:00'),
(26, 1, 'Risaralda', 10, '2019-11-14 00:00:00'),
(27, 1, 'San Andrés y Providencia', 10, '2019-11-14 00:00:00'),
(28, 1, 'Santander', 10, '2019-11-14 00:00:00'),
(29, 1, 'Sucre', 10, '2019-11-14 00:00:00'),
(30, 1, 'Tolima', 10, '2019-11-14 00:00:00'),
(31, 1, 'Valle del Cauca', 10, '2019-11-14 00:00:00'),
(32, 1, 'Vaupés', 10, '2019-11-14 00:00:00'),
(33, 1, 'Vichada', 10, '2019-11-14 00:00:00'),
(34, 2, 'La Paz', 10, '2023-01-10 12:09:58'),
(35, 3, 'Lima', 10, '2023-01-10 12:31:02'),
(36, 4, 'Kentucky', 10, '2023-01-10 12:31:03'),
(37, 4, 'California', 10, '2023-01-10 12:31:03'),
(38, 4, 'Texas', 10, '2023-01-10 12:31:03'),
(39, 5, 'Sap Paulo', 10, '2023-01-10 12:31:03'),
(40, 5, 'Rio de Janeiro', 10, '2023-01-10 12:31:03'),
(41, 6, 'Distrito Federal', 10, '2023-01-10 12:31:03'),
(42, 7, 'Guatemala', 10, '2023-01-10 12:31:03'),
(43, 2, 'Beni', 10, '2023-01-10 15:04:29'),
(44, 2, 'Chuquisaca', 10, '2023-01-10 15:04:29'),
(45, 2, 'Cochabamba', 10, '2023-01-10 15:04:30'),
(46, 2, 'Oruro', 10, '2023-01-10 15:04:30'),
(47, 2, 'Pando', 10, '2023-01-10 15:04:30'),
(48, 2, 'Potosí', 10, '2023-01-10 15:04:30'),
(49, 2, 'Santa Cruz', 10, '2023-01-10 15:04:30'),
(50, 2, 'Tarija', 10, '2023-01-10 15:04:30'),
(51, 3, 'Amazonas', 10, '2023-01-10 15:30:47'),
(52, 3, 'Áncash', 10, '2023-01-10 15:30:47'),
(53, 3, 'Apurímac', 10, '2023-01-10 15:30:47'),
(54, 3, 'Arequipa', 10, '2023-01-10 15:30:48'),
(55, 3, 'Ayacucho', 10, '2023-01-10 15:30:48'),
(56, 3, 'Cajamarca', 10, '2023-01-10 15:30:48'),
(57, 3, 'Callao', 10, '2023-01-10 15:30:48'),
(58, 3, 'Cusco', 10, '2023-01-10 15:30:48'),
(59, 3, 'Huancavelica', 10, '2023-01-10 15:30:48'),
(60, 3, 'Huánuco', 10, '2023-01-10 15:30:48'),
(61, 3, 'Ica', 10, '2023-01-10 15:30:48'),
(62, 3, 'Junín', 10, '2023-01-10 15:30:48'),
(63, 3, 'La Libertad', 10, '2023-01-10 15:30:48'),
(64, 3, 'Lambayeque', 10, '2023-01-10 15:30:48'),
(65, 3, 'Loreto', 10, '2023-01-10 15:30:49'),
(66, 3, 'Madre de Dios', 10, '2023-01-10 15:30:49'),
(67, 3, 'Moquegua', 10, '2023-01-10 15:30:49'),
(68, 3, 'Pasco', 10, '2023-01-10 15:30:49'),
(69, 3, 'Piura', 10, '2023-01-10 15:30:49'),
(70, 3, 'Puno', 10, '2023-01-10 15:30:49'),
(71, 3, 'San Martín', 10, '2023-01-10 15:30:49'),
(72, 3, 'Tacna', 10, '2023-01-10 15:30:49'),
(73, 3, 'Tumbes', 10, '2023-01-10 15:30:49'),
(74, 3, 'Ucayali', 10, '2023-01-10 15:30:49'),
(75, 4, 'Alabama', 10, '2023-01-10 15:50:41'),
(76, 4, 'Alaska', 10, '2023-01-10 15:50:41'),
(77, 4, 'Arizona', 10, '2023-01-10 15:50:41'),
(78, 4, 'Arkansas', 10, '2023-01-10 15:50:41'),
(79, 4, 'Carolina del Norte', 10, '2023-01-10 15:50:41'),
(80, 4, 'Carolina del Sur', 10, '2023-01-10 15:50:42'),
(81, 4, 'Colorado', 10, '2023-01-10 15:50:42'),
(82, 4, 'Connecticut', 10, '2023-01-10 15:50:42'),
(83, 4, 'Dakota del Norte', 10, '2023-01-10 15:50:42'),
(84, 4, 'Dakota del Sur', 10, '2023-01-10 15:50:42'),
(85, 4, 'Delaware', 10, '2023-01-10 15:50:42'),
(86, 4, 'Florida', 10, '2023-01-10 15:50:42'),
(87, 4, 'Georgia', 10, '2023-01-10 15:50:42'),
(88, 4, 'Hawái', 10, '2023-01-10 15:50:42'),
(89, 4, 'Idaho', 10, '2023-01-10 15:50:42'),
(90, 4, 'Illinois', 10, '2023-01-10 15:50:42'),
(91, 4, 'Indiana', 10, '2023-01-10 15:50:42'),
(92, 4, 'Iowa', 10, '2023-01-10 15:50:43'),
(93, 4, 'Kansas', 10, '2023-01-10 15:50:43'),
(94, 4, 'Luisiana', 10, '2023-01-10 15:50:43'),
(95, 4, 'Maine', 10, '2023-01-10 15:50:43'),
(96, 4, 'Maryland', 10, '2023-01-10 15:50:43'),
(97, 4, 'Massachusetts', 10, '2023-01-10 15:50:43'),
(98, 4, 'Míchigan', 10, '2023-01-10 15:50:43'),
(99, 4, 'Minnesota', 10, '2023-01-10 15:50:43'),
(100, 4, 'Misisipi', 10, '2023-01-10 15:50:43'),
(101, 4, 'Misuri', 10, '2023-01-10 15:50:43'),
(102, 4, 'Montana', 10, '2023-01-10 15:50:43'),
(103, 4, 'Nebraska', 10, '2023-01-10 15:50:43'),
(104, 4, 'Nevada', 10, '2023-01-10 15:50:43'),
(105, 4, 'Nueva Jersey', 10, '2023-01-10 15:50:44'),
(106, 4, 'Nueva York', 10, '2023-01-10 15:50:44'),
(107, 4, 'Nuevo Hampshire', 10, '2023-01-10 15:50:44'),
(108, 4, 'Nuevo México', 10, '2023-01-10 15:50:44'),
(109, 4, 'Ohio', 10, '2023-01-10 15:50:44'),
(110, 4, 'Oklahoma', 10, '2023-01-10 15:50:44'),
(111, 4, 'Oregón', 10, '2023-01-10 15:50:44'),
(112, 4, 'Pensilvania', 10, '2023-01-10 15:50:44'),
(113, 4, 'Rhode Island', 10, '2023-01-10 15:50:44'),
(114, 4, 'Tennessee', 10, '2023-01-10 15:50:44'),
(115, 4, 'Utah', 10, '2023-01-10 15:50:44'),
(116, 4, 'Vermont', 10, '2023-01-10 15:50:44'),
(117, 4, 'Virginia', 10, '2023-01-10 15:50:44'),
(118, 4, 'Virginia Occidental', 10, '2023-01-10 15:50:44'),
(119, 4, 'Washington', 10, '2023-01-10 15:50:44'),
(120, 4, 'Wisconsin', 10, '2023-01-10 15:50:45'),
(121, 4, 'Wyoming', 10, '2023-01-10 15:50:45'),
(122, 5, 'Brasilia', 10, '2023-01-10 16:21:38'),
(123, 5, 'Salvador', 10, '2023-01-10 16:21:38'),
(124, 5, 'Fortaleza ', 10, '2023-01-10 16:21:38'),
(125, 5, 'Belo Horizonte', 10, '2023-01-10 16:21:38'),
(126, 5, 'Manaus', 10, '2023-01-10 16:21:38'),
(127, 5, 'Curitiba', 10, '2023-01-10 16:21:38'),
(128, 5, 'Recife', 10, '2023-01-10 16:21:38'),
(129, 5, 'Porto Alegre', 10, '2023-01-10 16:21:38'),
(130, 5, 'Belém', 10, '2023-01-10 16:21:38'),
(131, 5, 'Goiania', 10, '2023-01-10 16:21:38'),
(132, 5, 'Sao Luís', 10, '2023-01-10 16:21:38'),
(133, 5, 'Maceió', 10, '2023-01-10 16:21:39'),
(134, 5, 'Piauí', 10, '2023-01-10 16:21:39'),
(135, 5, 'Rio Grande do Norte', 10, '2023-01-10 16:21:39'),
(136, 5, 'Mato Grosso del Sur', 10, '2023-01-10 16:21:39'),
(137, 5, 'Paraíba', 10, '2023-01-10 16:21:39'),
(138, 5, 'Sergipe', 10, '2023-01-10 16:21:39'),
(139, 5, 'Mato Grosso', 10, '2023-01-10 16:21:39'),
(140, 5, 'Rondonia', 10, '2023-01-10 16:21:40'),
(141, 5, 'Santa Catarina', 10, '2023-01-10 16:21:40'),
(142, 5, 'Amapá', 10, '2023-01-10 16:21:40'),
(143, 5, 'Cerro Largo', 10, '2023-01-10 16:21:40'),
(144, 5, 'Vitória', 10, '2023-01-10 16:21:40'),
(145, 5, 'Boa Vista', 10, '2023-01-10 16:21:40'),
(146, 5, 'Tocantins', 10, '2023-01-10 16:21:40'),
(147, 6, 'Aguascalientes', 10, '2023-01-10 16:47:32'),
(148, 6, 'Baja California', 10, '2023-01-10 16:47:32'),
(149, 6, 'Baja California Sur', 10, '2023-01-10 16:47:32'),
(150, 6, 'Campeche', 10, '2023-01-10 16:47:32'),
(151, 6, 'Chiapas', 10, '2023-01-10 16:47:32'),
(152, 6, 'Chihuahua', 10, '2023-01-10 16:47:32'),
(153, 6, 'Ciudad de México', 10, '2023-01-10 16:47:32'),
(154, 6, 'Coahuila', 10, '2023-01-10 16:47:33'),
(155, 6, 'Colima', 10, '2023-01-10 16:47:33'),
(156, 6, 'Durango', 10, '2023-01-10 16:47:33'),
(157, 6, 'Guanajuato', 10, '2023-01-10 16:47:33'),
(158, 6, 'Guerrero', 10, '2023-01-10 16:47:33'),
(159, 6, 'Hidalgo', 10, '2023-01-10 16:47:33'),
(160, 6, 'Jalisco', 10, '2023-01-10 16:47:33'),
(161, 6, 'México', 10, '2023-01-10 16:47:33'),
(162, 6, 'Michoacán', 10, '2023-01-10 16:47:33'),
(163, 6, 'Morelos', 10, '2023-01-10 16:47:33'),
(164, 6, 'Nayarit', 10, '2023-01-10 16:47:34'),
(165, 6, 'Nuevo León', 10, '2023-01-10 16:47:34'),
(166, 6, 'Oaxaca', 10, '2023-01-10 16:47:34'),
(167, 6, 'Puebla', 10, '2023-01-10 16:47:34'),
(168, 6, 'Querétaro', 10, '2023-01-10 16:47:34'),
(169, 6, 'Quintana Roo', 10, '2023-01-10 16:47:34'),
(170, 6, 'San Luis Potosí', 10, '2023-01-10 16:47:34'),
(171, 6, 'Sinaloa', 10, '2023-01-10 16:47:34'),
(172, 6, 'Sonora', 10, '2023-01-10 16:47:34'),
(173, 6, 'Tabasco', 10, '2023-01-10 16:47:34'),
(174, 6, 'Tamaulipas', 10, '2023-01-10 16:47:34'),
(175, 6, 'Tlaxcala', 10, '2023-01-10 16:47:34'),
(176, 6, 'Veracruz', 10, '2023-01-10 16:47:34'),
(177, 6, 'Yucatán', 10, '2023-01-10 16:47:34'),
(178, 6, 'Zacatecas', 10, '2023-01-10 16:47:34'),
(179, 7, 'Alta Verapaz', 10, '2023-01-10 17:04:48'),
(180, 7, 'Baja Verapaz', 10, '2023-01-10 17:04:48'),
(181, 7, 'Chimaltenango', 10, '2023-01-10 17:04:48'),
(182, 7, 'Chiquimula', 10, '2023-01-10 17:04:48'),
(183, 7, 'El Progreso', 10, '2023-01-10 17:04:48'),
(184, 7, 'Escuintla', 10, '2023-01-10 17:04:48'),
(185, 7, 'Departamento de Guatemala', 10, '2023-01-10 17:04:48'),
(186, 7, 'Huehuetenango', 10, '2023-01-10 17:04:49'),
(187, 7, 'Izabal', 10, '2023-01-10 17:04:49'),
(188, 7, 'Jalapa', 10, '2023-01-10 17:04:49'),
(189, 7, 'Jutiapa', 10, '2023-01-10 17:04:49'),
(190, 7, 'Petén', 10, '2023-01-10 17:04:49'),
(191, 7, 'Quetzaltenango', 10, '2023-01-10 17:04:49'),
(192, 7, 'Quiché', 10, '2023-01-10 17:04:49'),
(193, 7, 'Retalhuleu', 10, '2023-01-10 17:04:49'),
(194, 7, 'Sacatepéquez', 10, '2023-01-10 17:04:49'),
(195, 7, 'San Marcos', 10, '2023-01-10 17:04:49'),
(196, 7, 'Santa Rosa', 10, '2023-01-10 17:04:49'),
(197, 7, 'Sololá', 10, '2023-01-10 17:04:49'),
(198, 7, 'Suchitepéquez', 10, '2023-01-10 17:04:50'),
(199, 7, 'Totonicapán', 10, '2023-01-10 17:04:50'),
(200, 7, 'Zacapa', 10, '2023-01-10 17:04:50'),
(201, 8, 'Buenos Aires', 10, '2023-01-10 17:42:41'),
(202, 8, 'La Pampa', 10, '2023-01-10 17:42:42'),
(203, 8, 'San Juan', 10, '2023-01-10 17:42:42'),
(204, 8, 'Jujuy', 10, '2023-01-10 17:42:42'),
(205, 8, 'Buenos Aires', 10, '2023-01-10 17:42:42'),
(206, 8, 'Tucumán', 10, '2023-01-10 17:42:42'),
(207, 8, 'La Rioja', 10, '2023-01-10 17:42:43'),
(208, 8, 'Córdoba', 10, '2023-01-10 17:42:43'),
(209, 8, 'Chubut', 10, '2023-01-10 17:42:43'),
(210, 8, 'Neuquén', 10, '2023-01-10 17:42:43'),
(211, 8, 'Catamarca', 10, '2023-01-10 17:42:43'),
(212, 8, 'San Luis', 10, '2023-01-10 17:42:43'),
(213, 8, 'Santa Fe', 10, '2023-01-10 17:42:43'),
(214, 8, 'Chaco', 10, '2023-01-10 17:42:43'),
(215, 8, 'Río Negro', 10, '2023-01-10 17:42:43'),
(216, 8, 'Mendoza', 10, '2023-01-10 17:42:43'),
(217, 8, 'Formosa', 10, '2023-01-10 17:42:43'),
(218, 8, 'Corrientes', 10, '2023-01-10 17:42:43'),
(219, 8, 'Santa Cruz', 10, '2023-01-10 17:42:43'),
(220, 8, 'Entre Ríos', 10, '2023-01-10 17:42:43'),
(221, 8, 'Misiones', 10, '2023-01-10 17:42:44'),
(222, 8, 'Salta', 10, '2023-01-10 17:42:44'),
(223, 8, 'Santiago del Estero', 10, '2023-01-10 17:42:44'),
(224, 2, 'Sacaba', 10, '2023-01-16 13:45:49');

--
-- Volcado de datos para la tabla `nivelGeografico3`
--

INSERT INTO `nivelGeografico3` (`nivelGeografico3`, `idNivelGeografico2`, `nomNivelGeografico3`, `estadoNivelGeografico3`, `creacionNivelGeografico3`) VALUES
(1, 1, 'Bogotá D.C.', 10, '2020-03-16 00:00:00'),
(2, 2, 'Leticia', 10, '2020-03-10 00:00:00'),
(3, 2, 'Puerto Nariño', 10, '2020-03-10 00:00:00'),
(4, 3, 'Abejorral', 10, '2020-03-10 00:00:00'),
(5, 3, 'Abriaquí', 10, '2020-03-10 00:00:00'),
(6, 3, 'Alejandria', 10, '2020-03-10 00:00:00'),
(7, 3, 'Amagá', 10, '2020-03-10 00:00:00'),
(8, 3, 'Amalfi', 10, '2020-03-10 00:00:00'),
(9, 3, 'Andes', 10, '2020-03-10 00:00:00'),
(10, 3, 'Angelópolis', 10, '2020-03-10 00:00:00'),
(11, 3, 'Angostura', 10, '2020-03-10 00:00:00'),
(12, 3, 'Anorí', 10, '2020-03-10 00:00:00'),
(13, 3, 'Anzá', 10, '2020-03-10 00:00:00'),
(14, 3, 'Apartadó', 10, '2020-03-10 00:00:00'),
(15, 3, 'Arboletes', 10, '2020-03-10 00:00:00'),
(16, 3, 'Argelia', 10, '2020-03-10 00:00:00'),
(17, 3, 'Armenia', 10, '2020-03-10 00:00:00'),
(18, 3, 'Barbosa', 10, '2020-03-10 00:00:00'),
(19, 3, 'Bello', 10, '2020-03-10 00:00:00'),
(20, 3, 'Belmira', 10, '2020-03-10 00:00:00'),
(21, 3, 'Betania', 10, '2020-03-10 00:00:00'),
(22, 3, 'Betulia', 10, '2020-03-10 00:00:00'),
(23, 3, 'Bolívar', 10, '2020-03-10 00:00:00'),
(24, 3, 'Briceño', 10, '2020-03-10 00:00:00'),
(25, 3, 'Burítica', 10, '2020-03-10 00:00:00'),
(26, 3, 'Caicedo', 10, '2020-03-10 00:00:00'),
(27, 3, 'Caldas', 10, '2020-03-10 00:00:00'),
(28, 3, 'Campamento', 10, '2020-03-10 00:00:00'),
(29, 3, 'Caracolí', 10, '2020-03-10 00:00:00'),
(30, 3, 'Caramanta', 10, '2020-03-10 00:00:00'),
(31, 3, 'Carepa', 10, '2020-03-10 00:00:00'),
(32, 3, 'Carmen de Viboral', 10, '2020-03-10 00:00:00'),
(33, 3, 'Carolina', 10, '2020-03-10 00:00:00'),
(34, 3, 'Caucasia', 10, '2020-03-10 00:00:00'),
(35, 3, 'Cañasgordas', 10, '2020-03-10 00:00:00'),
(36, 3, 'Chigorodó', 10, '2020-03-10 00:00:00'),
(37, 3, 'Cisneros', 10, '2020-03-10 00:00:00'),
(38, 3, 'Cocorná', 10, '2020-03-10 00:00:00'),
(39, 3, 'Concepción', 10, '2020-03-10 00:00:00'),
(40, 3, 'Concordia', 10, '2020-03-10 00:00:00'),
(41, 3, 'Copacabana', 10, '2020-03-10 00:00:00'),
(42, 3, 'Cáceres', 10, '2020-03-10 00:00:00'),
(43, 3, 'Dabeiba', 10, '2020-03-10 00:00:00'),
(44, 3, 'Don Matías', 10, '2020-03-10 00:00:00'),
(45, 3, 'Ebéjico', 10, '2020-03-10 00:00:00'),
(46, 3, 'El Bagre', 10, '2020-03-10 00:00:00'),
(47, 3, 'Entrerríos', 10, '2020-03-10 00:00:00'),
(48, 3, 'Envigado', 10, '2020-03-10 00:00:00'),
(49, 3, 'Fredonia', 10, '2020-03-10 00:00:00'),
(50, 3, 'Frontino', 10, '2020-03-10 00:00:00'),
(51, 3, 'Giraldo', 10, '2020-03-10 00:00:00'),
(52, 3, 'Girardota', 10, '2020-03-10 00:00:00'),
(53, 3, 'Granada', 10, '2020-03-10 00:00:00'),
(54, 3, 'Guadalupe', 10, '2020-03-10 00:00:00'),
(55, 3, 'Guarne', 10, '2020-03-10 00:00:00'),
(56, 3, 'Guatapé', 10, '2020-03-10 00:00:00'),
(57, 3, 'Gómez Plata', 10, '2020-03-10 00:00:00'),
(58, 3, 'Heliconia', 10, '2020-03-10 00:00:00'),
(59, 3, 'Hispania', 10, '2020-03-10 00:00:00'),
(60, 3, 'Itagüí', 10, '2020-03-10 00:00:00'),
(61, 3, 'Ituango', 10, '2020-03-10 00:00:00'),
(62, 3, 'Jardín', 10, '2020-03-10 00:00:00'),
(63, 3, 'Jericó', 10, '2020-03-10 00:00:00'),
(64, 3, 'La Ceja', 10, '2020-03-10 00:00:00'),
(65, 3, 'La Estrella', 10, '2020-03-10 00:00:00'),
(66, 3, 'La Pintada', 10, '2020-03-10 00:00:00'),
(67, 3, 'La Unión', 10, '2020-03-10 00:00:00'),
(68, 3, 'Liborina', 10, '2020-03-10 00:00:00'),
(69, 3, 'Maceo', 10, '2020-03-10 00:00:00'),
(70, 3, 'Marinilla', 10, '2020-03-10 00:00:00'),
(71, 3, 'Medellín', 10, '2020-03-10 00:00:00'),
(72, 3, 'Montebello', 10, '2020-03-10 00:00:00'),
(73, 3, 'Murindó', 10, '2020-03-10 00:00:00'),
(74, 3, 'Mutatá', 10, '2020-03-10 00:00:00'),
(75, 3, 'Nariño', 10, '2020-03-10 00:00:00'),
(76, 3, 'Nechí', 10, '2020-03-10 00:00:00'),
(77, 3, 'Necoclí', 10, '2020-03-10 00:00:00'),
(78, 3, 'Olaya', 10, '2020-03-10 00:00:00'),
(79, 3, 'Peque', 10, '2020-03-10 00:00:00'),
(80, 3, 'Peñol', 10, '2020-03-10 00:00:00'),
(81, 3, 'Pueblorrico', 10, '2020-03-10 00:00:00'),
(82, 3, 'Puerto Berrío', 10, '2020-03-10 00:00:00'),
(83, 3, 'Puerto Nare', 10, '2020-03-10 00:00:00'),
(84, 3, 'Puerto Triunfo', 10, '2020-03-10 00:00:00'),
(85, 3, 'Remedios', 10, '2020-03-10 00:00:00'),
(86, 3, 'Retiro', 10, '2020-03-10 00:00:00'),
(87, 3, 'Ríonegro', 10, '2020-03-10 00:00:00'),
(88, 3, 'Sabanalarga', 10, '2020-03-10 00:00:00'),
(89, 3, 'Sabaneta', 10, '2020-03-10 00:00:00'),
(90, 3, 'Salgar', 10, '2020-03-10 00:00:00'),
(91, 3, 'San Andrés de Cuerquía', 10, '2020-03-10 00:00:00'),
(92, 3, 'San Carlos', 10, '2020-03-10 00:00:00'),
(93, 3, 'San Francisco', 10, '2020-03-10 00:00:00'),
(94, 3, 'San Jerónimo', 10, '2020-03-10 00:00:00'),
(95, 3, 'San José de Montaña', 10, '2020-03-10 00:00:00'),
(96, 3, 'San Juan de Urabá', 10, '2020-03-10 00:00:00'),
(97, 3, 'San Luís', 10, '2020-03-10 00:00:00'),
(98, 3, 'San Pedro', 10, '2020-03-10 00:00:00'),
(99, 3, 'San Pedro de Urabá', 10, '2020-03-10 00:00:00'),
(100, 3, 'San Rafael', 10, '2020-03-10 00:00:00'),
(101, 3, 'San Roque', 10, '2020-03-10 00:00:00'),
(102, 3, 'San Vicente', 10, '2020-03-10 00:00:00'),
(103, 3, 'Santa Bárbara', 10, '2020-03-10 00:00:00'),
(104, 3, 'Santa Fé de Antioquia', 10, '2020-03-10 00:00:00'),
(105, 3, 'Santa Rosa de Osos', 10, '2020-03-10 00:00:00'),
(106, 3, 'Santo Domingo', 10, '2020-03-10 00:00:00'),
(107, 3, 'Santuario', 10, '2020-03-10 00:00:00'),
(108, 3, 'Segovia', 10, '2020-03-10 00:00:00'),
(109, 3, 'Sonsón', 10, '2020-03-10 00:00:00'),
(110, 3, 'Sopetrán', 10, '2020-03-10 00:00:00'),
(111, 3, 'Tarazá', 10, '2020-03-10 00:00:00'),
(112, 3, 'Tarso', 10, '2020-03-10 00:00:00'),
(113, 3, 'Titiribí', 10, '2020-03-10 00:00:00'),
(114, 3, 'Toledo', 10, '2020-03-10 00:00:00'),
(115, 3, 'Turbo', 10, '2020-03-10 00:00:00'),
(116, 3, 'Támesis', 10, '2020-03-10 00:00:00'),
(117, 3, 'Uramita', 10, '2020-03-10 00:00:00'),
(118, 3, 'Urrao', 10, '2020-03-10 00:00:00'),
(119, 3, 'Valdivia', 10, '2020-03-10 00:00:00'),
(120, 3, 'Valparaiso', 10, '2020-03-10 00:00:00'),
(121, 3, 'Vegachí', 10, '2020-03-10 00:00:00'),
(122, 3, 'Venecia', 10, '2020-03-10 00:00:00'),
(123, 3, 'Vigía del Fuerte', 10, '2020-03-10 00:00:00'),
(124, 3, 'Yalí', 10, '2020-03-10 00:00:00'),
(125, 3, 'Yarumal', 10, '2020-03-10 00:00:00'),
(126, 3, 'Yolombó', 10, '2020-03-10 00:00:00'),
(127, 3, 'Yondó (Casabe)', 10, '2020-03-10 00:00:00'),
(128, 3, 'Zaragoza', 10, '2020-03-10 00:00:00'),
(129, 4, 'Arauca', 10, '2020-03-10 00:00:00'),
(130, 4, 'Arauquita', 10, '2020-03-10 00:00:00'),
(131, 4, 'Cravo Norte', 10, '2020-03-10 00:00:00'),
(132, 4, 'Fortúl', 10, '2020-03-10 00:00:00'),
(133, 4, 'Puerto Rondón', 10, '2020-03-10 00:00:00'),
(134, 4, 'Saravena', 10, '2020-03-10 00:00:00'),
(135, 4, 'Tame', 10, '2020-03-10 00:00:00'),
(136, 5, 'Baranoa', 10, '2020-03-10 00:00:00'),
(137, 5, 'Barranquilla', 10, '2020-03-10 00:00:00'),
(138, 5, 'Campo de la Cruz', 10, '2020-03-10 00:00:00'),
(139, 5, 'Candelaria', 10, '2020-03-10 00:00:00'),
(140, 5, 'Galapa', 10, '2020-03-10 00:00:00'),
(141, 5, 'Juan de Acosta', 10, '2020-03-10 00:00:00'),
(142, 5, 'Luruaco', 10, '2020-03-10 00:00:00'),
(143, 5, 'Malambo', 10, '2020-03-10 00:00:00'),
(144, 5, 'Manatí', 10, '2020-03-10 00:00:00'),
(145, 5, 'Palmar de Varela', 10, '2020-03-10 00:00:00'),
(146, 5, 'Piojo', 10, '2020-03-10 00:00:00'),
(147, 5, 'Polonuevo', 10, '2020-03-10 00:00:00'),
(148, 5, 'Ponedera', 10, '2020-03-10 00:00:00'),
(149, 5, 'Puerto Colombia', 10, '2020-03-10 00:00:00'),
(150, 5, 'Repelón', 10, '2020-03-10 00:00:00'),
(151, 5, 'Sabanagrande', 10, '2020-03-10 00:00:00'),
(152, 5, 'Sabanalarga', 10, '2020-03-10 00:00:00'),
(153, 5, 'Santa Lucía', 10, '2020-03-10 00:00:00'),
(154, 5, 'Santo Tomás', 10, '2020-03-10 00:00:00'),
(155, 5, 'Soledad', 10, '2020-03-10 00:00:00'),
(156, 5, 'Suan', 10, '2020-03-10 00:00:00'),
(157, 5, 'Tubará', 10, '2020-03-10 00:00:00'),
(158, 5, 'Usiacuri', 10, '2020-03-10 00:00:00'),
(159, 6, 'Achí', 10, '2020-03-10 00:00:00'),
(160, 6, 'Altos del Rosario', 10, '2020-03-10 00:00:00'),
(161, 6, 'Arenal', 10, '2020-03-10 00:00:00'),
(162, 6, 'Arjona', 10, '2020-03-10 00:00:00'),
(163, 6, 'Arroyohondo', 10, '2020-03-10 00:00:00'),
(164, 6, 'Barranco de Loba', 10, '2020-03-10 00:00:00'),
(165, 6, 'Calamar', 10, '2020-03-10 00:00:00'),
(166, 6, 'Cantagallo', 10, '2020-03-10 00:00:00'),
(167, 6, 'Cartagena', 10, '2020-03-10 00:00:00'),
(168, 6, 'Cicuco', 10, '2020-03-10 00:00:00'),
(169, 6, 'Clemencia', 10, '2020-03-10 00:00:00'),
(170, 6, 'Córdoba', 10, '2020-03-10 00:00:00'),
(171, 6, 'El Carmen de Bolívar', 10, '2020-03-10 00:00:00'),
(172, 6, 'El Guamo', 10, '2020-03-10 00:00:00'),
(173, 6, 'El Peñon', 10, '2020-03-10 00:00:00'),
(174, 6, 'Hatillo de Loba', 10, '2020-03-10 00:00:00'),
(175, 6, 'Magangué', 10, '2020-03-10 00:00:00'),
(176, 6, 'Mahates', 10, '2020-03-10 00:00:00'),
(177, 6, 'Margarita', 10, '2020-03-10 00:00:00'),
(178, 6, 'María la Baja', 10, '2020-03-10 00:00:00'),
(179, 6, 'Mompós', 10, '2020-03-10 00:00:00'),
(180, 6, 'Montecristo', 10, '2020-03-10 00:00:00'),
(181, 6, 'Morales', 10, '2020-03-10 00:00:00'),
(182, 6, 'Norosí', 10, '2020-03-10 00:00:00'),
(183, 6, 'Pinillos', 10, '2020-03-10 00:00:00'),
(184, 6, 'Regidor', 10, '2020-03-10 00:00:00'),
(185, 6, 'Río Viejo', 10, '2020-03-10 00:00:00'),
(186, 6, 'San Cristobal', 10, '2020-03-10 00:00:00'),
(187, 6, 'San Estanislao', 10, '2020-03-10 00:00:00'),
(188, 6, 'San Fernando', 10, '2020-03-10 00:00:00'),
(189, 6, 'San Jacinto', 10, '2020-03-10 00:00:00'),
(190, 6, 'San Jacinto del Cauca', 10, '2020-03-10 00:00:00'),
(191, 6, 'San Juan de Nepomuceno', 10, '2020-03-10 00:00:00'),
(192, 6, 'San Martín de Loba', 10, '2020-03-10 00:00:00'),
(193, 6, 'San Pablo', 10, '2020-03-10 00:00:00'),
(194, 6, 'Santa Catalina', 10, '2020-03-10 00:00:00'),
(195, 6, 'Santa Rosa ', 10, '2020-03-10 00:00:00'),
(196, 6, 'Santa Rosa del Sur', 10, '2020-03-10 00:00:00'),
(197, 6, 'Simití', 10, '2020-03-10 00:00:00'),
(198, 6, 'Soplaviento', 10, '2020-03-10 00:00:00'),
(199, 6, 'Talaigua Nuevo', 10, '2020-03-10 00:00:00'),
(200, 6, 'Tiquisio (Puerto Rico)', 10, '2020-03-10 00:00:00'),
(201, 6, 'Turbaco', 10, '2020-03-10 00:00:00'),
(202, 6, 'Turbaná', 10, '2020-03-10 00:00:00'),
(203, 6, 'Villanueva', 10, '2020-03-10 00:00:00'),
(204, 6, 'Zambrano', 10, '2020-03-10 00:00:00'),
(205, 7, 'Almeida', 10, '2020-03-10 00:00:00'),
(206, 7, 'Aquitania', 10, '2020-03-10 00:00:00'),
(207, 7, 'Arcabuco', 10, '2020-03-10 00:00:00'),
(208, 7, 'Belén', 10, '2020-03-10 00:00:00'),
(209, 7, 'Berbeo', 10, '2020-03-10 00:00:00'),
(210, 7, 'Beteitiva', 10, '2020-03-10 00:00:00'),
(211, 7, 'Boavita', 10, '2020-03-10 00:00:00'),
(212, 7, 'Boyacá', 10, '2020-03-10 00:00:00'),
(213, 7, 'Briceño', 10, '2020-03-10 00:00:00'),
(214, 7, 'Buenavista', 10, '2020-03-10 00:00:00'),
(215, 7, 'Busbanza', 10, '2020-03-10 00:00:00'),
(216, 7, 'Caldas', 10, '2020-03-10 00:00:00'),
(217, 7, 'Campohermoso', 10, '2020-03-10 00:00:00'),
(218, 7, 'Cerinza', 10, '2020-03-10 00:00:00'),
(219, 7, 'Chinavita', 10, '2020-03-10 00:00:00'),
(220, 7, 'Chiquinquirá', 10, '2020-03-10 00:00:00'),
(221, 7, 'Chiscas', 10, '2020-03-10 00:00:00'),
(222, 7, 'Chita', 10, '2020-03-10 00:00:00'),
(223, 7, 'Chitaraque', 10, '2020-03-10 00:00:00'),
(224, 7, 'Chivatá', 10, '2020-03-10 00:00:00'),
(225, 7, 'Chíquiza', 10, '2020-03-10 00:00:00'),
(226, 7, 'Chívor', 10, '2020-03-10 00:00:00'),
(227, 7, 'Ciénaga', 10, '2020-03-10 00:00:00'),
(228, 7, 'Coper', 10, '2020-03-10 00:00:00'),
(229, 7, 'Corrales', 10, '2020-03-10 00:00:00'),
(230, 7, 'Covarachía', 10, '2020-03-10 00:00:00'),
(231, 7, 'Cubará', 10, '2020-03-10 00:00:00'),
(232, 7, 'Cucaita', 10, '2020-03-10 00:00:00'),
(233, 7, 'Cuitiva', 10, '2020-03-10 00:00:00'),
(234, 7, 'Cómbita', 10, '2020-03-10 00:00:00'),
(235, 7, 'Duitama', 10, '2020-03-10 00:00:00'),
(236, 7, 'El Cocuy', 10, '2020-03-10 00:00:00'),
(237, 7, 'El Espino', 10, '2020-03-10 00:00:00'),
(238, 7, 'Firavitoba', 10, '2020-03-10 00:00:00'),
(239, 7, 'Floresta', 10, '2020-03-10 00:00:00'),
(240, 7, 'Gachantivá', 10, '2020-03-10 00:00:00'),
(241, 7, 'Garagoa', 10, '2020-03-10 00:00:00'),
(242, 7, 'Guacamayas', 10, '2020-03-10 00:00:00'),
(243, 7, 'Guateque', 10, '2020-03-10 00:00:00'),
(244, 7, 'Guayatá', 10, '2020-03-10 00:00:00'),
(245, 7, 'Guicán', 10, '2020-03-10 00:00:00'),
(246, 7, 'Gámeza', 10, '2020-03-10 00:00:00'),
(247, 7, 'Izá', 10, '2020-03-10 00:00:00'),
(248, 7, 'Jenesano', 10, '2020-03-10 00:00:00'),
(249, 7, 'Jericó', 10, '2020-03-10 00:00:00'),
(250, 7, 'La Capilla', 10, '2020-03-10 00:00:00'),
(251, 7, 'La Uvita', 10, '2020-03-10 00:00:00'),
(252, 7, 'La Victoria', 10, '2020-03-10 00:00:00'),
(253, 7, 'Labranzagrande', 10, '2020-03-10 00:00:00'),
(254, 7, 'Macanal', 10, '2020-03-10 00:00:00'),
(255, 7, 'Maripí', 10, '2020-03-10 00:00:00'),
(256, 7, 'Miraflores', 10, '2020-03-10 00:00:00'),
(257, 7, 'Mongua', 10, '2020-03-10 00:00:00'),
(258, 7, 'Monguí', 10, '2020-03-10 00:00:00'),
(259, 7, 'Moniquirá', 10, '2020-03-10 00:00:00'),
(260, 7, 'Motavita', 10, '2020-03-10 00:00:00'),
(261, 7, 'Muzo', 10, '2020-03-10 00:00:00'),
(262, 7, 'Nobsa', 10, '2020-03-10 00:00:00'),
(263, 7, 'Nuevo Colón', 10, '2020-03-10 00:00:00'),
(264, 7, 'Oicatá', 10, '2020-03-10 00:00:00'),
(265, 7, 'Otanche', 10, '2020-03-10 00:00:00'),
(266, 7, 'Pachavita', 10, '2020-03-10 00:00:00'),
(267, 7, 'Paipa', 10, '2020-03-10 00:00:00'),
(268, 7, 'Pajarito', 10, '2020-03-10 00:00:00'),
(269, 7, 'Panqueba', 10, '2020-03-10 00:00:00'),
(270, 7, 'Pauna', 10, '2020-03-10 00:00:00'),
(271, 7, 'Paya', 10, '2020-03-10 00:00:00'),
(272, 7, 'Paz de Río', 10, '2020-03-10 00:00:00'),
(273, 7, 'Pesca', 10, '2020-03-10 00:00:00'),
(274, 7, 'Pisba', 10, '2020-03-10 00:00:00'),
(275, 7, 'Puerto Boyacá', 10, '2020-03-10 00:00:00'),
(276, 7, 'Páez', 10, '2020-03-10 00:00:00'),
(277, 7, 'Quipama', 10, '2020-03-10 00:00:00'),
(278, 7, 'Ramiriquí', 10, '2020-03-10 00:00:00'),
(279, 7, 'Rondón', 10, '2020-03-10 00:00:00'),
(280, 7, 'Ráquira', 10, '2020-03-10 00:00:00'),
(281, 7, 'Saboyá', 10, '2020-03-10 00:00:00'),
(282, 7, 'Samacá', 10, '2020-03-10 00:00:00'),
(283, 7, 'San Eduardo', 10, '2020-03-10 00:00:00'),
(284, 7, 'San José de Pare', 10, '2020-03-10 00:00:00'),
(285, 7, 'San Luís de Gaceno', 10, '2020-03-10 00:00:00'),
(286, 7, 'San Mateo', 10, '2020-03-10 00:00:00'),
(287, 7, 'San Miguel de Sema', 10, '2020-03-10 00:00:00'),
(288, 7, 'San Pablo de Borbur', 10, '2020-03-10 00:00:00'),
(289, 7, 'Santa María', 10, '2020-03-10 00:00:00'),
(290, 7, 'Santa Rosa de Viterbo', 10, '2020-03-10 00:00:00'),
(291, 7, 'Santa Sofía', 10, '2020-03-10 00:00:00'),
(292, 7, 'Santana', 10, '2020-03-10 00:00:00'),
(293, 7, 'Sativanorte', 10, '2020-03-10 00:00:00'),
(294, 7, 'Sativasur', 10, '2020-03-10 00:00:00'),
(295, 7, 'Siachoque', 10, '2020-03-10 00:00:00'),
(296, 7, 'Soatá', 10, '2020-03-10 00:00:00'),
(297, 7, 'Socha', 10, '2020-03-10 00:00:00'),
(298, 7, 'Socotá', 10, '2020-03-10 00:00:00'),
(299, 7, 'Sogamoso', 10, '2020-03-10 00:00:00'),
(300, 7, 'Somondoco', 10, '2020-03-10 00:00:00'),
(301, 7, 'Sora', 10, '2020-03-10 00:00:00'),
(302, 7, 'Soracá', 10, '2020-03-10 00:00:00'),
(303, 7, 'Sotaquirá', 10, '2020-03-10 00:00:00'),
(304, 7, 'Susacón', 10, '2020-03-10 00:00:00'),
(305, 7, 'Sutamarchán', 10, '2020-03-10 00:00:00'),
(306, 7, 'Sutatenza', 10, '2020-03-10 00:00:00'),
(307, 7, 'Sáchica', 10, '2020-03-10 00:00:00'),
(308, 7, 'Tasco', 10, '2020-03-10 00:00:00'),
(309, 7, 'Tenza', 10, '2020-03-10 00:00:00'),
(310, 7, 'Tibaná', 10, '2020-03-10 00:00:00'),
(311, 7, 'Tibasosa', 10, '2020-03-10 00:00:00'),
(312, 7, 'Tinjacá', 10, '2020-03-10 00:00:00'),
(313, 7, 'Tipacoque', 10, '2020-03-10 00:00:00'),
(314, 7, 'Toca', 10, '2020-03-10 00:00:00'),
(315, 7, 'Toguí', 10, '2020-03-10 00:00:00'),
(316, 7, 'Topagá', 10, '2020-03-10 00:00:00'),
(317, 7, 'Tota', 10, '2020-03-10 00:00:00'),
(318, 7, 'Tunja', 10, '2020-03-10 00:00:00'),
(319, 7, 'Tunungua', 10, '2020-03-10 00:00:00'),
(320, 7, 'Turmequé', 10, '2020-03-10 00:00:00'),
(321, 7, 'Tuta', 10, '2020-03-10 00:00:00'),
(322, 7, 'Tutasá', 10, '2020-03-10 00:00:00'),
(323, 7, 'Ventaquemada', 10, '2020-03-10 00:00:00'),
(324, 7, 'Villa de Leiva', 10, '2020-03-10 00:00:00'),
(325, 7, 'Viracachá', 10, '2020-03-10 00:00:00'),
(326, 7, 'Zetaquirá', 10, '2020-03-10 00:00:00'),
(327, 7, 'Úmbita', 10, '2020-03-10 00:00:00'),
(328, 8, 'Aguadas', 10, '2020-03-10 00:00:00'),
(329, 8, 'Anserma', 10, '2020-03-10 00:00:00'),
(330, 8, 'Aranzazu', 10, '2020-03-10 00:00:00'),
(331, 8, 'Belalcázar', 10, '2020-03-10 00:00:00'),
(332, 8, 'Chinchiná', 10, '2020-03-10 00:00:00'),
(333, 8, 'Filadelfia', 10, '2020-03-10 00:00:00'),
(334, 8, 'La Dorada', 10, '2020-03-10 00:00:00'),
(335, 8, 'La Merced', 10, '2020-03-10 00:00:00'),
(336, 8, 'La Victoria', 10, '2020-03-10 00:00:00'),
(337, 8, 'Manizales', 10, '2020-03-10 00:00:00'),
(338, 8, 'Manzanares', 10, '2020-03-10 00:00:00'),
(339, 8, 'Marmato', 10, '2020-03-10 00:00:00'),
(340, 8, 'Marquetalia', 10, '2020-03-10 00:00:00'),
(341, 8, 'Marulanda', 10, '2020-03-10 00:00:00'),
(342, 8, 'Neira', 10, '2020-03-10 00:00:00'),
(343, 8, 'Norcasia', 10, '2020-03-10 00:00:00'),
(344, 8, 'Palestina', 10, '2020-03-10 00:00:00'),
(345, 8, 'Pensilvania', 10, '2020-03-10 00:00:00'),
(346, 8, 'Pácora', 10, '2020-03-10 00:00:00'),
(347, 8, 'Risaralda', 10, '2020-03-10 00:00:00'),
(348, 8, 'Río Sucio', 10, '2020-03-10 00:00:00'),
(349, 8, 'Salamina', 10, '2020-03-10 00:00:00'),
(350, 8, 'Samaná', 10, '2020-03-10 00:00:00'),
(351, 8, 'San José', 10, '2020-03-10 00:00:00'),
(352, 8, 'Supía', 10, '2020-03-10 00:00:00'),
(353, 8, 'Villamaría', 10, '2020-03-10 00:00:00'),
(354, 8, 'Viterbo', 10, '2020-03-10 00:00:00'),
(355, 9, 'Albania', 10, '2020-03-10 00:00:00'),
(356, 9, 'Belén de los Andaquíes', 10, '2020-03-10 00:00:00'),
(357, 9, 'Cartagena del Chairá', 10, '2020-03-10 00:00:00'),
(358, 9, 'Curillo', 10, '2020-03-10 00:00:00'),
(359, 9, 'El Doncello', 10, '2020-03-10 00:00:00'),
(360, 9, 'El Paujil', 10, '2020-03-10 00:00:00'),
(361, 9, 'Florencia', 10, '2020-03-10 00:00:00'),
(362, 9, 'La Montañita', 10, '2020-03-10 00:00:00'),
(363, 9, 'Milán', 10, '2020-03-10 00:00:00'),
(364, 9, 'Morelia', 10, '2020-03-10 00:00:00'),
(365, 9, 'Puerto Rico', 10, '2020-03-10 00:00:00'),
(366, 9, 'San José del Fragua', 10, '2020-03-10 00:00:00'),
(367, 9, 'San Vicente del Caguán', 10, '2020-03-10 00:00:00'),
(368, 9, 'Solano', 10, '2020-03-10 00:00:00'),
(369, 9, 'Solita', 10, '2020-03-10 00:00:00'),
(370, 9, 'Valparaiso', 10, '2020-03-10 00:00:00'),
(371, 10, 'Aguazul', 10, '2020-03-10 00:00:00'),
(372, 10, 'Chámeza', 10, '2020-03-10 00:00:00'),
(373, 10, 'Hato Corozal', 10, '2020-03-10 00:00:00'),
(374, 10, 'La Salina', 10, '2020-03-10 00:00:00'),
(375, 10, 'Maní', 10, '2020-03-10 00:00:00'),
(376, 10, 'Monterrey', 10, '2020-03-10 00:00:00'),
(377, 10, 'Nunchía', 10, '2020-03-10 00:00:00'),
(378, 10, 'Orocué', 10, '2020-03-10 00:00:00'),
(379, 10, 'Paz de Ariporo', 10, '2020-03-10 00:00:00'),
(380, 10, 'Pore', 10, '2020-03-10 00:00:00'),
(381, 10, 'Recetor', 10, '2020-03-10 00:00:00'),
(382, 10, 'Sabanalarga', 10, '2020-03-10 00:00:00'),
(383, 10, 'San Luís de Palenque', 10, '2020-03-10 00:00:00'),
(384, 10, 'Sácama', 10, '2020-03-10 00:00:00'),
(385, 10, 'Tauramena', 10, '2020-03-10 00:00:00'),
(386, 10, 'Trinidad', 10, '2020-03-10 00:00:00'),
(387, 10, 'Támara', 10, '2020-03-10 00:00:00'),
(388, 10, 'Villanueva', 10, '2020-03-10 00:00:00'),
(389, 10, 'Yopal', 10, '2020-03-10 00:00:00'),
(390, 11, 'Almaguer', 10, '2020-03-10 00:00:00'),
(391, 11, 'Argelia', 10, '2020-03-10 00:00:00'),
(392, 11, 'Balboa', 10, '2020-03-10 00:00:00'),
(393, 11, 'Bolívar', 10, '2020-03-10 00:00:00'),
(394, 11, 'Buenos Aires', 10, '2020-03-10 00:00:00'),
(395, 11, 'Cajibío', 10, '2020-03-10 00:00:00'),
(396, 11, 'Caldono', 10, '2020-03-10 00:00:00'),
(397, 11, 'Caloto', 10, '2020-03-10 00:00:00'),
(398, 11, 'Corinto', 10, '2020-03-10 00:00:00'),
(399, 11, 'El Tambo', 10, '2020-03-10 00:00:00'),
(400, 11, 'Florencia', 10, '2020-03-10 00:00:00'),
(401, 11, 'Guachené', 10, '2020-03-10 00:00:00'),
(402, 11, 'Guapí', 10, '2020-03-10 00:00:00'),
(403, 11, 'Inzá', 10, '2020-03-10 00:00:00'),
(404, 11, 'Jambaló', 10, '2020-03-10 00:00:00'),
(405, 11, 'La Sierra', 10, '2020-03-10 00:00:00'),
(406, 11, 'La Vega', 10, '2020-03-10 00:00:00'),
(407, 11, 'López (Micay)', 10, '2020-03-10 00:00:00'),
(408, 11, 'Mercaderes', 10, '2020-03-10 00:00:00'),
(409, 11, 'Miranda', 10, '2020-03-10 00:00:00'),
(410, 11, 'Morales', 10, '2020-03-10 00:00:00'),
(411, 11, 'Padilla', 10, '2020-03-10 00:00:00'),
(412, 11, 'Patía (El Bordo)', 10, '2020-03-10 00:00:00'),
(413, 11, 'Piamonte', 10, '2020-03-10 00:00:00'),
(414, 11, 'Piendamó', 10, '2020-03-10 00:00:00'),
(415, 11, 'Popayán', 10, '2020-03-10 00:00:00'),
(416, 11, 'Puerto Tejada', 10, '2020-03-10 00:00:00'),
(417, 11, 'Puracé (Coconuco)', 10, '2020-03-10 00:00:00'),
(418, 11, 'Páez (Belalcazar)', 10, '2020-03-10 00:00:00'),
(419, 11, 'Rosas', 10, '2020-03-10 00:00:00'),
(420, 11, 'San Sebastián', 10, '2020-03-10 00:00:00'),
(421, 11, 'Santa Rosa', 10, '2020-03-10 00:00:00'),
(422, 11, 'Santander de Quilichao', 10, '2020-03-10 00:00:00'),
(423, 11, 'Silvia', 10, '2020-03-10 00:00:00'),
(424, 11, 'Sotara (Paispamba)', 10, '2020-03-10 00:00:00'),
(425, 11, 'Sucre', 10, '2020-03-10 00:00:00'),
(426, 11, 'Suárez', 10, '2020-03-10 00:00:00'),
(427, 11, 'Timbiquí', 10, '2020-03-10 00:00:00'),
(428, 11, 'Timbío', 10, '2020-03-10 00:00:00'),
(429, 11, 'Toribío', 10, '2020-03-10 00:00:00'),
(430, 11, 'Totoró', 10, '2020-03-10 00:00:00'),
(431, 11, 'Villa Rica', 10, '2020-03-10 00:00:00'),
(432, 12, 'Aguachica', 10, '2020-03-10 00:00:00'),
(433, 12, 'Agustín Codazzi', 10, '2020-03-10 00:00:00'),
(434, 12, 'Astrea', 10, '2020-03-10 00:00:00'),
(435, 12, 'Becerríl', 10, '2020-03-10 00:00:00'),
(436, 12, 'Bosconia', 10, '2020-03-10 00:00:00'),
(437, 12, 'Chimichagua', 10, '2020-03-10 00:00:00'),
(438, 12, 'Chiriguaná', 10, '2020-03-10 00:00:00'),
(439, 12, 'Curumaní', 10, '2020-03-10 00:00:00'),
(440, 12, 'El Copey', 10, '2020-03-10 00:00:00'),
(441, 12, 'El Paso', 10, '2020-03-10 00:00:00'),
(442, 12, 'Gamarra', 10, '2020-03-10 00:00:00'),
(443, 12, 'Gonzalez', 10, '2020-03-10 00:00:00'),
(444, 12, 'La Gloria', 10, '2020-03-10 00:00:00'),
(445, 12, 'La Jagua de Ibirico', 10, '2020-03-10 00:00:00'),
(446, 12, 'La Paz (Robles)', 10, '2020-03-10 00:00:00'),
(447, 12, 'Manaure Balcón del Cesar', 10, '2020-03-10 00:00:00'),
(448, 12, 'Pailitas', 10, '2020-03-10 00:00:00'),
(449, 12, 'Pelaya', 10, '2020-03-10 00:00:00'),
(450, 12, 'Pueblo Bello', 10, '2020-03-10 00:00:00'),
(451, 12, 'Río de oro', 10, '2020-03-10 00:00:00'),
(452, 12, 'San Alberto', 10, '2020-03-10 00:00:00'),
(453, 12, 'San Diego', 10, '2020-03-10 00:00:00'),
(454, 12, 'San Martín', 10, '2020-03-10 00:00:00'),
(455, 12, 'Tamalameque', 10, '2020-03-10 00:00:00'),
(456, 12, 'Valledupar', 10, '2020-03-10 00:00:00'),
(457, 13, 'Acandí', 10, '2020-03-10 00:00:00'),
(458, 13, 'Alto Baudó (Pie de Pato)', 10, '2020-03-10 00:00:00'),
(459, 13, 'Atrato (Yuto)', 10, '2020-03-10 00:00:00'),
(460, 13, 'Bagadó', 10, '2020-03-10 00:00:00'),
(461, 13, 'Bahía Solano (Mútis)', 10, '2020-03-10 00:00:00'),
(462, 13, 'Bajo Baudó (Pizarro)', 10, '2020-03-10 00:00:00'),
(463, 13, 'Belén de Bajirá', 10, '2020-03-10 00:00:00'),
(464, 13, 'Bojayá (Bellavista)', 10, '2020-03-10 00:00:00'),
(465, 13, 'Cantón de San Pablo', 10, '2020-03-10 00:00:00'),
(466, 13, 'Carmen del Darién (CURBARADÓ)', 10, '2020-03-10 00:00:00'),
(467, 13, 'Condoto', 10, '2020-03-10 00:00:00'),
(468, 13, 'Cértegui', 10, '2020-03-10 00:00:00'),
(469, 13, 'El Carmen de Atrato', 10, '2020-03-10 00:00:00'),
(470, 13, 'Istmina', 10, '2020-03-10 00:00:00'),
(471, 13, 'Juradó', 10, '2020-03-10 00:00:00'),
(472, 13, 'Lloró', 10, '2020-03-10 00:00:00'),
(473, 13, 'Medio Atrato', 10, '2020-03-10 00:00:00'),
(474, 13, 'Medio Baudó', 10, '2020-03-10 00:00:00'),
(475, 13, 'Medio San Juan (ANDAGOYA)', 10, '2020-03-10 00:00:00'),
(476, 13, 'Novita', 10, '2020-03-10 00:00:00'),
(477, 13, 'Nuquí', 10, '2020-03-10 00:00:00'),
(478, 13, 'Quibdó', 10, '2020-03-10 00:00:00'),
(479, 13, 'Río Iró', 10, '2020-03-10 00:00:00'),
(480, 13, 'Río Quito', 10, '2020-03-10 00:00:00'),
(481, 13, 'Ríosucio', 10, '2020-03-10 00:00:00'),
(482, 13, 'San José del Palmar', 10, '2020-03-10 00:00:00'),
(483, 13, 'Santa Genoveva de Docorodó', 10, '2020-03-10 00:00:00'),
(484, 13, 'Sipí', 10, '2020-03-10 00:00:00'),
(485, 13, 'Tadó', 10, '2020-03-10 00:00:00'),
(486, 13, 'Unguía', 10, '2020-03-10 00:00:00'),
(487, 13, 'Unión Panamericana (ÁNIMAS)', 10, '2020-03-10 00:00:00'),
(488, 14, 'Ayapel', 10, '2020-03-10 00:00:00'),
(489, 14, 'Buenavista', 10, '2020-03-10 00:00:00'),
(490, 14, 'Canalete', 10, '2020-03-10 00:00:00'),
(491, 14, 'Cereté', 10, '2020-03-10 00:00:00'),
(492, 14, 'Chimá', 10, '2020-03-10 00:00:00'),
(493, 14, 'Chinú', 10, '2020-03-10 00:00:00'),
(494, 14, 'Ciénaga de Oro', 10, '2020-03-10 00:00:00'),
(495, 14, 'Cotorra', 10, '2020-03-10 00:00:00'),
(496, 14, 'La Apartada y La Frontera', 10, '2020-03-10 00:00:00'),
(497, 14, 'Lorica', 10, '2020-03-10 00:00:00'),
(498, 14, 'Los Córdobas', 10, '2020-03-10 00:00:00'),
(499, 14, 'Momil', 10, '2020-03-10 00:00:00'),
(500, 14, 'Montelíbano', 10, '2020-03-10 00:00:00'),
(501, 14, 'Monteria', 10, '2020-03-10 00:00:00'),
(502, 14, 'Moñitos', 10, '2020-03-10 00:00:00'),
(503, 14, 'Planeta Rica', 10, '2020-03-10 00:00:00'),
(504, 14, 'Pueblo Nuevo', 10, '2020-03-10 00:00:00'),
(505, 14, 'Puerto Escondido', 10, '2020-03-10 00:00:00'),
(506, 14, 'Puerto Libertador', 10, '2020-03-10 00:00:00'),
(507, 14, 'Purísima', 10, '2020-03-10 00:00:00'),
(508, 14, 'Sahagún', 10, '2020-03-10 00:00:00'),
(509, 14, 'San Andrés Sotavento', 10, '2020-03-10 00:00:00'),
(510, 14, 'San Antero', 10, '2020-03-10 00:00:00'),
(511, 14, 'San Bernardo del Viento', 10, '2020-03-10 00:00:00'),
(512, 14, 'San Carlos', 10, '2020-03-10 00:00:00'),
(513, 14, 'San José de Uré', 10, '2020-03-10 00:00:00'),
(514, 14, 'San Pelayo', 10, '2020-03-10 00:00:00'),
(515, 14, 'Tierralta', 10, '2020-03-10 00:00:00'),
(516, 14, 'Tuchín', 10, '2020-03-10 00:00:00'),
(517, 14, 'Valencia', 10, '2020-03-10 00:00:00'),
(518, 1, 'Agua de Dios', 10, '2020-03-10 00:00:00'),
(519, 1, 'Albán', 10, '2020-03-10 00:00:00'),
(520, 1, 'Anapoima', 10, '2020-03-10 00:00:00'),
(521, 1, 'Anolaima', 10, '2020-03-10 00:00:00'),
(522, 1, 'Apulo', 10, '2020-03-10 00:00:00'),
(523, 1, 'Arbeláez', 10, '2020-03-10 00:00:00'),
(524, 1, 'Beltrán', 10, '2020-03-10 00:00:00'),
(525, 1, 'Bituima', 10, '2020-03-10 00:00:00'),
(526, 1, 'Bojacá', 10, '2020-03-10 00:00:00'),
(527, 1, 'Cabrera', 10, '2020-03-10 00:00:00'),
(528, 1, 'Cachipay', 10, '2020-03-10 00:00:00'),
(529, 1, 'Cajicá', 10, '2020-03-10 00:00:00'),
(530, 1, 'Caparrapí', 10, '2020-03-10 00:00:00'),
(531, 1, 'Carmen de Carupa', 10, '2020-03-10 00:00:00'),
(532, 1, 'Chaguaní', 10, '2020-03-10 00:00:00'),
(533, 1, 'Chipaque', 10, '2020-03-10 00:00:00'),
(534, 1, 'Choachí', 10, '2020-03-10 00:00:00'),
(535, 1, 'Chocontá', 10, '2020-03-10 00:00:00'),
(536, 1, 'Chía', 10, '2020-03-10 00:00:00'),
(537, 1, 'Cogua', 10, '2020-03-10 00:00:00'),
(538, 1, 'Cota', 10, '2020-03-10 00:00:00'),
(539, 1, 'Cucunubá', 10, '2020-03-10 00:00:00'),
(540, 1, 'Cáqueza', 10, '2020-03-10 00:00:00'),
(541, 1, 'El Colegio', 10, '2020-03-10 00:00:00'),
(542, 1, 'El Peñón', 10, '2020-03-10 00:00:00'),
(543, 1, 'El Rosal', 10, '2020-03-10 00:00:00'),
(544, 1, 'Facatativá', 10, '2020-03-10 00:00:00'),
(545, 1, 'Fosca', 10, '2020-03-10 00:00:00'),
(546, 1, 'Funza', 10, '2020-03-10 00:00:00'),
(547, 1, 'Fusagasugá', 10, '2020-03-10 00:00:00'),
(548, 1, 'Fómeque', 10, '2020-03-10 00:00:00'),
(549, 1, 'Fúquene', 10, '2020-03-10 00:00:00'),
(550, 1, 'Gachalá', 10, '2020-03-10 00:00:00'),
(551, 1, 'Gachancipá', 10, '2020-03-10 00:00:00'),
(552, 1, 'Gachetá', 10, '2020-03-10 00:00:00'),
(553, 1, 'Gama', 10, '2020-03-10 00:00:00'),
(554, 1, 'Girardot', 10, '2020-03-10 00:00:00'),
(555, 1, 'Granada', 10, '2020-03-10 00:00:00'),
(556, 1, 'Guachetá', 10, '2020-03-10 00:00:00'),
(557, 1, 'Guaduas', 10, '2020-03-10 00:00:00'),
(558, 1, 'Guasca', 10, '2020-03-10 00:00:00'),
(559, 1, 'Guataquí', 10, '2020-03-10 00:00:00'),
(560, 1, 'Guatavita', 10, '2020-03-10 00:00:00'),
(561, 1, 'Guayabal de Siquima', 10, '2020-03-10 00:00:00'),
(562, 1, 'Guayabetal', 10, '2020-03-10 00:00:00'),
(563, 1, 'Gutiérrez', 10, '2020-03-10 00:00:00'),
(564, 1, 'Jerusalén', 10, '2020-03-10 00:00:00'),
(565, 1, 'Junín', 10, '2020-03-10 00:00:00'),
(566, 1, 'La Calera', 10, '2020-03-10 00:00:00'),
(567, 1, 'La Mesa', 10, '2020-03-10 00:00:00'),
(568, 1, 'La Palma', 10, '2020-03-10 00:00:00'),
(569, 1, 'La Peña', 10, '2020-03-10 00:00:00'),
(570, 1, 'La Vega', 10, '2020-03-10 00:00:00'),
(571, 1, 'Lenguazaque', 10, '2020-03-10 00:00:00'),
(572, 1, 'Machetá', 10, '2020-03-10 00:00:00'),
(573, 1, 'Madrid', 10, '2020-03-10 00:00:00'),
(574, 1, 'Manta', 10, '2020-03-10 00:00:00'),
(575, 1, 'Medina', 10, '2020-03-10 00:00:00'),
(576, 1, 'Mosquera', 10, '2020-03-10 00:00:00'),
(577, 1, 'Nariño', 10, '2020-03-10 00:00:00'),
(578, 1, 'Nemocón', 10, '2020-03-10 00:00:00'),
(579, 1, 'Nilo', 10, '2020-03-10 00:00:00'),
(580, 1, 'Nimaima', 10, '2020-03-10 00:00:00'),
(581, 1, 'Nocaima', 10, '2020-03-10 00:00:00'),
(582, 1, 'Pacho', 10, '2020-03-10 00:00:00'),
(583, 1, 'Paime', 10, '2020-03-10 00:00:00'),
(584, 1, 'Pandi', 10, '2020-03-10 00:00:00'),
(585, 1, 'Paratebueno', 10, '2020-03-10 00:00:00'),
(586, 1, 'Pasca', 10, '2020-03-10 00:00:00'),
(587, 1, 'Puerto Salgar', 10, '2020-03-10 00:00:00'),
(588, 1, 'Pulí', 10, '2020-03-10 00:00:00'),
(589, 1, 'Quebradanegra', 10, '2020-03-10 00:00:00'),
(590, 1, 'Quetame', 10, '2020-03-10 00:00:00'),
(591, 1, 'Quipile', 10, '2020-03-10 00:00:00'),
(592, 1, 'Ricaurte', 10, '2020-03-10 00:00:00'),
(593, 1, 'San Antonio de Tequendama', 10, '2020-03-10 00:00:00'),
(594, 1, 'San Bernardo', 10, '2020-03-10 00:00:00'),
(595, 1, 'San Cayetano', 10, '2020-03-10 00:00:00'),
(596, 1, 'San Francisco', 10, '2020-03-10 00:00:00'),
(597, 1, 'San Juan de Río Seco', 10, '2020-03-10 00:00:00'),
(598, 1, 'Sasaima', 10, '2020-03-10 00:00:00'),
(599, 1, 'Sesquilé', 10, '2020-03-10 00:00:00'),
(600, 1, 'Sibaté', 10, '2020-03-10 00:00:00'),
(601, 1, 'Silvania', 10, '2020-03-10 00:00:00'),
(602, 1, 'Simijaca', 10, '2020-03-10 00:00:00'),
(603, 1, 'Soacha', 10, '2020-03-10 00:00:00'),
(604, 1, 'Sopó', 10, '2020-03-10 00:00:00'),
(605, 1, 'Subachoque', 10, '2020-03-10 00:00:00'),
(606, 1, 'Suesca', 10, '2020-03-10 00:00:00'),
(607, 1, 'Supatá', 10, '2020-03-10 00:00:00'),
(608, 1, 'Susa', 10, '2020-03-10 00:00:00'),
(609, 1, 'Sutatausa', 10, '2020-03-10 00:00:00'),
(610, 1, 'Tabio', 10, '2020-03-10 00:00:00'),
(611, 1, 'Tausa', 10, '2020-03-10 00:00:00'),
(612, 1, 'Tena', 10, '2020-03-10 00:00:00'),
(613, 1, 'Tenjo', 10, '2020-03-10 00:00:00'),
(614, 1, 'Tibacuy', 10, '2020-03-10 00:00:00'),
(615, 1, 'Tibirita', 10, '2020-03-10 00:00:00'),
(616, 1, 'Tocaima', 10, '2020-03-10 00:00:00'),
(617, 1, 'Tocancipá', 10, '2020-03-10 00:00:00'),
(618, 1, 'Topaipí', 10, '2020-03-10 00:00:00'),
(619, 1, 'Ubalá', 10, '2020-03-10 00:00:00'),
(620, 1, 'Ubaque', 10, '2020-03-10 00:00:00'),
(621, 1, 'Ubaté', 10, '2020-03-10 00:00:00'),
(622, 1, 'Une', 10, '2020-03-10 00:00:00'),
(623, 1, 'Venecia (Ospina Pérez)', 10, '2020-03-10 00:00:00'),
(624, 1, 'Vergara', 10, '2020-03-10 00:00:00'),
(625, 1, 'Viani', 10, '2020-03-10 00:00:00'),
(626, 1, 'Villagómez', 10, '2020-03-10 00:00:00'),
(627, 1, 'Villapinzón', 10, '2020-03-10 00:00:00'),
(628, 1, 'Villeta', 10, '2020-03-10 00:00:00'),
(629, 1, 'Viotá', 10, '2020-03-10 00:00:00'),
(630, 1, 'Yacopí', 10, '2020-03-10 00:00:00'),
(631, 1, 'Zipacón', 10, '2020-03-10 00:00:00'),
(632, 1, 'Zipaquirá', 10, '2020-03-10 00:00:00'),
(633, 1, 'Útica', 10, '2020-03-10 00:00:00'),
(634, 16, 'Inírida', 10, '2020-03-10 00:00:00'),
(635, 17, 'Calamar', 10, '2020-03-10 00:00:00'),
(636, 17, 'El Retorno', 10, '2020-03-10 00:00:00'),
(637, 17, 'Miraflores', 10, '2020-03-10 00:00:00'),
(638, 17, 'San José del Guaviare', 10, '2020-03-10 00:00:00'),
(639, 18, 'Acevedo', 10, '2020-03-10 00:00:00'),
(640, 18, 'Agrado', 10, '2020-03-10 00:00:00'),
(641, 18, 'Aipe', 10, '2020-03-10 00:00:00'),
(642, 18, 'Algeciras', 10, '2020-03-10 00:00:00'),
(643, 18, 'Altamira', 10, '2020-03-10 00:00:00'),
(644, 18, 'Baraya', 10, '2020-03-10 00:00:00'),
(645, 18, 'Campoalegre', 10, '2020-03-10 00:00:00'),
(646, 18, 'Colombia', 10, '2020-03-10 00:00:00'),
(647, 18, 'Elías', 10, '2020-03-10 00:00:00'),
(648, 18, 'Garzón', 10, '2020-03-10 00:00:00'),
(649, 18, 'Gigante', 10, '2020-03-10 00:00:00'),
(650, 18, 'Guadalupe', 10, '2020-03-10 00:00:00'),
(651, 18, 'Hobo', 10, '2020-03-10 00:00:00'),
(652, 18, 'Isnos', 10, '2020-03-10 00:00:00'),
(653, 18, 'La Argentina', 10, '2020-03-10 00:00:00'),
(654, 18, 'La Plata', 10, '2020-03-10 00:00:00'),
(655, 18, 'Neiva', 10, '2020-03-10 00:00:00'),
(656, 18, 'Nátaga', 10, '2020-03-10 00:00:00'),
(657, 18, 'Oporapa', 10, '2020-03-10 00:00:00'),
(658, 18, 'Paicol', 10, '2020-03-10 00:00:00'),
(659, 18, 'Palermo', 10, '2020-03-10 00:00:00'),
(660, 18, 'Palestina', 10, '2020-03-10 00:00:00'),
(661, 18, 'Pital', 10, '2020-03-10 00:00:00'),
(662, 18, 'Pitalito', 10, '2020-03-10 00:00:00'),
(663, 18, 'Rivera', 10, '2020-03-10 00:00:00'),
(664, 18, 'Saladoblanco', 10, '2020-03-10 00:00:00'),
(665, 18, 'San Agustín', 10, '2020-03-10 00:00:00'),
(666, 18, 'Santa María', 10, '2020-03-10 00:00:00'),
(667, 18, 'Suaza', 10, '2020-03-10 00:00:00'),
(668, 18, 'Tarqui', 10, '2020-03-10 00:00:00'),
(669, 18, 'Tello', 10, '2020-03-10 00:00:00'),
(670, 18, 'Teruel', 10, '2020-03-10 00:00:00'),
(671, 18, 'Tesalia', 10, '2020-03-10 00:00:00'),
(672, 18, 'Timaná', 10, '2020-03-10 00:00:00'),
(673, 18, 'Villavieja', 10, '2020-03-10 00:00:00'),
(674, 18, 'Yaguará', 10, '2020-03-10 00:00:00'),
(675, 18, 'Íquira', 10, '2020-03-10 00:00:00'),
(676, 19, 'Albania', 10, '2020-03-10 00:00:00'),
(677, 19, 'Barrancas', 10, '2020-03-10 00:00:00'),
(678, 19, 'Dibulla', 10, '2020-03-10 00:00:00'),
(679, 19, 'Distracción', 10, '2020-03-10 00:00:00'),
(680, 19, 'El Molino', 10, '2020-03-10 00:00:00'),
(681, 19, 'Fonseca', 10, '2020-03-10 00:00:00'),
(682, 19, 'Hatonuevo', 10, '2020-03-10 00:00:00'),
(683, 19, 'La Jagua del Pilar', 10, '2020-03-10 00:00:00'),
(684, 19, 'Maicao', 10, '2020-03-10 00:00:00'),
(685, 19, 'Manaure', 10, '2020-03-10 00:00:00'),
(686, 19, 'Riohacha', 10, '2020-03-10 00:00:00'),
(687, 19, 'San Juan del Cesar', 10, '2020-03-10 00:00:00'),
(688, 19, 'Uribia', 10, '2020-03-10 00:00:00'),
(689, 19, 'Urumita', 10, '2020-03-10 00:00:00'),
(690, 19, 'Villanueva', 10, '2020-03-10 00:00:00'),
(691, 20, 'Algarrobo', 10, '2020-03-10 00:00:00'),
(692, 20, 'Aracataca', 10, '2020-03-10 00:00:00'),
(693, 20, 'Ariguaní (El Difícil)', 10, '2020-03-10 00:00:00'),
(694, 20, 'Cerro San Antonio', 10, '2020-03-10 00:00:00'),
(695, 20, 'Chivolo', 10, '2020-03-10 00:00:00'),
(696, 20, 'Ciénaga', 10, '2020-03-10 00:00:00'),
(697, 20, 'Concordia', 10, '2020-03-10 00:00:00'),
(698, 20, 'El Banco', 10, '2020-03-10 00:00:00'),
(699, 20, 'El Piñon', 10, '2020-03-10 00:00:00'),
(700, 20, 'El Retén', 10, '2020-03-10 00:00:00'),
(701, 20, 'Fundación', 10, '2020-03-10 00:00:00'),
(702, 20, 'Guamal', 10, '2020-03-10 00:00:00'),
(703, 20, 'Nueva Granada', 10, '2020-03-10 00:00:00'),
(704, 20, 'Pedraza', 10, '2020-03-10 00:00:00'),
(705, 20, 'Pijiño', 10, '2020-03-10 00:00:00'),
(706, 20, 'Pivijay', 10, '2020-03-10 00:00:00'),
(707, 20, 'Plato', 10, '2020-03-10 00:00:00'),
(708, 20, 'Puebloviejo', 10, '2020-03-10 00:00:00'),
(709, 20, 'Remolino', 10, '2020-03-10 00:00:00'),
(710, 20, 'Sabanas de San Angel (SAN ANGEL)', 10, '2020-03-10 00:00:00'),
(711, 20, 'Salamina', 10, '2020-03-10 00:00:00'),
(712, 20, 'San Sebastián de Buenavista', 10, '2020-03-10 00:00:00'),
(713, 20, 'San Zenón', 10, '2020-03-10 00:00:00'),
(714, 20, 'Santa Ana', 10, '2020-03-10 00:00:00'),
(715, 20, 'Santa Bárbara de Pinto', 10, '2020-03-10 00:00:00'),
(716, 20, 'Santa Marta', 10, '2020-03-10 00:00:00'),
(717, 20, 'Sitionuevo', 10, '2020-03-10 00:00:00'),
(718, 20, 'Tenerife', 10, '2020-03-10 00:00:00'),
(719, 20, 'Zapayán (PUNTA DE PIEDRAS)', 10, '2020-03-10 00:00:00'),
(720, 20, 'Zona Bananera (PRADO - SEVILLA)', 10, '2020-03-10 00:00:00'),
(721, 21, 'Acacías', 10, '2020-03-10 00:00:00'),
(722, 21, 'Barranca de Upía', 10, '2020-03-10 00:00:00'),
(723, 21, 'Cabuyaro', 10, '2020-03-10 00:00:00'),
(724, 21, 'Castilla la Nueva', 10, '2020-03-10 00:00:00'),
(725, 21, 'Cubarral', 10, '2020-03-10 00:00:00'),
(726, 21, 'Cumaral', 10, '2020-03-10 00:00:00'),
(727, 21, 'El Calvario', 10, '2020-03-10 00:00:00'),
(728, 21, 'El Castillo', 10, '2020-03-10 00:00:00'),
(729, 21, 'El Dorado', 10, '2020-03-10 00:00:00'),
(730, 21, 'Fuente de Oro', 10, '2020-03-10 00:00:00'),
(731, 21, 'Granada', 10, '2020-03-10 00:00:00'),
(732, 21, 'Guamal', 10, '2020-03-10 00:00:00'),
(733, 21, 'La Macarena', 10, '2020-03-10 00:00:00'),
(734, 21, 'Lejanías', 10, '2020-03-10 00:00:00'),
(735, 21, 'Mapiripan', 10, '2020-03-10 00:00:00'),
(736, 21, 'Mesetas', 10, '2020-03-10 00:00:00'),
(737, 21, 'Puerto Concordia', 10, '2020-03-10 00:00:00'),
(738, 21, 'Puerto Gaitán', 10, '2020-03-10 00:00:00'),
(739, 21, 'Puerto Lleras', 10, '2020-03-10 00:00:00'),
(740, 21, 'Puerto López', 10, '2020-03-10 00:00:00'),
(741, 21, 'Puerto Rico', 10, '2020-03-10 00:00:00'),
(742, 21, 'Restrepo', 10, '2020-03-10 00:00:00'),
(743, 21, 'San Carlos de Guaroa', 10, '2020-03-10 00:00:00'),
(744, 21, 'San Juan de Arama', 10, '2020-03-10 00:00:00'),
(745, 21, 'San Juanito', 10, '2020-03-10 00:00:00'),
(746, 21, 'San Martín', 10, '2020-03-10 00:00:00'),
(747, 21, 'Uribe', 10, '2020-03-10 00:00:00'),
(748, 21, 'Villavicencio', 10, '2020-03-10 00:00:00'),
(749, 21, 'Vista Hermosa', 10, '2020-03-10 00:00:00'),
(750, 22, 'Albán (San José)', 10, '2020-03-10 00:00:00'),
(751, 22, 'Aldana', 10, '2020-03-10 00:00:00'),
(752, 22, 'Ancuya', 10, '2020-03-10 00:00:00'),
(753, 22, 'Arboleda (Berruecos)', 10, '2020-03-10 00:00:00'),
(754, 22, 'Barbacoas', 10, '2020-03-10 00:00:00'),
(755, 22, 'Belén', 10, '2020-03-10 00:00:00'),
(756, 22, 'Buesaco', 10, '2020-03-10 00:00:00'),
(757, 22, 'Chachaguí', 10, '2020-03-10 00:00:00'),
(758, 22, 'Colón (Génova)', 10, '2020-03-10 00:00:00'),
(759, 22, 'Consaca', 10, '2020-03-10 00:00:00'),
(760, 22, 'Contadero', 10, '2020-03-10 00:00:00'),
(761, 22, 'Cuaspud (Carlosama)', 10, '2020-03-10 00:00:00'),
(762, 22, 'Cumbal', 10, '2020-03-10 00:00:00'),
(763, 22, 'Cumbitara', 10, '2020-03-10 00:00:00'),
(764, 22, 'Córdoba', 10, '2020-03-10 00:00:00'),
(765, 22, 'El Charco', 10, '2020-03-10 00:00:00'),
(766, 22, 'El Peñol', 10, '2020-03-10 00:00:00'),
(767, 22, 'El Rosario', 10, '2020-03-10 00:00:00'),
(768, 22, 'El Tablón de Gómez', 10, '2020-03-10 00:00:00'),
(769, 22, 'El Tambo', 10, '2020-03-10 00:00:00'),
(770, 22, 'Francisco Pizarro', 10, '2020-03-10 00:00:00'),
(771, 22, 'Funes', 10, '2020-03-10 00:00:00'),
(772, 22, 'Guachavés', 10, '2020-03-10 00:00:00'),
(773, 22, 'Guachucal', 10, '2020-03-10 00:00:00'),
(774, 22, 'Guaitarilla', 10, '2020-03-10 00:00:00'),
(775, 22, 'Gualmatán', 10, '2020-03-10 00:00:00'),
(776, 22, 'Iles', 10, '2020-03-10 00:00:00'),
(777, 22, 'Imúes', 10, '2020-03-10 00:00:00'),
(778, 22, 'Ipiales', 10, '2020-03-10 00:00:00'),
(779, 22, 'La Cruz', 10, '2020-03-10 00:00:00'),
(780, 22, 'La Florida', 10, '2020-03-10 00:00:00'),
(781, 22, 'La Llanada', 10, '2020-03-10 00:00:00'),
(782, 22, 'La Tola', 10, '2020-03-10 00:00:00'),
(783, 22, 'La Unión', 10, '2020-03-10 00:00:00'),
(784, 22, 'Leiva', 10, '2020-03-10 00:00:00'),
(785, 22, 'Linares', 10, '2020-03-10 00:00:00'),
(786, 22, 'Magüi (Payán)', 10, '2020-03-10 00:00:00'),
(787, 22, 'Mallama (Piedrancha)', 10, '2020-03-10 00:00:00'),
(788, 22, 'Mosquera', 10, '2020-03-10 00:00:00'),
(789, 22, 'Nariño', 10, '2020-03-10 00:00:00'),
(790, 22, 'Olaya Herrera', 10, '2020-03-10 00:00:00'),
(791, 22, 'Ospina', 10, '2020-03-10 00:00:00'),
(792, 22, 'Policarpa', 10, '2020-03-10 00:00:00'),
(793, 22, 'Potosí', 10, '2020-03-10 00:00:00'),
(794, 22, 'Providencia', 10, '2020-03-10 00:00:00'),
(795, 22, 'Puerres', 10, '2020-03-10 00:00:00'),
(796, 22, 'Pupiales', 10, '2020-03-10 00:00:00'),
(797, 22, 'Ricaurte', 10, '2020-03-10 00:00:00'),
(798, 22, 'Roberto Payán (San José)', 10, '2020-03-10 00:00:00'),
(799, 22, 'Samaniego', 10, '2020-03-10 00:00:00'),
(800, 22, 'San Bernardo', 10, '2020-03-10 00:00:00'),
(801, 22, 'San Juan de Pasto', 10, '2020-03-10 00:00:00'),
(802, 22, 'San Lorenzo', 10, '2020-03-10 00:00:00'),
(803, 22, 'San Pablo', 10, '2020-03-10 00:00:00'),
(804, 22, 'San Pedro de Cartago', 10, '2020-03-10 00:00:00'),
(805, 22, 'Sandoná', 10, '2020-03-10 00:00:00'),
(806, 22, 'Santa Bárbara (Iscuandé)', 10, '2020-03-10 00:00:00'),
(807, 22, 'Sapuyes', 10, '2020-03-10 00:00:00'),
(808, 22, 'Sotomayor (Los Andes)', 10, '2020-03-10 00:00:00'),
(809, 22, 'Taminango', 10, '2020-03-10 00:00:00'),
(810, 22, 'Tangua', 10, '2020-03-10 00:00:00'),
(811, 22, 'Tumaco', 10, '2020-03-10 00:00:00'),
(812, 22, 'Túquerres', 10, '2020-03-10 00:00:00'),
(813, 22, 'Yacuanquer', 10, '2020-03-10 00:00:00'),
(814, 23, 'Arboledas', 10, '2020-03-10 00:00:00'),
(815, 23, 'Bochalema', 10, '2020-03-10 00:00:00'),
(816, 23, 'Bucarasica', 10, '2020-03-10 00:00:00'),
(817, 23, 'Chinácota', 10, '2020-03-10 00:00:00'),
(818, 23, 'Chitagá', 10, '2020-03-10 00:00:00'),
(819, 23, 'Convención', 10, '2020-03-10 00:00:00'),
(820, 23, 'Cucutilla', 10, '2020-03-10 00:00:00'),
(821, 23, 'Cáchira', 10, '2020-03-10 00:00:00'),
(822, 23, 'Cácota', 10, '2020-03-10 00:00:00'),
(823, 23, 'Cúcuta', 10, '2020-03-10 00:00:00'),
(824, 23, 'Durania', 10, '2020-03-10 00:00:00'),
(825, 23, 'El Carmen', 10, '2020-03-10 00:00:00'),
(826, 23, 'El Tarra', 10, '2020-03-10 00:00:00'),
(827, 23, 'El Zulia', 10, '2020-03-10 00:00:00'),
(828, 23, 'Gramalote', 10, '2020-03-10 00:00:00'),
(829, 23, 'Hacarí', 10, '2020-03-10 00:00:00'),
(830, 23, 'Herrán', 10, '2020-03-10 00:00:00'),
(831, 23, 'La Esperanza', 10, '2020-03-10 00:00:00'),
(832, 23, 'La Playa', 10, '2020-03-10 00:00:00'),
(833, 23, 'Labateca', 10, '2020-03-10 00:00:00'),
(834, 23, 'Los Patios', 10, '2020-03-10 00:00:00'),
(835, 23, 'Lourdes', 10, '2020-03-10 00:00:00'),
(836, 23, 'Mutiscua', 10, '2020-03-10 00:00:00'),
(837, 23, 'Ocaña', 10, '2020-03-10 00:00:00'),
(838, 23, 'Pamplona', 10, '2020-03-10 00:00:00'),
(839, 23, 'Pamplonita', 10, '2020-03-10 00:00:00'),
(840, 23, 'Puerto Santander', 10, '2020-03-10 00:00:00'),
(841, 23, 'Ragonvalia', 10, '2020-03-10 00:00:00'),
(842, 23, 'Salazar', 10, '2020-03-10 00:00:00'),
(843, 23, 'San Calixto', 10, '2020-03-10 00:00:00'),
(844, 23, 'San Cayetano', 10, '2020-03-10 00:00:00'),
(845, 23, 'Santiago', 10, '2020-03-10 00:00:00'),
(846, 23, 'Sardinata', 10, '2020-03-10 00:00:00'),
(847, 23, 'Silos', 10, '2020-03-10 00:00:00'),
(848, 23, 'Teorama', 10, '2020-03-10 00:00:00'),
(849, 23, 'Tibú', 10, '2020-03-10 00:00:00'),
(850, 23, 'Toledo', 10, '2020-03-10 00:00:00'),
(851, 23, 'Villa Caro', 10, '2020-03-10 00:00:00'),
(852, 23, 'Villa del Rosario', 10, '2020-03-10 00:00:00'),
(853, 23, 'Ábrego', 10, '2020-03-10 00:00:00'),
(854, 24, 'Colón', 10, '2020-03-10 00:00:00'),
(855, 24, 'Mocoa', 10, '2020-03-10 00:00:00'),
(856, 24, 'Orito', 10, '2020-03-10 00:00:00'),
(857, 24, 'Puerto Asís', 10, '2020-03-10 00:00:00'),
(858, 24, 'Puerto Caicedo', 10, '2020-03-10 00:00:00'),
(859, 24, 'Puerto Guzmán', 10, '2020-03-10 00:00:00'),
(860, 24, 'Puerto Leguízamo', 10, '2020-03-10 00:00:00'),
(861, 24, 'San Francisco', 10, '2020-03-10 00:00:00'),
(862, 24, 'San Miguel', 10, '2020-03-10 00:00:00'),
(863, 24, 'Santiago', 10, '2020-03-10 00:00:00'),
(864, 24, 'Sibundoy', 10, '2020-03-10 00:00:00'),
(865, 24, 'Valle del Guamuez', 10, '2020-03-10 00:00:00'),
(866, 24, 'Villagarzón', 10, '2020-03-10 00:00:00'),
(867, 25, 'Armenia', 10, '2020-03-10 00:00:00'),
(868, 25, 'Buenavista', 10, '2020-03-10 00:00:00'),
(869, 25, 'Calarcá', 10, '2020-03-10 00:00:00'),
(870, 25, 'Circasia', 10, '2020-03-10 00:00:00'),
(871, 25, 'Cordobá', 10, '2020-03-10 00:00:00'),
(872, 25, 'Filandia', 10, '2020-03-10 00:00:00'),
(873, 25, 'Génova', 10, '2020-03-10 00:00:00'),
(874, 25, 'La Tebaida', 10, '2020-03-10 00:00:00'),
(875, 25, 'Montenegro', 10, '2020-03-10 00:00:00'),
(876, 25, 'Pijao', 10, '2020-03-10 00:00:00'),
(877, 25, 'Quimbaya', 10, '2020-03-10 00:00:00'),
(878, 25, 'Salento', 10, '2020-03-10 00:00:00'),
(879, 26, 'Apía', 10, '2020-03-10 00:00:00'),
(880, 26, 'Balboa', 10, '2020-03-10 00:00:00'),
(881, 26, 'Belén de Umbría', 10, '2020-03-10 00:00:00'),
(882, 26, 'Dos Quebradas', 10, '2020-03-10 00:00:00'),
(883, 26, 'Guática', 10, '2020-03-10 00:00:00'),
(884, 26, 'La Celia', 10, '2020-03-10 00:00:00'),
(885, 26, 'La Virginia', 10, '2020-03-10 00:00:00'),
(886, 26, 'Marsella', 10, '2020-03-10 00:00:00'),
(887, 26, 'Mistrató', 10, '2020-03-10 00:00:00'),
(888, 26, 'Pereira', 10, '2020-03-10 00:00:00'),
(889, 26, 'Pueblo Rico', 10, '2020-03-10 00:00:00'),
(890, 26, 'Quinchía', 10, '2020-03-10 00:00:00'),
(891, 26, 'Santa Rosa de Cabal', 10, '2020-03-10 00:00:00'),
(892, 26, 'Santuario', 10, '2020-03-10 00:00:00'),
(893, 27, 'Providencia', 10, '2020-03-10 00:00:00'),
(894, 28, 'Aguada', 10, '2020-03-10 00:00:00'),
(895, 28, 'Albania', 10, '2020-03-10 00:00:00'),
(896, 28, 'Aratoca', 10, '2020-03-10 00:00:00'),
(897, 28, 'Barbosa', 10, '2020-03-10 00:00:00'),
(898, 28, 'Barichara', 10, '2020-03-10 00:00:00'),
(899, 28, 'Barrancabermeja', 10, '2020-03-10 00:00:00'),
(900, 28, 'Betulia', 10, '2020-03-10 00:00:00'),
(901, 28, 'Bolívar', 10, '2020-03-10 00:00:00'),
(902, 28, 'Bucaramanga', 10, '2020-03-10 00:00:00'),
(903, 28, 'Cabrera', 10, '2020-03-10 00:00:00'),
(904, 28, 'California', 10, '2020-03-10 00:00:00'),
(905, 28, 'Capitanejo', 10, '2020-03-10 00:00:00'),
(906, 28, 'Carcasí', 10, '2020-03-10 00:00:00'),
(907, 28, 'Cepita', 10, '2020-03-10 00:00:00'),
(908, 28, 'Cerrito', 10, '2020-03-10 00:00:00'),
(909, 28, 'Charalá', 10, '2020-03-10 00:00:00'),
(910, 28, 'Charta', 10, '2020-03-10 00:00:00'),
(911, 28, 'Chima', 10, '2020-03-10 00:00:00'),
(912, 28, 'Chipatá', 10, '2020-03-10 00:00:00'),
(913, 28, 'Cimitarra', 10, '2020-03-10 00:00:00'),
(914, 28, 'Concepción', 10, '2020-03-10 00:00:00'),
(915, 28, 'Confines', 10, '2020-03-10 00:00:00'),
(916, 28, 'Contratación', 10, '2020-03-10 00:00:00'),
(917, 28, 'Coromoro', 10, '2020-03-10 00:00:00'),
(918, 28, 'Curití', 10, '2020-03-10 00:00:00'),
(919, 28, 'El Carmen', 10, '2020-03-10 00:00:00'),
(920, 28, 'El Guacamayo', 10, '2020-03-10 00:00:00'),
(921, 28, 'El Peñon', 10, '2020-03-10 00:00:00'),
(922, 28, 'El Playón', 10, '2020-03-10 00:00:00'),
(923, 28, 'Encino', 10, '2020-03-10 00:00:00'),
(924, 28, 'Enciso', 10, '2020-03-10 00:00:00'),
(925, 28, 'Floridablanca', 10, '2020-03-10 00:00:00'),
(926, 28, 'Florián', 10, '2020-03-10 00:00:00'),
(927, 28, 'Galán', 10, '2020-03-10 00:00:00'),
(928, 28, 'Girón', 10, '2020-03-10 00:00:00'),
(929, 28, 'Guaca', 10, '2020-03-10 00:00:00'),
(930, 28, 'Guadalupe', 10, '2020-03-10 00:00:00'),
(931, 28, 'Guapota', 10, '2020-03-10 00:00:00'),
(932, 28, 'Guavatá', 10, '2020-03-10 00:00:00'),
(933, 28, 'Guepsa', 10, '2020-03-10 00:00:00'),
(934, 28, 'Gámbita', 10, '2020-03-10 00:00:00'),
(935, 28, 'Hato', 10, '2020-03-10 00:00:00'),
(936, 28, 'Jesús María', 10, '2020-03-10 00:00:00'),
(937, 28, 'Jordán', 10, '2020-03-10 00:00:00'),
(938, 28, 'La Belleza', 10, '2020-03-10 00:00:00'),
(939, 28, 'La Paz', 10, '2020-03-10 00:00:00'),
(940, 28, 'Landázuri', 10, '2020-03-10 00:00:00'),
(941, 28, 'Lebrija', 10, '2020-03-10 00:00:00'),
(942, 28, 'Los Santos', 10, '2020-03-10 00:00:00'),
(943, 28, 'Macaravita', 10, '2020-03-10 00:00:00'),
(944, 28, 'Matanza', 10, '2020-03-10 00:00:00'),
(945, 28, 'Mogotes', 10, '2020-03-10 00:00:00'),
(946, 28, 'Molagavita', 10, '2020-03-10 00:00:00'),
(947, 28, 'Málaga', 10, '2020-03-10 00:00:00'),
(948, 28, 'Ocamonte', 10, '2020-03-10 00:00:00'),
(949, 28, 'Oiba', 10, '2020-03-10 00:00:00'),
(950, 28, 'Onzaga', 10, '2020-03-10 00:00:00'),
(951, 28, 'Palmar', 10, '2020-03-10 00:00:00'),
(952, 28, 'Palmas del Socorro', 10, '2020-03-10 00:00:00'),
(953, 28, 'Piedecuesta', 10, '2020-03-10 00:00:00'),
(954, 28, 'Pinchote', 10, '2020-03-10 00:00:00'),
(955, 28, 'Puente Nacional', 10, '2020-03-10 00:00:00'),
(956, 28, 'Puerto Parra', 10, '2020-03-10 00:00:00'),
(957, 28, 'Puerto Wilches', 10, '2020-03-10 00:00:00'),
(958, 28, 'Páramo', 10, '2020-03-10 00:00:00'),
(959, 28, 'Rio Negro', 10, '2020-03-10 00:00:00'),
(960, 28, 'Sabana de Torres', 10, '2020-03-10 00:00:00'),
(961, 28, 'San Andrés', 10, '2020-03-10 00:00:00'),
(962, 28, 'San Benito', 10, '2020-03-10 00:00:00'),
(963, 28, 'San Gíl', 10, '2020-03-10 00:00:00'),
(964, 28, 'San Joaquín', 10, '2020-03-10 00:00:00'),
(965, 28, 'San José de Miranda', 10, '2020-03-10 00:00:00'),
(966, 28, 'San Miguel', 10, '2020-03-10 00:00:00'),
(967, 28, 'San Vicente del Chucurí', 10, '2020-03-10 00:00:00'),
(968, 28, 'Santa Bárbara', 10, '2020-03-10 00:00:00'),
(969, 28, 'Santa Helena del Opón', 10, '2020-03-10 00:00:00'),
(970, 28, 'Simacota', 10, '2020-03-10 00:00:00'),
(971, 28, 'Socorro', 10, '2020-03-10 00:00:00'),
(972, 28, 'Suaita', 10, '2020-03-10 00:00:00'),
(973, 28, 'Sucre', 10, '2020-03-10 00:00:00'),
(974, 28, 'Suratá', 10, '2020-03-10 00:00:00'),
(975, 28, 'Tona', 10, '2020-03-10 00:00:00'),
(976, 28, 'Valle de San José', 10, '2020-03-10 00:00:00'),
(977, 28, 'Vetas', 10, '2020-03-10 00:00:00'),
(978, 28, 'Villanueva', 10, '2020-03-10 00:00:00'),
(979, 28, 'Vélez', 10, '2020-03-10 00:00:00'),
(980, 28, 'Zapatoca', 10, '2020-03-10 00:00:00'),
(981, 29, 'Buenavista', 10, '2020-03-10 00:00:00'),
(982, 29, 'Caimito', 10, '2020-03-10 00:00:00'),
(983, 29, 'Chalán', 10, '2020-03-10 00:00:00'),
(984, 29, 'Colosó (Ricaurte)', 10, '2020-03-10 00:00:00'),
(985, 29, 'Corozal', 10, '2020-03-10 00:00:00'),
(986, 29, 'Coveñas', 10, '2020-03-10 00:00:00'),
(987, 29, 'El Roble', 10, '2020-03-10 00:00:00'),
(988, 29, 'Galeras (Nueva Granada)', 10, '2020-03-10 00:00:00'),
(989, 29, 'Guaranda', 10, '2020-03-10 00:00:00'),
(990, 29, 'La Unión', 10, '2020-03-10 00:00:00'),
(991, 29, 'Los Palmitos', 10, '2020-03-10 00:00:00'),
(992, 29, 'Majagual', 10, '2020-03-10 00:00:00'),
(993, 29, 'Morroa', 10, '2020-03-10 00:00:00'),
(994, 29, 'Ovejas', 10, '2020-03-10 00:00:00'),
(995, 29, 'Palmito', 10, '2020-03-10 00:00:00'),
(996, 29, 'Sampués', 10, '2020-03-10 00:00:00'),
(997, 29, 'San Benito Abad', 10, '2020-03-10 00:00:00'),
(998, 29, 'San Juan de Betulia', 10, '2020-03-10 00:00:00'),
(999, 29, 'San Marcos', 10, '2020-03-10 00:00:00'),
(1000, 29, 'San Onofre', 10, '2020-03-10 00:00:00'),
(1001, 29, 'San Pedro', 10, '2020-03-10 00:00:00'),
(1002, 29, 'Sincelejo', 10, '2020-03-10 00:00:00'),
(1003, 29, 'Sincé', 10, '2020-03-10 00:00:00'),
(1004, 29, 'Sucre', 10, '2020-03-10 00:00:00'),
(1005, 29, 'Tolú', 10, '2020-03-10 00:00:00'),
(1006, 29, 'Tolú Viejo', 10, '2020-03-10 00:00:00'),
(1007, 30, 'Alpujarra', 10, '2020-03-10 00:00:00'),
(1008, 30, 'Alvarado', 10, '2020-03-10 00:00:00'),
(1009, 30, 'Ambalema', 10, '2020-03-10 00:00:00'),
(1010, 30, 'Anzoátegui', 10, '2020-03-10 00:00:00'),
(1011, 30, 'Armero (Guayabal)', 10, '2020-03-10 00:00:00'),
(1012, 30, 'Ataco', 10, '2020-03-10 00:00:00'),
(1013, 30, 'Cajamarca', 10, '2020-03-10 00:00:00'),
(1014, 30, 'Carmen de Apicalá', 10, '2020-03-10 00:00:00'),
(1015, 30, 'Casabianca', 10, '2020-03-10 00:00:00'),
(1016, 30, 'Chaparral', 10, '2020-03-10 00:00:00'),
(1017, 30, 'Coello', 10, '2020-03-10 00:00:00'),
(1018, 30, 'Coyaima', 10, '2020-03-10 00:00:00'),
(1019, 30, 'Cunday', 10, '2020-03-10 00:00:00'),
(1020, 30, 'Dolores', 10, '2020-03-10 00:00:00'),
(1021, 30, 'Espinal', 10, '2020-03-10 00:00:00'),
(1022, 30, 'Falan', 10, '2020-03-10 00:00:00'),
(1023, 30, 'Flandes', 10, '2020-03-10 00:00:00'),
(1024, 30, 'Fresno', 10, '2020-03-10 00:00:00'),
(1025, 30, 'Guamo', 10, '2020-03-10 00:00:00'),
(1026, 30, 'Herveo', 10, '2020-03-10 00:00:00');
INSERT INTO `nivelGeografico3` (`nivelGeografico3`, `idNivelGeografico2`, `nomNivelGeografico3`, `estadoNivelGeografico3`, `creacionNivelGeografico3`) VALUES
(1027, 30, 'Honda', 10, '2020-03-10 00:00:00'),
(1028, 30, 'Ibagué', 10, '2020-03-10 00:00:00'),
(1029, 30, 'Icononzo', 10, '2020-03-10 00:00:00'),
(1030, 30, 'Lérida', 10, '2020-03-10 00:00:00'),
(1031, 30, 'Líbano', 10, '2020-03-10 00:00:00'),
(1032, 30, 'Mariquita', 10, '2020-03-10 00:00:00'),
(1033, 30, 'Melgar', 10, '2020-03-10 00:00:00'),
(1034, 30, 'Murillo', 10, '2020-03-10 00:00:00'),
(1035, 30, 'Natagaima', 10, '2020-03-10 00:00:00'),
(1036, 30, 'Ortega', 10, '2020-03-10 00:00:00'),
(1037, 30, 'Palocabildo', 10, '2020-03-10 00:00:00'),
(1038, 30, 'Piedras', 10, '2020-03-10 00:00:00'),
(1039, 30, 'Planadas', 10, '2020-03-10 00:00:00'),
(1040, 30, 'Prado', 10, '2020-03-10 00:00:00'),
(1041, 30, 'Purificación', 10, '2020-03-10 00:00:00'),
(1042, 30, 'Rioblanco', 10, '2020-03-10 00:00:00'),
(1043, 30, 'Roncesvalles', 10, '2020-03-10 00:00:00'),
(1044, 30, 'Rovira', 10, '2020-03-10 00:00:00'),
(1045, 30, 'Saldaña', 10, '2020-03-10 00:00:00'),
(1046, 30, 'San Antonio', 10, '2020-03-10 00:00:00'),
(1047, 30, 'San Luis', 10, '2020-03-10 00:00:00'),
(1048, 30, 'Santa Isabel', 10, '2020-03-10 00:00:00'),
(1049, 30, 'Suárez', 10, '2020-03-10 00:00:00'),
(1050, 30, 'Valle de San Juan', 10, '2020-03-10 00:00:00'),
(1051, 30, 'Venadillo', 10, '2020-03-10 00:00:00'),
(1052, 30, 'Villahermosa', 10, '2020-03-10 00:00:00'),
(1053, 30, 'Villarrica', 10, '2020-03-10 00:00:00'),
(1054, 31, 'Alcalá', 10, '2020-03-10 00:00:00'),
(1055, 31, 'Andalucía', 10, '2020-03-10 00:00:00'),
(1056, 31, 'Ansermanuevo', 10, '2020-03-10 00:00:00'),
(1057, 31, 'Argelia', 10, '2020-03-10 00:00:00'),
(1058, 31, 'Bolívar', 10, '2020-03-10 00:00:00'),
(1059, 31, 'Buenaventura', 10, '2020-03-10 00:00:00'),
(1060, 31, 'Buga', 10, '2020-03-10 00:00:00'),
(1061, 31, 'Bugalagrande', 10, '2020-03-10 00:00:00'),
(1062, 31, 'Caicedonia', 10, '2020-03-10 00:00:00'),
(1063, 31, 'Calima (Darién)', 10, '2020-03-10 00:00:00'),
(1064, 31, 'Calí', 10, '2020-03-10 00:00:00'),
(1065, 31, 'Candelaria', 10, '2020-03-10 00:00:00'),
(1066, 31, 'Cartago', 10, '2020-03-10 00:00:00'),
(1067, 31, 'Dagua', 10, '2020-03-10 00:00:00'),
(1068, 31, 'El Cairo', 10, '2020-03-10 00:00:00'),
(1069, 31, 'El Cerrito', 10, '2020-03-10 00:00:00'),
(1070, 31, 'El Dovio', 10, '2020-03-10 00:00:00'),
(1071, 31, 'El Águila', 10, '2020-03-10 00:00:00'),
(1072, 31, 'Florida', 10, '2020-03-10 00:00:00'),
(1073, 31, 'Ginebra', 10, '2020-03-10 00:00:00'),
(1074, 31, 'Guacarí', 10, '2020-03-10 00:00:00'),
(1075, 31, 'Jamundí', 10, '2020-03-10 00:00:00'),
(1076, 31, 'La Cumbre', 10, '2020-03-10 00:00:00'),
(1077, 31, 'La Unión', 10, '2020-03-10 00:00:00'),
(1078, 31, 'La Victoria', 10, '2020-03-10 00:00:00'),
(1079, 31, 'Obando', 10, '2020-03-10 00:00:00'),
(1080, 31, 'Palmira', 10, '2020-03-10 00:00:00'),
(1081, 31, 'Pradera', 10, '2020-03-10 00:00:00'),
(1082, 31, 'Restrepo', 10, '2020-03-10 00:00:00'),
(1083, 31, 'Riofrío', 10, '2020-03-10 00:00:00'),
(1084, 31, 'Roldanillo', 10, '2020-03-10 00:00:00'),
(1085, 31, 'San Pedro', 10, '2020-03-10 00:00:00'),
(1086, 31, 'Sevilla', 10, '2020-03-10 00:00:00'),
(1087, 31, 'Toro', 10, '2020-03-10 00:00:00'),
(1088, 31, 'Trujillo', 10, '2020-03-10 00:00:00'),
(1089, 31, 'Tulúa', 10, '2020-03-10 00:00:00'),
(1090, 31, 'Ulloa', 10, '2020-03-10 00:00:00'),
(1091, 31, 'Versalles', 10, '2020-03-10 00:00:00'),
(1092, 31, 'Vijes', 10, '2020-03-10 00:00:00'),
(1093, 31, 'Yotoco', 10, '2020-03-10 00:00:00'),
(1094, 31, 'Yumbo', 10, '2020-03-10 00:00:00'),
(1095, 31, 'Zarzal', 10, '2020-03-10 00:00:00'),
(1096, 32, 'Carurú', 10, '2020-03-10 00:00:00'),
(1097, 32, 'Mitú', 10, '2020-03-10 00:00:00'),
(1098, 32, 'Taraira', 10, '2020-03-10 00:00:00'),
(1099, 33, 'Cumaribo', 10, '2020-03-10 00:00:00'),
(1100, 33, 'La Primavera', 10, '2020-03-10 00:00:00'),
(1101, 33, 'Puerto Carreño', 10, '2020-03-10 00:00:00'),
(1102, 33, 'Santa Rosalía', 10, '2020-03-10 00:00:00'),
(1103, 7, 'Umbita', 10, '2021-05-21 00:00:00'),
(1104, 7, 'Belén', 10, '2021-05-21 00:00:00'),
(1105, 1, 'Chía', 10, '2021-05-21 00:00:00'),
(1106, 1, 'San Cayetano', 10, '2021-05-21 00:00:00'),
(1107, 3, 'El Santuario', 10, '2021-05-21 00:00:00'),
(1108, 7, 'San Jose de Guaviare', 10, '2021-05-21 00:00:00'),
(1109, 7, 'Tunja', 10, '2021-10-12 22:20:46'),
(1110, 34, 'La Paz', 10, '2023-01-10 12:10:52'),
(1111, 35, 'Lima', 10, '2023-01-10 13:30:31'),
(1112, 36, 'Lexington', 10, '2023-01-10 13:30:31'),
(1113, 37, 'Stanford', 10, '2023-01-10 13:30:31'),
(1114, 38, 'Austin', 10, '2023-01-10 13:30:31'),
(1115, 39, 'Rio de Janeiro', 10, '2023-01-10 13:30:31'),
(1116, 40, 'Rio de Janeiro', 10, '2023-01-10 13:33:19'),
(1117, 42, 'Guatemala', 10, '2023-01-10 13:33:19'),
(1118, 41, 'San Miguel', 10, '2023-01-10 13:33:33'),
(1119, 43, 'Trinidad', 10, '2023-01-10 15:12:21'),
(1120, 44, 'Sucre', 10, '2023-01-10 15:12:21'),
(1121, 45, 'Cochabamba', 10, '2023-01-10 15:12:21'),
(1122, 46, 'Oruro', 10, '2023-01-10 15:12:21'),
(1123, 47, 'Cobija', 10, '2023-01-10 15:12:21'),
(1124, 48, 'Potosí', 10, '2023-01-10 15:12:21'),
(1125, 49, 'Santa Cruz de la Sierra ', 10, '2023-01-10 15:12:21'),
(1126, 50, 'Tarija', 10, '2023-01-10 15:12:21'),
(1127, 51, 'Chachapoyas', 10, '2023-01-10 15:32:11'),
(1128, 52, 'Huaraz', 10, '2023-01-10 15:32:11'),
(1129, 53, 'Abancay', 10, '2023-01-10 15:32:11'),
(1130, 54, 'Arequipa', 10, '2023-01-10 15:32:11'),
(1131, 55, 'Ayacucho', 10, '2023-01-10 15:32:11'),
(1132, 56, 'Cajamarca', 10, '2023-01-10 15:32:11'),
(1133, 57, 'Callao', 10, '2023-01-10 15:32:12'),
(1134, 58, 'Cuzco', 10, '2023-01-10 15:32:12'),
(1135, 59, 'Huancavelica', 10, '2023-01-10 15:32:12'),
(1136, 60, 'Huánuco', 10, '2023-01-10 15:32:12'),
(1137, 61, 'Ica', 10, '2023-01-10 15:32:12'),
(1138, 62, 'Huancayo', 10, '2023-01-10 15:32:12'),
(1139, 63, 'Trujillo', 10, '2023-01-10 15:32:12'),
(1140, 64, 'Chiclayo', 10, '2023-01-10 15:32:12'),
(1141, 65, 'Iquitos', 10, '2023-01-10 15:32:12'),
(1142, 66, 'Puerto Maldonado', 10, '2023-01-10 15:32:12'),
(1143, 67, 'Moquegua', 10, '2023-01-10 15:32:12'),
(1144, 68, 'Cerro de Pasco', 10, '2023-01-10 15:32:13'),
(1145, 69, 'Piura', 10, '2023-01-10 15:32:13'),
(1146, 70, 'Puno', 10, '2023-01-10 15:32:13'),
(1147, 71, 'Moyobamba', 10, '2023-01-10 15:32:13'),
(1148, 72, 'Tacna', 10, '2023-01-10 15:32:13'),
(1149, 73, 'Tumbes', 10, '2023-01-10 15:32:13'),
(1150, 74, 'Pucallpa', 10, '2023-01-10 15:32:13'),
(1151, 75, 'Montgomery', 10, '2023-01-10 16:05:43'),
(1152, 76, 'Juneau', 10, '2023-01-10 16:05:44'),
(1153, 77, 'Phoenix', 10, '2023-01-10 16:05:44'),
(1154, 78, 'Little Rock', 10, '2023-01-10 16:05:44'),
(1155, 79, 'Raleigh', 10, '2023-01-10 16:05:44'),
(1156, 80, 'Columbia', 10, '2023-01-10 16:05:45'),
(1157, 81, 'Denver', 10, '2023-01-10 16:05:45'),
(1158, 82, 'Hartford', 10, '2023-01-10 16:05:45'),
(1159, 83, 'Bismarck', 10, '2023-01-10 16:05:45'),
(1160, 84, 'Pierre', 10, '2023-01-10 16:05:45'),
(1161, 85, 'Dover', 10, '2023-01-10 16:05:45'),
(1162, 86, 'Tallahassee', 10, '2023-01-10 16:05:45'),
(1163, 87, 'Atlanta', 10, '2023-01-10 16:05:45'),
(1164, 88, 'Honolulu', 10, '2023-01-10 16:05:45'),
(1165, 89, 'Boise', 10, '2023-01-10 16:05:45'),
(1166, 90, 'Springfield', 10, '2023-01-10 16:05:45'),
(1167, 91, 'Indianápolis', 10, '2023-01-10 16:05:45'),
(1168, 92, 'Des Moines', 10, '2023-01-10 16:05:45'),
(1169, 93, 'Topeka', 10, '2023-01-10 16:05:45'),
(1170, 94, 'Frankfort', 10, '2023-01-10 16:05:45'),
(1171, 95, 'Baton Rouge', 10, '2023-01-10 16:05:45'),
(1172, 96, 'Augusta', 10, '2023-01-10 16:05:45'),
(1173, 97, 'Annapolis', 10, '2023-01-10 16:05:45'),
(1174, 98, 'Boston', 10, '2023-01-10 16:05:46'),
(1175, 99, 'Lansing', 10, '2023-01-10 16:05:46'),
(1176, 100, 'Saint Paul', 10, '2023-01-10 16:05:46'),
(1177, 101, 'Jackson', 10, '2023-01-10 16:05:46'),
(1178, 102, 'Jefferson City ', 10, '2023-01-10 16:05:46'),
(1179, 103, 'Helena', 10, '2023-01-10 16:05:46'),
(1180, 104, 'Lincoln', 10, '2023-01-10 16:05:46'),
(1181, 105, 'Carson City', 10, '2023-01-10 16:05:46'),
(1182, 106, 'Trenton', 10, '2023-01-10 16:05:46'),
(1183, 107, 'Albany', 10, '2023-01-10 16:05:46'),
(1184, 108, 'Concord', 10, '2023-01-10 16:05:47'),
(1185, 109, 'Santa Fe ', 10, '2023-01-10 16:05:47'),
(1186, 110, 'Columbus', 10, '2023-01-10 16:05:47'),
(1187, 111, 'Oklahoma City', 10, '2023-01-10 16:05:47'),
(1188, 112, 'Salem', 10, '2023-01-10 16:05:47'),
(1189, 113, 'Harrisburg', 10, '2023-01-10 16:05:47'),
(1190, 114, 'Providence', 10, '2023-01-10 16:05:47'),
(1191, 115, 'Nashville', 10, '2023-01-10 16:05:47'),
(1192, 116, 'Salt Lake City', 10, '2023-01-10 16:05:47'),
(1193, 117, 'Montpelier', 10, '2023-01-10 16:05:47'),
(1194, 118, 'Richmond', 10, '2023-01-10 16:05:47'),
(1195, 119, 'Charleston', 10, '2023-01-10 16:05:47'),
(1196, 120, 'Olympia', 10, '2023-01-10 16:05:47'),
(1197, 121, 'Madison', 10, '2023-01-10 16:05:47'),
(1198, 38, 'Cheyenne', 10, '2023-01-10 16:05:47'),
(1199, 36, 'Frankfort', 10, '2023-01-10 16:05:47'),
(1200, 37, 'Sacramento', 10, '2023-01-10 16:05:47'),
(1201, 122, 'Distrito Federal', 10, '2023-01-10 16:41:59'),
(1202, 123, 'Bahía', 10, '2023-01-10 16:41:59'),
(1203, 124, 'Ceará', 10, '2023-01-10 16:41:59'),
(1204, 125, 'Minas Gerais', 10, '2023-01-10 16:41:59'),
(1205, 126, 'Amazonas', 10, '2023-01-10 16:41:59'),
(1206, 127, 'Paraná', 10, '2023-01-10 16:41:59'),
(1207, 128, 'Pernambuco', 10, '2023-01-10 16:41:59'),
(1208, 129, 'Río Grande del Sur', 10, '2023-01-10 16:41:59'),
(1209, 130, 'Pará ', 10, '2023-01-10 16:41:59'),
(1210, 131, 'Goiás', 10, '2023-01-10 16:41:59'),
(1211, 132, 'Maranhao', 10, '2023-01-10 16:42:00'),
(1212, 133, 'Alagoas', 10, '2023-01-10 16:42:00'),
(1213, 134, 'Piauí', 10, '2023-01-10 16:42:00'),
(1214, 135, 'Río Grande del Norte', 10, '2023-01-10 16:42:00'),
(1215, 136, 'Mato Grosso del Sur', 10, '2023-01-10 16:42:00'),
(1216, 137, 'Paraíba', 10, '2023-01-10 16:42:00'),
(1217, 138, 'Sergipe', 10, '2023-01-10 16:42:00'),
(1218, 139, 'Mato Grosso', 10, '2023-01-10 16:42:00'),
(1219, 140, 'Rondonia ', 10, '2023-01-10 16:42:00'),
(1220, 141, 'Santa Catarina', 10, '2023-01-10 16:42:00'),
(1221, 142, 'Amapá', 10, '2023-01-10 16:42:01'),
(1222, 143, 'Acre', 10, '2023-01-10 16:42:01'),
(1223, 144, 'Espírito Santo', 10, '2023-01-10 16:42:01'),
(1224, 145, 'Roraima', 10, '2023-01-10 16:42:01'),
(1225, 146, 'Tocantins', 10, '2023-01-10 16:42:01'),
(1226, 147, 'Aguascalientes', 10, '2023-01-10 16:51:55'),
(1227, 148, 'Mexicali', 10, '2023-01-10 16:51:55'),
(1228, 149, 'La Paz', 10, '2023-01-10 16:51:56'),
(1229, 150, 'San Francisco de Campeche', 10, '2023-01-10 16:51:56'),
(1230, 151, 'Tuxtla Gutiérrez', 10, '2023-01-10 16:51:56'),
(1231, 152, 'Chihuahua', 10, '2023-01-10 16:51:56'),
(1232, 153, 'Ciudad de México', 10, '2023-01-10 16:51:56'),
(1233, 154, 'Saltillo', 10, '2023-01-10 16:51:56'),
(1234, 155, 'Colima', 10, '2023-01-10 16:51:56'),
(1235, 156, 'Victoria de Durango', 10, '2023-01-10 16:51:56'),
(1236, 157, 'Guanajuato', 10, '2023-01-10 16:51:56'),
(1237, 158, 'Chilpancingo de los Bravo', 10, '2023-01-10 16:51:56'),
(1238, 159, 'Pachuca de Soto', 10, '2023-01-10 16:51:56'),
(1239, 160, 'Guadalajara', 10, '2023-01-10 16:51:56'),
(1240, 161, 'Toluca de Lerdo', 10, '2023-01-10 16:51:56'),
(1241, 162, 'Morelia', 10, '2023-01-10 16:51:57'),
(1242, 163, 'Cuernavaca', 10, '2023-01-10 16:51:57'),
(1243, 164, 'Tepic', 10, '2023-01-10 16:51:57'),
(1244, 165, 'Monterrey', 10, '2023-01-10 16:51:57'),
(1245, 166, 'Oaxaca de Juárez', 10, '2023-01-10 16:51:57'),
(1246, 167, 'Puebla de Zaragoza', 10, '2023-01-10 16:51:57'),
(1247, 168, 'Santiago de Querétaro', 10, '2023-01-10 16:51:57'),
(1248, 169, 'Chetumal', 10, '2023-01-10 16:51:57'),
(1249, 170, 'San Luis Potosí', 10, '2023-01-10 16:51:57'),
(1250, 171, 'Culiacán Rosales', 10, '2023-01-10 16:51:57'),
(1251, 172, 'Hermosillo', 10, '2023-01-10 16:51:57'),
(1252, 173, 'Villahermosa', 10, '2023-01-10 16:51:57'),
(1253, 174, 'Ciudad Victoria', 10, '2023-01-10 16:51:58'),
(1254, 175, 'Tlaxcala de Xicohténcatl', 10, '2023-01-10 16:51:58'),
(1255, 176, 'Xalapa-Enríquez', 10, '2023-01-10 16:51:58'),
(1256, 177, 'Mérida', 10, '2023-01-10 16:51:58'),
(1257, 178, 'Zacatecas', 10, '2023-01-10 16:51:58'),
(1258, 180, 'Cobán', 10, '2023-01-10 17:07:52'),
(1259, 181, 'Salamá', 10, '2023-01-10 17:07:52'),
(1260, 182, 'Chimaltenango', 10, '2023-01-10 17:07:52'),
(1261, 183, 'Chiquimula', 10, '2023-01-10 17:07:52'),
(1262, 184, 'Guastatoya', 10, '2023-01-10 17:07:52'),
(1263, 185, 'Escuintla', 10, '2023-01-10 17:07:52'),
(1264, 186, 'Ciudad de Guatemala', 10, '2023-01-10 17:07:52'),
(1265, 187, 'Huehuetenango', 10, '2023-01-10 17:07:52'),
(1266, 188, 'Puerto Barrios', 10, '2023-01-10 17:07:53'),
(1267, 189, 'Jalapa', 10, '2023-01-10 17:07:53'),
(1268, 190, 'Jutiapa', 10, '2023-01-10 17:07:53'),
(1269, 191, 'Flores', 10, '2023-01-10 17:07:53'),
(1270, 192, 'Quetzaltenango', 10, '2023-01-10 17:07:53'),
(1271, 193, 'Santa Cruz del Quiché', 10, '2023-01-10 17:07:53'),
(1272, 194, 'Retalhuleu', 10, '2023-01-10 17:07:53'),
(1273, 195, 'Antigua Guatemala', 10, '2023-01-10 17:07:53'),
(1274, 196, 'San Marcos', 10, '2023-01-10 17:07:53'),
(1275, 197, 'Cuilapa', 10, '2023-01-10 17:07:53'),
(1276, 198, 'Sololá', 10, '2023-01-10 17:07:54'),
(1277, 199, 'Mazatenango', 10, '2023-01-10 17:07:54'),
(1278, 200, 'Totonicapán', 10, '2023-01-10 17:07:54'),
(1279, 200, 'Zacapa', 10, '2023-01-10 17:07:54'),
(1280, 201, 'General Lavalle', 10, '2023-01-10 18:13:29'),
(1281, 202, '25 de Mayo', 10, '2023-01-10 18:13:29'),
(1282, 203, '9 de Julio', 10, '2023-01-10 18:13:29'),
(1283, 203, 'Aberastain', 10, '2023-01-10 18:13:29'),
(1284, 204, 'Abra Pampa', 10, '2023-01-10 18:13:29'),
(1285, 201, 'Adolfo Gonzales Chaves', 10, '2023-01-10 18:13:29'),
(1286, 201, 'Adrogué', 10, '2023-01-10 18:13:29'),
(1287, 206, 'Aguilares', 10, '2023-01-10 18:13:29'),
(1288, 207, 'Aimogasta', 10, '2023-01-10 18:13:30'),
(1289, 201, 'Alberti', 10, '2023-01-10 18:13:30'),
(1290, 202, 'Algarrobo del Águila', 10, '2023-01-10 18:13:30'),
(1291, 208, 'Alta Gracia', 10, '2023-01-10 18:13:30'),
(1292, 209, 'Alto Río Senguer', 10, '2023-01-10 18:13:30'),
(1293, 210, 'Aluminé', 10, '2023-01-10 18:13:30'),
(1294, 201, 'América', 10, '2023-01-10 18:13:30'),
(1295, 207, 'Aminga', 10, '2023-01-10 18:13:30'),
(1296, 211, 'Ancasti', 10, '2023-01-10 18:13:30'),
(1297, 210, 'Andacollo', 10, '2023-01-10 18:13:30'),
(1298, 211, 'Andalgalá', 10, '2023-01-10 18:13:30'),
(1299, 211, 'Antofagasta de la Sierra', 10, '2023-01-10 18:13:31'),
(1300, 210, 'Añelo', 10, '2023-01-10 18:13:31'),
(1301, 201, 'Arrecifes', 10, '2023-01-10 18:13:31'),
(1302, 201, 'Avellaneda', 10, '2023-01-10 18:13:31'),
(1303, 201, 'Ayacucho', 10, '2023-01-10 18:13:31'),
(1304, 201, 'Azul', 10, '2023-01-10 18:13:31'),
(1305, 201, 'Bahía Blanca', 10, '2023-01-10 18:13:31'),
(1306, 201, 'Balcarce', 10, '2023-01-10 18:13:31'),
(1307, 206, 'Banda del Río Salí', 10, '2023-01-10 18:13:31'),
(1308, 211, 'Bañado de Ovanta', 10, '2023-01-10 18:13:31'),
(1309, 201, 'Baradero', 10, '2023-01-10 18:13:31'),
(1310, 211, 'Belén', 10, '2023-01-10 18:13:31'),
(1311, 201, 'Belén de Escobar', 10, '2023-01-10 18:13:31'),
(1312, 208, 'Bell Ville', 10, '2023-01-10 18:13:31'),
(1313, 206, 'Bella Vista', 10, '2023-01-10 18:13:31'),
(1314, 201, 'Benito Juárez', 10, '2023-01-10 18:13:32'),
(1315, 201, 'Berazategui', 10, '2023-01-10 18:13:32'),
(1316, 201, 'Berisso', 10, '2023-01-10 18:13:32'),
(1317, 202, 'Bernasconi', 10, '2023-01-10 18:13:32'),
(1318, 201, 'Bolívar', 10, '2023-01-10 18:13:32'),
(1319, 201, 'Bragado', 10, '2023-01-10 18:13:32'),
(1320, 201, 'Brandsen', 10, '2023-01-10 18:13:32'),
(1321, 212, 'Buena Esperanza', 10, '2023-01-10 18:13:32'),
(1322, 206, 'Burruyacú', 10, '2023-01-10 18:13:32'),
(1323, 210, 'Buta Ranquil', 10, '2023-01-10 18:13:32'),
(1324, 209, 'Camarones', 10, '2023-01-10 18:13:32'),
(1325, 201, 'Campana', 10, '2023-01-10 18:13:32'),
(1326, 213, 'Cañada de Gómez', 10, '2023-01-10 18:13:32'),
(1327, 201, 'Cañuelas', 10, '2023-01-10 18:13:32'),
(1328, 201, 'Capilla del Señor', 10, '2023-01-10 18:13:32'),
(1329, 201, 'Capitán Sarmiento', 10, '2023-01-10 18:13:32'),
(1330, 201, 'Carhué', 10, '2023-01-10 18:13:33'),
(1331, 201, 'Carlos Casares', 10, '2023-01-10 18:13:33'),
(1332, 201, 'Carlos Tejedor', 10, '2023-01-10 18:13:33'),
(1333, 201, 'Carmen de Areco', 10, '2023-01-10 18:13:33'),
(1334, 201, 'Carmen de Patagones', 10, '2023-01-10 18:13:33'),
(1335, 201, 'Caseros', 10, '2023-01-10 18:13:33'),
(1336, 213, 'Casilda', 10, '2023-01-10 18:13:33'),
(1337, 201, 'Castelli', 10, '2023-01-10 18:13:33'),
(1338, 202, 'Catriló', 10, '2023-01-10 18:13:33'),
(1339, 203, 'Caucete', 10, '2023-01-10 18:13:33'),
(1340, 201, 'Chacabuco', 10, '2023-01-10 18:13:33'),
(1341, 214, 'Chaco', 10, '2023-01-10 18:13:33'),
(1342, 207, 'Chamical', 10, '2023-01-10 18:13:33'),
(1343, 207, 'Chascomús', 10, '2023-01-10 18:13:33'),
(1344, 201, 'Chepes', 10, '2023-01-10 18:13:33'),
(1345, 215, 'Chilecito', 10, '2023-01-10 18:13:33'),
(1346, 210, 'Chivilcoy', 10, '2023-01-10 18:13:33'),
(1347, 216, 'Choele Choel', 10, '2023-01-10 18:13:34'),
(1348, 208, 'Chos Malal', 10, '2023-01-10 18:13:34'),
(1349, 217, 'Ciudad de Mendoza', 10, '2023-01-10 18:13:34'),
(1350, 201, 'Ciudad de Río Cuarto', 10, '2023-01-10 18:13:34'),
(1351, 217, 'Clorinda', 10, '2023-01-10 18:13:34'),
(1352, 209, 'Colón', 10, '2023-01-10 18:13:34'),
(1353, 212, 'Comandante Fontana', 10, '2023-01-10 18:13:34'),
(1354, 206, 'Comodoro Rivadavia', 10, '2023-01-10 18:13:34'),
(1355, 208, 'Concarán', 10, '2023-01-10 18:13:34'),
(1356, 213, 'Concepción', 10, '2023-01-10 18:13:34'),
(1357, 201, 'Córdoba', 10, '2023-01-10 18:13:34'),
(1358, 201, 'Coronda', 10, '2023-01-10 18:13:34'),
(1359, 201, 'Coronel Dorrego', 10, '2023-01-10 18:13:34'),
(1360, 201, 'Coronel Pringles', 10, '2023-01-10 18:13:34'),
(1361, 218, 'Coronel Suárez', 10, '2023-01-10 18:13:34'),
(1362, 208, 'Coronel Vidal', 10, '2023-01-10 18:13:34'),
(1363, 208, 'Corrientes', 10, '2023-01-10 18:13:34'),
(1364, 211, 'Cosquín', 10, '2023-01-10 18:13:34'),
(1365, 219, 'Cruz del Eje', 10, '2023-01-10 18:13:35'),
(1366, 204, 'Cuchillo-Có', 10, '2023-01-10 18:13:35'),
(1367, 215, 'Daireaux', 10, '2023-01-10 18:13:35'),
(1368, 217, 'Deán Funes', 10, '2023-01-10 18:13:35'),
(1369, 210, 'Dolores', 10, '2023-01-10 18:13:35'),
(1370, 201, 'Eduardo Castex', 10, '2023-01-10 18:13:35'),
(1371, 220, 'El Alto', 10, '2023-01-10 18:13:35'),
(1372, 213, 'El Calafate', 10, '2023-01-10 18:13:35'),
(1373, 209, 'El Carmen', 10, '2023-01-10 18:13:35'),
(1374, 201, 'El Cuy', 10, '2023-01-10 18:13:35'),
(1375, 206, 'El Espinillo', 10, '2023-01-10 18:13:35'),
(1376, 207, 'El Huecú', 10, '2023-01-10 18:13:35'),
(1377, 201, 'Ensenada', 10, '2023-01-10 18:13:35'),
(1378, 217, 'Entre Ríos', 10, '2023-01-10 18:13:35'),
(1379, 201, 'Esperanza (Santa Fe)', 10, '2023-01-10 18:13:35'),
(1380, 201, 'Esquel', 10, '2023-01-10 18:13:35'),
(1381, 201, 'Ezeiza', 10, '2023-01-10 18:13:35'),
(1382, 201, 'Famaillá', 10, '2023-01-10 18:13:35'),
(1383, 201, 'Famatina', 10, '2023-01-10 18:13:36'),
(1384, 217, 'Florentino Ameghino', 10, '2023-01-10 18:13:36'),
(1385, 202, 'Formosa', 10, '2023-01-10 18:13:36'),
(1386, 201, 'Gaiman', 10, '2023-01-10 18:13:36'),
(1387, 215, 'Gastre', 10, '2023-01-10 18:13:36'),
(1388, 201, 'General Acha', 10, '2023-01-10 18:13:36'),
(1389, 203, 'General Alvear', 10, '2023-01-10 18:13:36'),
(1390, 201, 'General Alvear', 10, '2023-01-10 18:13:36'),
(1391, 219, 'General Arenales', 10, '2023-01-10 18:13:36'),
(1392, 216, 'General Belgrano', 10, '2023-01-10 18:13:36'),
(1393, 206, 'General Conesa', 10, '2023-01-10 18:13:36'),
(1394, 220, 'General Conesa', 10, '2023-01-10 18:13:36'),
(1395, 201, 'General Guido', 10, '2023-01-10 18:13:36'),
(1396, 202, 'General Juan Madariaga', 10, '2023-01-10 18:13:36'),
(1397, 201, 'General La Madrid', 10, '2023-01-10 18:13:36'),
(1398, 213, 'General Las Heras', 10, '2023-01-10 18:13:36'),
(1399, 201, 'General Mosconi', 10, '2023-01-10 18:13:36'),
(1400, 211, 'General Pico', 10, '2023-01-10 18:13:37'),
(1401, 204, 'General Pinto', 10, '2023-01-10 18:13:37'),
(1402, 201, 'General Roca', 10, '2023-01-10 18:13:37'),
(1403, 217, 'General Rodríguez', 10, '2023-01-10 18:13:37'),
(1404, 202, 'General San Martín', 10, '2023-01-10 18:13:37'),
(1405, 201, 'General Villegas', 10, '2023-01-10 18:13:37'),
(1406, 208, 'Gobernador Gregores', 10, '2023-01-10 18:13:37'),
(1407, 201, 'Godoy Cruz', 10, '2023-01-10 18:13:37'),
(1408, 209, 'Graneros', 10, '2023-01-10 18:13:37'),
(1409, 206, 'Gualeguay', 10, '2023-01-10 18:13:37'),
(1410, 201, 'Guaminí', 10, '2023-01-10 18:13:37'),
(1411, 216, 'Guatraché', 10, '2023-01-10 18:13:37'),
(1412, 210, 'Guernica', 10, '2023-01-10 18:13:37'),
(1413, 202, 'Helvecia', 10, '2023-01-10 18:13:37'),
(1414, 208, 'Henderson', 10, '2023-01-10 18:13:37'),
(1415, 206, 'Huillapima', 10, '2023-01-10 18:13:37'),
(1416, 211, 'Humahuaca', 10, '2023-01-10 18:13:37'),
(1417, 216, 'Hurlingham', 10, '2023-01-10 18:13:38'),
(1418, 201, 'Ingeniero Juárez', 10, '2023-01-10 18:13:38'),
(1419, 211, 'Intendente Alvear', 10, '2023-01-10 18:13:38'),
(1420, 204, 'Ituzaingó', 10, '2023-01-10 18:13:38'),
(1421, 207, 'Jesús María', 10, '2023-01-10 18:13:38'),
(1422, 212, 'José C. Paz', 10, '2023-01-10 18:13:38'),
(1423, 208, 'José de San Martín', 10, '2023-01-10 18:13:38'),
(1424, 217, 'Juan Bautista Alberdi', 10, '2023-01-10 18:13:38'),
(1425, 201, 'Junín', 10, '2023-01-10 18:13:38'),
(1426, 201, 'Junín (Mendoza)', 10, '2023-01-10 18:13:38'),
(1427, 210, 'Junín de los Andes', 10, '2023-01-10 18:13:38'),
(1428, 201, 'La Adela', 10, '2023-01-10 18:13:38'),
(1429, 216, 'La Carlota', 10, '2023-01-10 18:13:38'),
(1430, 210, 'La Cocha', 10, '2023-01-10 18:13:38'),
(1431, 209, 'La Merced', 10, '2023-01-10 18:13:38'),
(1432, 213, 'La Paz', 10, '2023-01-10 18:13:38'),
(1433, 221, 'La Plata', 10, '2023-01-10 18:13:38'),
(1434, 209, 'La Puerta', 10, '2023-01-10 18:13:39'),
(1435, 201, 'La Quiaca', 10, '2023-01-10 18:13:39'),
(1436, 204, 'La Rioja', 10, '2023-01-10 18:13:39'),
(1437, 202, 'La Toma', 10, '2023-01-10 18:13:39'),
(1438, 201, 'Laboulaye', 10, '2023-01-10 18:13:39'),
(1439, 201, 'Laguna Yema', 10, '2023-01-10 18:13:39'),
(1440, 201, 'Lanús', 10, '2023-01-10 18:13:39'),
(1441, 201, 'Laprida', 10, '2023-01-10 18:13:39'),
(1442, 210, 'Las Coloradas', 10, '2023-01-10 18:13:39'),
(1443, 201, 'Las Flores', 10, '2023-01-10 18:13:39'),
(1444, 201, 'Las Heras', 10, '2023-01-10 18:13:39'),
(1445, 201, 'Las Lajas', 10, '2023-01-10 18:13:39'),
(1446, 216, 'Las Plumas', 10, '2023-01-10 18:13:39'),
(1447, 206, 'Las Rosas (Santa Fe)', 10, '2023-01-10 18:13:39'),
(1448, 202, 'Leandro N. Alem', 10, '2023-01-10 18:13:39'),
(1449, 201, 'Leleque', 10, '2023-01-10 18:13:39'),
(1450, 201, 'Lezama', 10, '2023-01-10 18:13:39'),
(1451, 216, 'Libertador General San Martín', 10, '2023-01-10 18:13:39'),
(1452, 207, 'Limay Mahuida', 10, '2023-01-10 18:13:40'),
(1453, 216, 'Lincoln', 10, '2023-01-10 18:13:40'),
(1454, 215, 'Lobería', 10, '2023-01-10 18:13:40'),
(1455, 201, 'Lobos', 10, '2023-01-10 18:13:40'),
(1456, 201, 'Lomas de Zamora', 10, '2023-01-10 18:13:40'),
(1457, 208, 'Loncopué', 10, '2023-01-10 18:13:40'),
(1458, 201, 'Los Polvorines', 10, '2023-01-10 18:13:40'),
(1459, 201, 'Los Toldos', 10, '2023-01-10 18:13:40'),
(1460, 203, 'Luján', 10, '2023-01-10 18:13:40'),
(1461, 213, 'Luján de Cuyo', 10, '2023-01-10 18:13:40'),
(1462, 201, 'Lules', 10, '2023-01-10 18:13:40'),
(1463, 201, 'Macachín', 10, '2023-01-10 18:13:40'),
(1464, 201, 'Magdalena', 10, '2023-01-10 18:13:40'),
(1465, 221, 'Maipú', 10, '2023-01-10 18:13:40'),
(1466, 201, 'Maipú', 10, '2023-01-10 18:13:40'),
(1467, 201, 'Malanzán', 10, '2023-01-10 18:13:40'),
(1468, 201, 'Malargüe', 10, '2023-01-10 18:13:40'),
(1469, 206, 'Maquinchao', 10, '2023-01-10 18:13:40'),
(1470, 201, 'Mar del Plata', 10, '2023-01-10 18:13:40'),
(1471, 201, 'Mar del Tuyú', 10, '2023-01-10 18:13:40'),
(1472, 201, 'Marcos Juárez', 10, '2023-01-10 18:13:40'),
(1473, 201, 'Marcos Paz', 10, '2023-01-10 18:13:41'),
(1474, 210, 'Médanos', 10, '2023-01-10 18:13:41'),
(1475, 201, 'Media Agua', 10, '2023-01-10 18:13:41'),
(1476, 215, 'Melincué', 10, '2023-01-10 18:13:41'),
(1477, 201, 'Mercedes', 10, '2023-01-10 18:13:41'),
(1478, 208, 'Merlo', 10, '2023-01-10 18:13:41'),
(1479, 201, 'Miramar', 10, '2023-01-10 18:13:41'),
(1480, 207, 'Misiones', 10, '2023-01-10 18:13:41'),
(1481, 209, 'Monte', 10, '2023-01-10 18:13:41'),
(1482, 207, 'Monte Grande', 10, '2023-01-10 18:13:41'),
(1483, 201, 'Monte Hermoso', 10, '2023-01-10 18:13:41'),
(1484, 201, 'Monteros', 10, '2023-01-10 18:13:41'),
(1485, 201, 'Moreno', 10, '2023-01-10 18:13:41'),
(1486, 219, 'Morón', 10, '2023-01-10 18:13:41'),
(1487, 210, 'Navarro', 10, '2023-01-10 18:13:41'),
(1488, 210, 'Necochea', 10, '2023-01-10 18:13:41'),
(1489, 201, 'Neuquén', 10, '2023-01-10 18:13:41'),
(1490, 201, 'Nueve de Julio', 10, '2023-01-10 18:13:41'),
(1491, 201, 'Ñorquincó', 10, '2023-01-10 18:13:41'),
(1492, 215, 'Olavarría', 10, '2023-01-10 18:13:42'),
(1493, 201, 'Oliva', 10, '2023-01-10 18:13:42'),
(1494, 217, 'Olivos (de facto)', 10, '2023-01-10 18:13:42'),
(1495, 201, 'Olta', 10, '2023-01-10 18:13:42'),
(1496, 202, 'Palpalá', 10, '2023-01-10 18:13:42'),
(1497, 219, 'Parera', 10, '2023-01-10 18:13:42'),
(1498, 209, 'Paso de Indios', 10, '2023-01-10 18:13:42'),
(1499, 219, 'Patquía', 10, '2023-01-10 18:13:42'),
(1500, 219, 'Pehuajó', 10, '2023-01-10 18:13:42'),
(1501, 201, 'Pellegrini', 10, '2023-01-10 18:13:42'),
(1502, 202, 'Pergamino', 10, '2023-01-10 18:13:42'),
(1503, 201, 'Perito Moreno', 10, '2023-01-10 18:13:42'),
(1504, 213, 'Picún Leufú', 10, '2023-01-10 18:13:42'),
(1505, 201, 'Piedra del Águila', 10, '2023-01-10 18:13:42'),
(1506, 201, 'Pigüé', 10, '2023-01-10 18:13:42'),
(1507, 201, 'Pila', 10, '2023-01-10 18:13:42'),
(1508, 209, 'Pilar', 10, '2023-01-10 18:13:42'),
(1509, 202, 'Pilcaniyeu', 10, '2023-01-10 18:13:42'),
(1510, 213, 'Pinamar', 10, '2023-01-10 18:13:42'),
(1511, 211, 'Pirané', 10, '2023-01-10 18:13:42'),
(1512, 204, 'Puan', 10, '2023-01-10 18:13:42'),
(1513, 215, 'Puelches', 10, '2023-01-10 18:13:43'),
(1514, 219, 'Puerto Deseado', 10, '2023-01-10 18:13:43'),
(1515, 216, 'Puerto Madryn', 10, '2023-01-10 18:13:43'),
(1516, 203, 'Puerto San Julián', 10, '2023-01-10 18:13:43'),
(1517, 203, 'Puerto Santa Cruz', 10, '2023-01-10 18:13:43'),
(1518, 201, 'Punta Alta', 10, '2023-01-10 18:13:43'),
(1519, 201, 'Quemú Quemú', 10, '2023-01-10 18:13:43'),
(1520, 213, 'Quilmes', 10, '2023-01-10 18:13:43'),
(1521, 201, 'Rafaela (Santa Fe)', 10, '2023-01-10 18:13:43'),
(1522, 201, 'Ramallo', 10, '2023-01-10 18:13:43'),
(1523, 208, 'Ranchos', 10, '2023-01-10 18:13:43'),
(1524, 222, 'Rauch', 10, '2023-01-10 18:13:43'),
(1525, 201, 'Rawson', 10, '2023-01-10 18:13:43'),
(1526, 203, 'Realicó', 10, '2023-01-10 18:13:43'),
(1527, 208, 'Reconquista (Santa Fe)', 10, '2023-01-10 18:13:43'),
(1528, 201, 'Recreo', 10, '2023-01-10 18:13:43'),
(1529, 204, 'Rinconada (Jujuy)', 10, '2023-01-10 18:13:43'),
(1530, 201, 'Río Colorado', 10, '2023-01-10 18:13:43'),
(1531, 215, 'Río Gallegos', 10, '2023-01-10 18:13:44'),
(1532, 207, 'Rivadavia', 10, '2023-01-10 18:13:44'),
(1533, 216, 'Rivadavia', 10, '2023-01-10 18:13:44'),
(1534, 215, 'Rodeo', 10, '2023-01-10 18:13:44'),
(1535, 208, 'Rojas', 10, '2023-01-10 18:13:44'),
(1536, 201, 'Roque Pérez', 10, '2023-01-10 18:13:44'),
(1537, 213, 'Rosario (Argentina)', 10, '2023-01-10 18:13:44'),
(1538, 201, 'Saladillo', 10, '2023-01-10 18:13:44'),
(1539, 211, 'Salliqueló', 10, '2023-01-10 18:13:44'),
(1540, 208, 'Salsacate', 10, '2023-01-10 18:13:44'),
(1541, 217, 'Salta', 10, '2023-01-10 18:13:44'),
(1542, 208, 'Salto', 10, '2023-01-10 18:13:44'),
(1543, 212, 'San Agustín', 10, '2023-01-10 18:13:44'),
(1544, 211, 'San Agustín', 10, '2023-01-10 18:13:44'),
(1545, 201, 'San Andrés de Giles', 10, '2023-01-10 18:13:44'),
(1546, 213, 'San Antonio', 10, '2023-01-10 18:13:44'),
(1547, 211, 'San Antonio de Areco', 10, '2023-01-10 18:13:45'),
(1548, 203, 'San Antonio Oeste', 10, '2023-01-10 18:13:45'),
(1549, 203, 'San Blas', 10, '2023-01-10 18:13:45'),
(1550, 201, 'San Carlos', 10, '2023-01-10 18:13:45'),
(1551, 201, 'San Carlos de Bariloche', 10, '2023-01-10 18:13:45'),
(1552, 213, 'San Carlos Minas', 10, '2023-01-10 18:13:45'),
(1553, 213, 'San Cayetano', 10, '2023-01-10 18:13:45'),
(1554, 212, 'San Cristóbal (Santa Fe)', 10, '2023-01-10 18:13:45'),
(1555, 212, 'San Fernando', 10, '2023-01-10 18:13:45'),
(1556, 216, 'San Fernando del Valle de Catamarca', 10, '2023-01-10 18:13:45'),
(1557, 203, 'San Francisco', 10, '2023-01-10 18:13:45'),
(1558, 201, 'San Francisco de Laishí', 10, '2023-01-10 18:13:45'),
(1559, 210, 'San Francisco del Chañar', 10, '2023-01-10 18:13:45'),
(1560, 201, 'San Francisco del Monte de Oro', 10, '2023-01-10 18:13:45'),
(1561, 206, 'San Isidro', 10, '2023-01-10 18:13:45'),
(1562, 201, 'San Isidro', 10, '2023-01-10 18:13:45'),
(1563, 201, 'San Javier (Santa Fe)', 10, '2023-01-10 18:13:45'),
(1564, 204, 'San José', 10, '2023-01-10 18:13:46'),
(1565, 216, 'San José de Jáchal', 10, '2023-01-10 18:13:46'),
(1566, 201, 'San Juan', 10, '2023-01-10 18:13:46'),
(1567, 204, 'San Juan Bautista (ex Florencio Varela)', 10, '2023-01-10 18:13:46'),
(1568, 204, 'San Justo', 10, '2023-01-10 18:13:46'),
(1569, 213, 'San Justo (Santa Fe)', 10, '2023-01-10 18:13:46'),
(1570, 202, 'San Lorenzo (Santa Fe)', 10, '2023-01-10 18:13:46'),
(1571, 203, 'San Luis', 10, '2023-01-10 18:13:46'),
(1572, 211, 'San Martín', 10, '2023-01-10 18:13:46'),
(1573, 216, 'San Martín', 10, '2023-01-10 18:13:46'),
(1574, 203, 'San Martín', 10, '2023-01-10 18:13:46'),
(1575, 202, 'San Martín', 10, '2023-01-10 18:13:46'),
(1576, 208, 'San Martín de los Andes', 10, '2023-01-10 18:13:46'),
(1577, 212, 'San Miguel', 10, '2023-01-10 18:13:46'),
(1578, 223, 'San Miguel de Tucumán', 10, '2023-01-10 18:13:46'),
(1579, 209, 'San Nicolás de los Arroyos', 10, '2023-01-10 18:13:46'),
(1580, 213, 'San Pedro', 10, '2023-01-10 18:13:46'),
(1581, 211, 'San Pedro de Jujuy', 10, '2023-01-10 18:13:46'),
(1582, 215, 'San Rafael', 10, '2023-01-10 18:13:47'),
(1583, 206, 'San Vicente', 10, '2023-01-10 18:13:47'),
(1584, 201, 'Santa Catalina', 10, '2023-01-10 18:13:47'),
(1585, 204, 'Santa Clara', 10, '2023-01-10 18:13:47'),
(1586, 206, 'Santa Fe (Santa Fe)', 10, '2023-01-10 18:13:47'),
(1587, 206, 'Santa Isabel', 10, '2023-01-10 18:13:47'),
(1588, 207, 'Santa Lucía', 10, '2023-01-10 18:13:47'),
(1589, 203, 'Santa María', 10, '2023-01-10 18:13:47'),
(1590, 201, 'Santa Rosa', 10, '2023-01-10 18:13:47'),
(1591, 209, 'Santa Rosa', 10, '2023-01-10 18:13:47'),
(1592, 209, 'Santa Rosa de Río Primero', 10, '2023-01-10 18:13:47'),
(1593, 201, 'Santa Rosa del Conlara', 10, '2023-01-10 18:13:47'),
(1594, 204, 'Santiago del Estero', 10, '2023-01-10 18:13:47'),
(1595, 207, 'Sarmiento', 10, '2023-01-10 18:13:47'),
(1596, 215, 'Sastre y Ortiz', 10, '2023-01-10 18:13:47'),
(1597, 204, 'Saujil', 10, '2023-01-10 18:13:47'),
(1598, 201, 'Sierra Colorada', 10, '2023-01-10 18:13:47'),
(1599, 201, 'Simoca', 10, '2023-01-10 18:13:47'),
(1600, 213, 'Suipacha', 10, '2023-01-10 18:13:47'),
(1601, 201, 'Susques', 10, '2023-01-10 18:13:47'),
(1602, 202, 'Tafí del Valle', 10, '2023-01-10 18:13:48'),
(1603, 215, 'Tafí Viejo', 10, '2023-01-10 18:13:48'),
(1604, 203, 'Tama', 10, '2023-01-10 18:13:48'),
(1605, 207, 'Tamberías', 10, '2023-01-10 18:13:48'),
(1606, 213, 'Tandil', 10, '2023-01-10 18:13:48'),
(1607, 208, 'Tapalqué', 10, '2023-01-10 18:13:48'),
(1608, 208, 'Tecka', 10, '2023-01-10 18:13:48'),
(1609, 208, 'Telsen', 10, '2023-01-10 18:13:48'),
(1610, 203, 'Tigre', 10, '2023-01-10 18:13:48'),
(1611, 208, 'Tilcara', 10, '2023-01-10 18:13:48'),
(1612, 208, 'Tinogasta', 10, '2023-01-10 18:13:48'),
(1613, 212, 'Toay', 10, '2023-01-10 18:13:48'),
(1614, 201, 'Tornquist', 10, '2023-01-10 18:13:48'),
(1615, 208, 'Tostado', 10, '2023-01-10 18:13:48'),
(1616, 203, 'Trancas', 10, '2023-01-10 18:13:48'),
(1617, 203, 'Trenel', 10, '2023-01-10 18:13:48'),
(1618, 210, 'Trenque Lauquen', 10, '2023-01-10 18:13:48'),
(1619, 208, 'Tres Arroyos', 10, '2023-01-10 18:13:48'),
(1620, 212, 'Tres Lomas', 10, '2023-01-10 18:13:48'),
(1621, 216, 'Tumbaya', 10, '2023-01-10 18:13:48'),
(1622, 203, 'Tunuyán', 10, '2023-01-10 18:13:49'),
(1623, 207, 'Tupungato', 10, '2023-01-10 18:13:49'),
(1624, 207, 'Ulapes', 10, '2023-01-10 18:13:49'),
(1625, 207, 'Valcheta', 10, '2023-01-10 18:13:49'),
(1626, 216, 'Valle Grande', 10, '2023-01-10 18:13:49'),
(1627, 208, 'Vedia', 10, '2023-01-10 18:13:49'),
(1628, 207, 'Veinticinco de Mayo', 10, '2023-01-10 18:13:49'),
(1629, 206, 'Vera (Santa Fe)', 10, '2023-01-10 18:13:49'),
(1630, 210, 'Verónica', 10, '2023-01-10 18:13:49'),
(1631, 201, 'Victorica', 10, '2023-01-10 18:13:49'),
(1632, 215, 'Viedma', 10, '2023-01-10 18:13:49'),
(1633, 203, 'Villa Basilio Nievas', 10, '2023-01-10 18:13:49'),
(1634, 207, 'Villa Castelli', 10, '2023-01-10 18:13:49'),
(1635, 213, 'Villa Constitución', 10, '2023-01-10 18:13:49'),
(1636, 208, 'Villa Cura Brochero', 10, '2023-01-10 18:13:49'),
(1637, 208, 'Villa de María', 10, '2023-01-10 18:13:49'),
(1638, 208, 'Villa del Rosario', 10, '2023-01-10 18:13:49'),
(1639, 203, 'Villa del Salvador', 10, '2023-01-10 18:13:49'),
(1640, 208, 'Villa del Totoral', 10, '2023-01-10 18:13:49'),
(1641, 208, 'Villa Dolores', 10, '2023-01-10 18:13:49'),
(1642, 212, 'Villa General Roca', 10, '2023-01-10 18:13:49'),
(1643, 201, 'Villa Gesell', 10, '2023-01-10 18:13:49'),
(1644, 208, 'Villa Huidobro', 10, '2023-01-10 18:13:50'),
(1645, 203, 'Villa Ibáñez', 10, '2023-01-10 18:13:50'),
(1646, 203, 'Villa Krause', 10, '2023-01-10 18:13:50'),
(1647, 210, 'Villa La Angostura', 10, '2023-01-10 18:13:50'),
(1648, 208, 'Villa María', 10, '2023-01-10 18:13:50'),
(1649, 212, 'Villa Mercedes', 10, '2023-01-10 18:13:50'),
(1650, 216, 'Villa Nueva (Mendoza)', 10, '2023-01-10 18:13:50'),
(1651, 203, 'Villa Paula A. de Sarmiento', 10, '2023-01-10 18:13:50'),
(1652, 207, 'Villa San José de Vinchina', 10, '2023-01-10 18:13:50'),
(1653, 207, 'Villa Sanagasta', 10, '2023-01-10 18:13:50'),
(1654, 207, 'Villa Santa Rita de Catuna', 10, '2023-01-10 18:13:50'),
(1655, 216, 'Villa Tulumaya', 10, '2023-01-10 18:13:50'),
(1656, 208, 'Villa Tulumba', 10, '2023-01-10 18:13:50'),
(1657, 207, 'Villa Unión', 10, '2023-01-10 18:13:50'),
(1658, 206, 'Yerba Buena', 10, '2023-01-10 18:13:50'),
(1659, 210, 'Zapala', 10, '2023-01-10 18:13:50'),
(1660, 201, 'Zárate', 10, '2023-01-10 18:13:50'),
(1661, 86, 'Jacksonville', 10, '2023-01-16 11:10:08'),
(1662, 36, 'Louisville', 10, '2023-01-17 13:18:58'),
(1663, 36, 'Covington', 10, '2023-01-17 14:15:00'),
(1664, 36, 'Georgetown', 10, '2023-01-17 14:15:00'),
(1665, 36, 'Jeffersontown', 10, '2023-01-17 14:15:00'),
(1666, 36, 'Radcliff', 10, '2023-01-17 14:15:00'),
(1667, 36, 'Erlanger', 10, '2023-01-17 14:15:01'),
(1668, 36, 'Danville', 10, '2023-01-17 14:15:01'),
(1669, 36, 'Shelbyville', 10, '2023-01-17 14:15:01'),
(1670, 36, 'Shepherdsville', 10, '2023-01-17 14:15:01'),
(1671, 36, 'Lawrenceburg', 10, '2023-01-17 14:15:01'),
(1672, 36, 'Lexington', 10, '2023-01-17 14:15:01'),
(1673, 36, 'Hopkinsville', 10, '2023-01-17 14:15:01'),
(1674, 36, 'Elizabethtown', 10, '2023-01-17 14:15:01'),
(1675, 36, 'Frankfort', 10, '2023-01-17 14:15:01'),
(1676, 36, 'Ashland', 10, '2023-01-17 14:15:01'),
(1677, 36, 'Murray', 10, '2023-01-17 14:15:01'),
(1678, 36, 'Burlington', 10, '2023-01-17 14:15:01'),
(1679, 36, 'Glasgow', 10, '2023-01-17 14:15:01'),
(1680, 36, 'Somerset', 10, '2023-01-17 14:15:01'),
(1681, 36, 'Middlesborough', 10, '2023-01-17 14:15:01'),
(1682, 36, 'Bowling Green', 10, '2023-01-17 14:15:02'),
(1683, 36, 'Richmond', 10, '2023-01-17 14:15:02'),
(1684, 36, 'Nicholasville', 10, '2023-01-17 14:15:02'),
(1685, 36, 'Paducah', 10, '2023-01-17 14:15:02'),
(1686, 36, 'Madisonville', 10, '2023-01-17 14:15:02'),
(1687, 36, 'St. Matthews', 10, '2023-01-17 14:15:02'),
(1688, 36, 'Newport', 10, '2023-01-17 14:15:02'),
(1689, 36, 'Berea', 10, '2023-01-17 14:15:02'),
(1690, 36, 'Lyndon', 10, '2023-01-17 14:15:02'),
(1691, 36, 'Mayfield', 10, '2023-01-17 14:15:02'),
(1692, 36, 'Owensboro', 10, '2023-01-17 14:15:03'),
(1693, 36, 'Florence', 10, '2023-01-17 14:15:03'),
(1694, 36, 'Henderson', 10, '2023-01-17 14:15:03'),
(1695, 36, 'Independence', 10, '2023-01-17 14:15:03'),
(1696, 36, 'Winchester', 10, '2023-01-17 14:15:03'),
(1697, 36, 'Fort Thomas', 10, '2023-01-17 14:15:03'),
(1698, 36, 'Shively', 10, '2023-01-17 14:15:03'),
(1699, 36, 'Bardstown', 10, '2023-01-17 14:15:03'),
(1700, 36, 'Flatwoods', 10, '2023-01-17 14:15:03'),
(1701, 36, 'Mount Washington', 10, '2023-01-17 14:15:03'),
(1702, 37, 'Los Ángeles', 10, '2023-01-17 14:15:03'),
(1703, 37, 'Fresno', 10, '2023-01-17 14:15:03'),
(1704, 37, 'Bakersfield', 10, '2023-01-17 14:15:03'),
(1705, 37, 'Stockton', 10, '2023-01-17 14:15:03'),
(1706, 37, 'San Bernardino', 10, '2023-01-17 14:15:03'),
(1707, 37, 'Moreno Valley', 10, '2023-01-17 14:15:03'),
(1708, 37, 'Garden Grove', 10, '2023-01-17 14:15:03'),
(1709, 37, 'Ontario', 10, '2023-01-17 14:15:03'),
(1710, 37, 'Corona', 10, '2023-01-17 14:15:04'),
(1711, 37, 'Hayward', 10, '2023-01-17 14:15:04'),
(1712, 37, 'San Diego', 10, '2023-01-17 14:15:04'),
(1713, 37, 'Sacramento', 10, '2023-01-17 14:15:04'),
(1714, 37, 'Anaheim', 10, '2023-01-17 14:15:04'),
(1715, 37, 'Chula Vista', 10, '2023-01-17 14:15:04'),
(1716, 37, 'Modesto', 10, '2023-01-17 14:15:04'),
(1717, 37, 'Glendale', 10, '2023-01-17 14:15:04'),
(1718, 37, 'Santa Rosa', 10, '2023-01-17 14:15:04'),
(1719, 37, 'Lancaster', 10, '2023-01-17 14:15:04'),
(1720, 37, 'Salinas', 10, '2023-01-17 14:15:04'),
(1721, 37, 'Escondido', 10, '2023-01-17 14:15:04'),
(1722, 37, 'San José', 10, '2023-01-17 14:15:04'),
(1723, 37, 'Long Beach', 10, '2023-01-17 14:15:04'),
(1724, 37, 'Santa Ana', 10, '2023-01-17 14:15:04'),
(1725, 37, 'Fremont', 10, '2023-01-17 14:15:04'),
(1726, 37, 'Oxnard', 10, '2023-01-17 14:15:04'),
(1727, 37, 'Huntington Beach', 10, '2023-01-17 14:15:04'),
(1728, 37, 'Oceanside', 10, '2023-01-17 14:15:05'),
(1729, 37, 'Elk Grove', 10, '2023-01-17 14:15:05'),
(1730, 37, 'Pomona', 10, '2023-01-17 14:15:05'),
(1731, 37, 'Sunnyvale', 10, '2023-01-17 14:15:05'),
(1732, 37, 'San Francisco', 10, '2023-01-17 14:15:05'),
(1733, 37, 'Oakland', 10, '2023-01-17 14:15:05'),
(1734, 37, 'Riverside', 10, '2023-01-17 14:15:05'),
(1735, 37, 'Irvine', 10, '2023-01-17 14:15:05'),
(1736, 37, 'Fontana', 10, '2023-01-17 14:15:05'),
(1737, 37, 'Santa Clarita', 10, '2023-01-17 14:15:05'),
(1738, 37, 'Rancho Cucamonga', 10, '2023-01-17 14:15:05'),
(1739, 37, 'Palmdale', 10, '2023-01-17 14:15:05'),
(1740, 37, 'Torrance', 10, '2023-01-17 14:15:05'),
(1741, 37, 'Pasadena', 10, '2023-01-17 14:15:05'),
(1742, 38, 'Houston', 10, '2023-01-17 14:15:05'),
(1743, 38, 'Fort Worth', 10, '2023-01-17 14:15:05'),
(1744, 38, 'Plano', 10, '2023-01-17 14:15:06'),
(1745, 38, 'Irving', 10, '2023-01-17 14:15:06'),
(1746, 38, 'Pasadena', 10, '2023-01-17 14:15:06'),
(1747, 38, 'Killeen', 10, '2023-01-17 14:15:06'),
(1748, 38, 'Abilene', 10, '2023-01-17 14:15:06'),
(1749, 38, 'Wichita Falls', 10, '2023-01-17 14:15:06'),
(1750, 38, 'Tyler', 10, '2023-01-17 14:15:06'),
(1751, 38, 'Pearland', 10, '2023-01-17 14:15:06'),
(1752, 38, 'San Antonio', 10, '2023-01-17 14:15:06'),
(1753, 38, 'El Paso', 10, '2023-01-17 14:15:06'),
(1754, 38, 'Laredo', 10, '2023-01-17 14:15:06'),
(1755, 38, 'Amarillo', 10, '2023-01-17 14:15:06'),
(1756, 38, 'Mesquite', 10, '2023-01-17 14:15:06'),
(1757, 38, 'Waco', 10, '2023-01-17 14:15:06'),
(1758, 38, 'Frisco', 10, '2023-01-17 14:15:06'),
(1759, 38, 'Odessa', 10, '2023-01-17 14:15:06'),
(1760, 38, 'Lewisville', 10, '2023-01-17 14:15:06'),
(1761, 38, 'Allen', 10, '2023-01-17 14:15:06'),
(1762, 38, 'Dallas', 10, '2023-01-17 14:15:07'),
(1763, 38, 'Arlington', 10, '2023-01-17 14:15:07'),
(1764, 38, 'Lubbock', 10, '2023-01-17 14:15:07'),
(1765, 38, 'Grand Prairie', 10, '2023-01-17 14:15:07'),
(1766, 38, 'McKinney', 10, '2023-01-17 14:15:07'),
(1767, 38, 'Carrollton', 10, '2023-01-17 14:15:07'),
(1768, 38, 'Denton', 10, '2023-01-17 14:15:07'),
(1769, 38, 'Round Rock', 10, '2023-01-17 14:15:07'),
(1770, 38, 'College Station', 10, '2023-01-17 14:15:07'),
(1771, 38, 'League City', 10, '2023-01-17 14:15:07'),
(1772, 38, 'Austin', 10, '2023-01-17 14:15:07'),
(1773, 38, 'Corpus Christi', 10, '2023-01-17 14:15:07'),
(1774, 38, 'Garland', 10, '2023-01-17 14:15:07'),
(1775, 38, 'Brownsville', 10, '2023-01-17 14:15:07'),
(1776, 38, 'McAllen', 10, '2023-01-17 14:15:07'),
(1777, 38, 'Beaumont', 10, '2023-01-17 14:15:07'),
(1778, 38, 'Midland', 10, '2023-01-17 14:15:07'),
(1779, 38, 'Richardson', 10, '2023-01-17 14:15:08'),
(1780, 38, 'San Angelo', 10, '2023-01-17 14:15:08'),
(1781, 38, 'Longview', 10, '2023-01-17 14:15:08'),
(1782, 75, 'Birmingham', 10, '2023-01-17 14:15:08'),
(1783, 75, 'Tuscaloosa', 10, '2023-01-17 14:15:08'),
(1784, 75, 'Auburn', 10, '2023-01-17 14:15:08'),
(1785, 75, 'Vestavia Hills', 10, '2023-01-17 14:15:08'),
(1786, 75, 'Bessemer', 10, '2023-01-17 14:15:08'),
(1787, 75, 'Northport', 10, '2023-01-17 14:15:08'),
(1788, 75, 'Daphne', 10, '2023-01-17 14:15:08'),
(1789, 75, 'Selma', 10, '2023-01-17 14:15:08'),
(1790, 75, 'Center Point', 10, '2023-01-17 14:15:08'),
(1791, 75, 'Fairhope', 10, '2023-01-17 14:15:08'),
(1792, 75, 'Montgomery', 10, '2023-01-17 14:15:08'),
(1793, 75, 'Hoover', 10, '2023-01-17 14:15:08'),
(1794, 75, 'Madison', 10, '2023-01-17 14:15:08'),
(1795, 75, 'Prattville', 10, '2023-01-17 14:15:08'),
(1796, 75, 'Enterprise', 10, '2023-01-17 14:15:08'),
(1797, 75, 'Anniston', 10, '2023-01-17 14:15:09'),
(1798, 75, 'Pelham', 10, '2023-01-17 14:15:09'),
(1799, 75, 'Mountain Brook', 10, '2023-01-17 14:15:09'),
(1800, 75, 'Helena', 10, '2023-01-17 14:15:09'),
(1801, 75, 'Ozark', 10, '2023-01-17 14:15:09'),
(1802, 75, 'Mobile', 10, '2023-01-17 14:15:09'),
(1803, 75, 'Dothan', 10, '2023-01-17 14:15:09'),
(1804, 75, 'Florence', 10, '2023-01-17 14:15:09'),
(1805, 75, 'Phenix City', 10, '2023-01-17 14:15:09'),
(1806, 75, 'Opelika', 10, '2023-01-17 14:15:09'),
(1807, 75, 'Prichard', 10, '2023-01-17 14:15:09'),
(1808, 75, 'Oxford', 10, '2023-01-17 14:15:09'),
(1809, 75, 'Trussville', 10, '2023-01-17 14:15:09'),
(1810, 75, 'Hueytown', 10, '2023-01-17 14:15:09'),
(1811, 75, 'Alexander City', 10, '2023-01-17 14:15:09'),
(1812, 75, 'Huntsville', 10, '2023-01-17 14:15:09'),
(1813, 75, 'Decatur', 10, '2023-01-17 14:15:09'),
(1814, 75, 'Gadsden', 10, '2023-01-17 14:15:09'),
(1815, 75, 'Alabaster', 10, '2023-01-17 14:15:10'),
(1816, 75, 'Homewood', 10, '2023-01-17 14:15:10'),
(1817, 75, 'Athens', 10, '2023-01-17 14:15:10'),
(1818, 75, 'Albertville', 10, '2023-01-17 14:15:10'),
(1819, 75, 'Troy', 10, '2023-01-17 14:15:10'),
(1820, 75, 'Talladega', 10, '2023-01-17 14:15:10'),
(1821, 75, 'Cullman', 10, '2023-01-17 14:15:10'),
(1822, 76, 'Anchorage', 10, '2023-01-17 14:15:10'),
(1823, 76, 'Ketchikan', 10, '2023-01-17 14:15:10'),
(1824, 76, 'Bethel', 10, '2023-01-17 14:15:10'),
(1825, 76, 'Barrow', 10, '2023-01-17 14:15:10'),
(1826, 76, 'Kotzebue', 10, '2023-01-17 14:15:10'),
(1827, 76, 'Cordova', 10, '2023-01-17 14:15:10'),
(1828, 76, 'Haines', 10, '2023-01-17 14:15:10'),
(1829, 76, 'Delta Junction', 10, '2023-01-17 14:15:10'),
(1830, 76, 'Chevak', 10, '2023-01-17 14:15:10'),
(1831, 76, 'Akutan', 10, '2023-01-17 14:15:10'),
(1832, 76, 'Fairbanks', 10, '2023-01-17 14:15:11'),
(1833, 76, 'Wasilla', 10, '2023-01-17 14:15:11'),
(1834, 76, 'Palmer', 10, '2023-01-17 14:15:11'),
(1835, 76, 'Soldotna', 10, '2023-01-17 14:15:11'),
(1836, 76, 'Petersburg', 10, '2023-01-17 14:15:11'),
(1837, 76, 'Wrangell', 10, '2023-01-17 14:15:11'),
(1838, 76, 'Craig', 10, '2023-01-17 14:15:11'),
(1839, 76, 'Sand Point', 10, '2023-01-17 14:15:11'),
(1840, 76, 'Togiak', 10, '2023-01-17 14:15:11'),
(1841, 76, 'Klawock', 10, '2023-01-17 14:15:11'),
(1842, 76, 'Juneau', 10, '2023-01-17 14:15:11'),
(1843, 76, 'Kenai', 10, '2023-01-17 14:15:11'),
(1844, 76, 'Homer', 10, '2023-01-17 14:15:11'),
(1845, 76, 'Valdez', 10, '2023-01-17 14:15:11'),
(1846, 76, 'Seward', 10, '2023-01-17 14:15:11'),
(1847, 76, 'Houston', 10, '2023-01-17 14:15:11'),
(1848, 76, 'Hooper Bay', 10, '2023-01-17 14:15:11'),
(1849, 76, 'Skagway', 10, '2023-01-17 14:15:11'),
(1850, 76, 'Mountain Village', 10, '2023-01-17 14:15:12'),
(1851, 76, 'Unalakleet', 10, '2023-01-17 14:15:12'),
(1852, 76, 'Sitka', 10, '2023-01-17 14:15:12'),
(1853, 76, 'Kodiak', 10, '2023-01-17 14:15:12'),
(1854, 76, 'Unalaska', 10, '2023-01-17 14:15:12'),
(1855, 76, 'Nome', 10, '2023-01-17 14:15:12'),
(1856, 76, 'Dillingham', 10, '2023-01-17 14:15:12'),
(1857, 76, 'North Pole', 10, '2023-01-17 14:15:12'),
(1858, 76, 'Healy', 10, '2023-01-17 14:15:12'),
(1859, 76, 'Emmonak', 10, '2023-01-17 14:15:12'),
(1860, 76, 'Selawik', 10, '2023-01-17 14:15:12'),
(1861, 76, 'Hoonah', 10, '2023-01-17 14:15:12'),
(1862, 77, 'Apache Junction', 10, '2023-01-17 14:15:12'),
(1863, 77, 'Avondale', 10, '2023-01-17 14:15:12'),
(1864, 77, 'Benson', 10, '2023-01-17 14:15:12'),
(1865, 77, 'Bisbee', 10, '2023-01-17 14:15:12'),
(1866, 77, 'Buckeye', 10, '2023-01-17 14:15:13'),
(1867, 77, 'Bullhead City', 10, '2023-01-17 14:15:13'),
(1868, 77, 'Camp Verde', 10, '2023-01-17 14:15:13'),
(1869, 77, 'Carefree', 10, '2023-01-17 14:15:13'),
(1870, 77, 'Casa Grande', 10, '2023-01-17 14:15:13'),
(1871, 77, 'Cave Creek', 10, '2023-01-17 14:15:13'),
(1872, 77, 'Chandler', 10, '2023-01-17 14:15:13'),
(1873, 77, 'Chino Valley', 10, '2023-01-17 14:15:13'),
(1874, 77, 'Clarkdale', 10, '2023-01-17 14:15:13'),
(1875, 77, 'Clifton', 10, '2023-01-17 14:15:13'),
(1876, 77, 'Colorado City', 10, '2023-01-17 14:15:14'),
(1877, 77, 'Coolidge', 10, '2023-01-17 14:15:14'),
(1878, 77, 'Cottonwood', 10, '2023-01-17 14:15:14'),
(1879, 77, 'Dewey-Humboldt', 10, '2023-01-17 14:15:14'),
(1880, 77, 'Douglas', 10, '2023-01-17 14:15:14'),
(1881, 77, 'Duncan', 10, '2023-01-17 14:15:14'),
(1882, 77, 'Eagar', 10, '2023-01-17 14:15:14'),
(1883, 77, 'El Mirage', 10, '2023-01-17 14:15:14'),
(1884, 77, 'Eloy', 10, '2023-01-17 14:15:14'),
(1885, 77, 'Flagstaff', 10, '2023-01-17 14:15:14'),
(1886, 77, 'Florence', 10, '2023-01-17 14:15:14'),
(1887, 77, 'Fountain Hills', 10, '2023-01-17 14:15:14'),
(1888, 77, 'Fredonia', 10, '2023-01-17 14:15:14'),
(1889, 77, 'Gila Bend', 10, '2023-01-17 14:15:14'),
(1890, 77, 'Gilbert', 10, '2023-01-17 14:15:14'),
(1891, 77, 'Glendale', 10, '2023-01-17 14:15:14'),
(1892, 77, 'Globe', 10, '2023-01-17 14:15:14'),
(1893, 77, 'Goodyear', 10, '2023-01-17 14:15:15'),
(1894, 77, 'Guadalupe', 10, '2023-01-17 14:15:15'),
(1895, 77, 'Hayden', 10, '2023-01-17 14:15:15'),
(1896, 77, 'Holbrook', 10, '2023-01-17 14:15:15'),
(1897, 77, 'Huachuca City', 10, '2023-01-17 14:15:15'),
(1898, 77, 'Jerome', 10, '2023-01-17 14:15:15'),
(1899, 77, 'Kearny', 10, '2023-01-17 14:15:15'),
(1900, 77, 'Kingman', 10, '2023-01-17 14:15:15'),
(1901, 77, 'Lake Havasu City', 10, '2023-01-17 14:15:15'),
(1902, 77, 'Litchfield Park', 10, '2023-01-17 14:15:15'),
(1903, 77, 'Mammoth', 10, '2023-01-17 14:15:15'),
(1904, 77, 'Marana', 10, '2023-01-17 14:15:15'),
(1905, 77, 'Maricopa', 10, '2023-01-17 14:15:15'),
(1906, 77, 'Mesa', 10, '2023-01-17 14:15:15'),
(1907, 77, 'Miami', 10, '2023-01-17 14:15:15'),
(1908, 77, 'Nogales', 10, '2023-01-17 14:15:15'),
(1909, 77, 'Oro Valley', 10, '2023-01-17 14:15:16'),
(1910, 77, 'Page', 10, '2023-01-17 14:15:16'),
(1911, 77, 'Paradise Valley', 10, '2023-01-17 14:15:16'),
(1912, 77, 'Parker', 10, '2023-01-17 14:15:16'),
(1913, 77, 'Patagonia', 10, '2023-01-17 14:15:16'),
(1914, 77, 'Payson', 10, '2023-01-17 14:15:16'),
(1915, 77, 'Peoria', 10, '2023-01-17 14:15:16'),
(1916, 77, 'Phoenix', 10, '2023-01-17 14:15:16'),
(1917, 77, 'Pima', 10, '2023-01-17 14:15:16'),
(1918, 77, 'Pinetop-Lakeside', 10, '2023-01-17 14:15:16'),
(1919, 77, 'Prescott', 10, '2023-01-17 14:15:16'),
(1920, 77, 'Prescott Valley', 10, '2023-01-17 14:15:16'),
(1921, 77, 'Quartzsite', 10, '2023-01-17 14:15:16'),
(1922, 77, 'Queen Creek', 10, '2023-01-17 14:15:16'),
(1923, 77, 'Safford', 10, '2023-01-17 14:15:16'),
(1924, 77, 'Sahuarita', 10, '2023-01-17 14:15:16'),
(1925, 77, 'San Luis', 10, '2023-01-17 14:15:16'),
(1926, 77, 'Scottsdale', 10, '2023-01-17 14:15:16'),
(1927, 77, 'Sedona', 10, '2023-01-17 14:15:16'),
(1928, 77, 'Show Low', 10, '2023-01-17 14:15:16'),
(1929, 77, 'Sierra Vista', 10, '2023-01-17 14:15:16'),
(1930, 77, 'Snowflake', 10, '2023-01-17 14:15:17'),
(1931, 77, 'Somerton', 10, '2023-01-17 14:15:17'),
(1932, 77, 'South Tucson', 10, '2023-01-17 14:15:17'),
(1933, 77, 'Springerville', 10, '2023-01-17 14:15:17'),
(1934, 77, 'St. Johns', 10, '2023-01-17 14:15:17'),
(1935, 77, 'Star Valley', 10, '2023-01-17 14:15:17'),
(1936, 77, 'Superior', 10, '2023-01-17 14:15:17'),
(1937, 77, 'Surprise', 10, '2023-01-17 14:15:17'),
(1938, 77, 'Taylor', 10, '2023-01-17 14:15:17'),
(1939, 77, 'Tempe', 10, '2023-01-17 14:15:17'),
(1940, 77, 'Thatcher', 10, '2023-01-17 14:15:17'),
(1941, 77, 'Tolleson', 10, '2023-01-17 14:15:17'),
(1942, 77, 'Tombstone', 10, '2023-01-17 14:15:17'),
(1943, 77, 'Tucson', 10, '2023-01-17 14:15:17'),
(1944, 77, 'Tusayan', 10, '2023-01-17 14:15:17'),
(1945, 77, 'Wellton', 10, '2023-01-17 14:15:17'),
(1946, 77, 'Wickenburg', 10, '2023-01-17 14:15:18'),
(1947, 77, 'Willcox', 10, '2023-01-17 14:15:18'),
(1948, 77, 'Williams', 10, '2023-01-17 14:15:18'),
(1949, 77, 'Winkelman', 10, '2023-01-17 14:15:18'),
(1950, 77, 'Winslow', 10, '2023-01-17 14:15:18'),
(1951, 77, 'Youngtown', 10, '2023-01-17 14:15:18'),
(1952, 77, 'Yuma', 10, '2023-01-17 14:15:18'),
(1953, 78, 'Little Rock', 10, '2023-01-17 14:15:18'),
(1954, 78, 'Jonesboro', 10, '2023-01-17 14:15:18'),
(1955, 78, 'Rogers', 10, '2023-01-17 14:15:18'),
(1956, 78, 'Texarkana', 10, '2023-01-17 14:15:19'),
(1957, 78, 'Benton', 10, '2023-01-17 14:15:19'),
(1958, 78, 'Van Buren', 10, '2023-01-17 14:15:19'),
(1959, 78, 'Helena-West Helena', 10, '2023-01-17 14:15:19'),
(1960, 78, 'Mountain Home', 10, '2023-01-17 14:15:19'),
(1961, 78, 'Hope', 10, '2023-01-17 14:15:19'),
(1962, 78, 'Stuttgart', 10, '2023-01-17 14:15:19'),
(1963, 78, 'Fort Smith', 10, '2023-01-17 14:15:19'),
(1964, 78, 'Pine Bluff', 10, '2023-01-17 14:15:19'),
(1965, 78, 'Hot Springs', 10, '2023-01-17 14:15:19'),
(1966, 78, 'Bella Vista', 10, '2023-01-17 14:15:19'),
(1967, 78, 'El Dorado', 10, '2023-01-17 14:15:19'),
(1968, 78, 'Searcy', 10, '2023-01-17 14:15:19'),
(1969, 78, 'Forrest City', 10, '2023-01-17 14:15:19'),
(1970, 78, 'Arkadelphia', 10, '2023-01-17 14:15:19'),
(1971, 78, 'Maumelle', 10, '2023-01-17 14:15:20'),
(1972, 78, 'Batesville', 10, '2023-01-17 14:15:20'),
(1973, 78, 'North Little Rock', 10, '2023-01-17 14:15:20'),
(1974, 78, 'Springdale', 10, '2023-01-17 14:15:20'),
(1975, 78, 'Jacksonville', 10, '2023-01-17 14:15:20'),
(1976, 78, 'Russellville', 10, '2023-01-17 14:15:20'),
(1977, 78, 'Sherwood', 10, '2023-01-17 14:15:20'),
(1978, 78, 'Blytheville', 10, '2023-01-17 14:15:20'),
(1979, 78, 'Camden', 10, '2023-01-17 14:15:20'),
(1980, 78, 'Magnolia', 10, '2023-01-17 14:15:20'),
(1981, 78, 'Helena', 10, '2023-01-17 14:15:21'),
(1982, 78, 'Monticello', 10, '2023-01-17 14:15:21'),
(1983, 78, 'Fayetteville', 10, '2023-01-17 14:15:21'),
(1984, 78, 'Conway', 10, '2023-01-17 14:15:21'),
(1985, 78, 'West Memphis', 10, '2023-01-17 14:15:21'),
(1986, 78, 'Paragould', 10, '2023-01-17 14:15:21'),
(1987, 78, 'Bentonville', 10, '2023-01-17 14:15:21'),
(1988, 78, 'Cabot', 10, '2023-01-17 14:15:21'),
(1989, 78, 'Harrison', 10, '2023-01-17 14:15:22'),
(1990, 78, 'Siloam Springs', 10, '2023-01-17 14:15:22'),
(1991, 78, 'Bryant', 10, '2023-01-17 14:15:22'),
(1992, 78, 'Malvern', 10, '2023-01-17 14:15:22'),
(1993, 79, 'Graham', 10, '2023-01-17 14:15:22'),
(1994, 79, 'Taylorsville', 10, '2023-01-17 14:15:22'),
(1995, 79, 'Sparta', 10, '2023-01-17 14:15:22'),
(1996, 79, 'Wadesboro', 10, '2023-01-17 14:15:22');
INSERT INTO `nivelGeografico3` (`nivelGeografico3`, `idNivelGeografico2`, `nomNivelGeografico3`, `estadoNivelGeografico3`, `creacionNivelGeografico3`) VALUES
(1997, 79, 'Jefferson', 10, '2023-01-17 14:15:22'),
(1998, 79, 'Newland', 10, '2023-01-17 14:15:22'),
(1999, 79, 'Washington', 10, '2023-01-17 14:15:23'),
(2000, 79, 'Windsor', 10, '2023-01-17 14:15:23'),
(2001, 79, 'Elizabethtown', 10, '2023-01-17 14:15:23'),
(2002, 79, 'Bolivia', 10, '2023-01-17 14:15:23'),
(2003, 79, 'Asheville', 10, '2023-01-17 14:15:23'),
(2004, 79, 'Morganton', 10, '2023-01-17 14:15:23'),
(2005, 79, 'Concord', 10, '2023-01-17 14:15:23'),
(2006, 79, 'Lenoir', 10, '2023-01-17 14:15:23'),
(2007, 79, 'Camden', 10, '2023-01-17 14:15:23'),
(2008, 79, 'Beaufort', 10, '2023-01-17 14:15:23'),
(2009, 79, 'Yanceyville', 10, '2023-01-17 14:15:23'),
(2010, 79, 'Newton', 10, '2023-01-17 14:15:23'),
(2011, 79, 'Pittsboro', 10, '2023-01-17 14:15:24'),
(2012, 79, 'Murphy', 10, '2023-01-17 14:15:24'),
(2013, 79, 'Edenton', 10, '2023-01-17 14:15:24'),
(2014, 79, 'Hayesville', 10, '2023-01-17 14:15:24'),
(2015, 79, 'Shelby', 10, '2023-01-17 14:15:24'),
(2016, 79, 'Whiteville', 10, '2023-01-17 14:15:24'),
(2017, 79, 'New Bern', 10, '2023-01-17 14:15:24'),
(2018, 79, 'Fayetteville', 10, '2023-01-17 14:15:24'),
(2019, 79, 'Currituck', 10, '2023-01-17 14:15:24'),
(2020, 79, 'Manteo', 10, '2023-01-17 14:15:24'),
(2021, 79, 'Lexington', 10, '2023-01-17 14:15:24'),
(2022, 79, 'Mocksville', 10, '2023-01-17 14:15:24'),
(2023, 79, 'Kenansville', 10, '2023-01-17 14:15:24'),
(2024, 79, 'Durham', 10, '2023-01-17 14:15:24'),
(2025, 79, 'Tarboro', 10, '2023-01-17 14:15:24'),
(2026, 79, 'Winston-Salem', 10, '2023-01-17 14:15:25'),
(2027, 79, 'Louisburg', 10, '2023-01-17 14:15:25'),
(2028, 79, 'Gastonia', 10, '2023-01-17 14:15:25'),
(2029, 79, 'Gatesville', 10, '2023-01-17 14:15:25'),
(2030, 79, 'Robbinsville', 10, '2023-01-17 14:15:25'),
(2031, 79, 'Oxford', 10, '2023-01-17 14:15:25'),
(2032, 79, 'Snow Hill', 10, '2023-01-17 14:15:25'),
(2033, 79, 'Greensboro', 10, '2023-01-17 14:15:25'),
(2034, 79, 'Halifax', 10, '2023-01-17 14:15:25'),
(2035, 79, 'Lillington', 10, '2023-01-17 14:15:25'),
(2036, 79, 'Waynesville', 10, '2023-01-17 14:15:25'),
(2037, 79, 'Hendersonville', 10, '2023-01-17 14:15:25'),
(2038, 79, 'Winton', 10, '2023-01-17 14:15:25'),
(2039, 79, 'Raeford', 10, '2023-01-17 14:15:26'),
(2040, 79, 'Swan Quarter', 10, '2023-01-17 14:15:26'),
(2041, 79, 'Statesville', 10, '2023-01-17 14:15:26'),
(2042, 79, 'Sylva', 10, '2023-01-17 14:15:26'),
(2043, 79, 'Smithfield', 10, '2023-01-17 14:15:26'),
(2044, 79, 'Trenton', 10, '2023-01-17 14:15:26'),
(2045, 79, 'Sanford', 10, '2023-01-17 14:15:26'),
(2046, 79, 'Kinston', 10, '2023-01-17 14:15:26'),
(2047, 79, 'Lincolnton', 10, '2023-01-17 14:15:26'),
(2048, 79, 'Marion', 10, '2023-01-17 14:15:26'),
(2049, 79, 'Franklin', 10, '2023-01-17 14:15:26'),
(2050, 79, 'Marshall', 10, '2023-01-17 14:15:26'),
(2051, 79, 'Williamston', 10, '2023-01-17 14:15:26'),
(2052, 79, 'Charlotte', 10, '2023-01-17 14:15:26'),
(2053, 79, 'Bakersville', 10, '2023-01-17 14:15:26'),
(2054, 79, 'Troy', 10, '2023-01-17 14:15:26'),
(2055, 79, 'Carthage', 10, '2023-01-17 14:15:27'),
(2056, 79, 'Nashville', 10, '2023-01-17 14:15:27'),
(2057, 79, 'Wilmington', 10, '2023-01-17 14:15:27'),
(2058, 79, 'Jackson', 10, '2023-01-17 14:15:27'),
(2059, 79, 'Jacksonville', 10, '2023-01-17 14:15:27'),
(2060, 79, 'Hillsborough', 10, '2023-01-17 14:15:27'),
(2061, 79, 'Bayboro', 10, '2023-01-17 14:15:27'),
(2062, 79, 'Elizabeth City', 10, '2023-01-17 14:15:27'),
(2063, 79, 'Burgaw', 10, '2023-01-17 14:15:27'),
(2064, 79, 'Hertford', 10, '2023-01-17 14:15:27'),
(2065, 79, 'Roxboro', 10, '2023-01-17 14:15:27'),
(2066, 79, 'Greenville', 10, '2023-01-17 14:15:27'),
(2067, 79, 'Columbus', 10, '2023-01-17 14:15:27'),
(2068, 79, 'Asheboro', 10, '2023-01-17 14:15:27'),
(2069, 79, 'Rockingham', 10, '2023-01-17 14:15:27'),
(2070, 79, 'Lumberton', 10, '2023-01-17 14:15:28'),
(2071, 79, 'Wentworth', 10, '2023-01-17 14:15:28'),
(2072, 79, 'Salisbury', 10, '2023-01-17 14:15:28'),
(2073, 79, 'Rutherfordton', 10, '2023-01-17 14:15:28'),
(2074, 79, 'Clinton', 10, '2023-01-17 14:15:28'),
(2075, 79, 'Laurinburg', 10, '2023-01-17 14:15:28'),
(2076, 79, 'Albemarle', 10, '2023-01-17 14:15:28'),
(2077, 79, 'Danbury', 10, '2023-01-17 14:15:28'),
(2078, 79, 'Dobson', 10, '2023-01-17 14:15:28'),
(2079, 79, 'Bryson City', 10, '2023-01-17 14:15:28'),
(2080, 79, 'Brevard', 10, '2023-01-17 14:15:28'),
(2081, 79, 'Columbia', 10, '2023-01-17 14:15:28'),
(2082, 79, 'Monroe', 10, '2023-01-17 14:15:28'),
(2083, 79, 'Henderson', 10, '2023-01-17 14:15:28'),
(2084, 79, 'Raleigh', 10, '2023-01-17 14:15:28'),
(2085, 79, 'Warrenton', 10, '2023-01-17 14:15:28'),
(2086, 79, 'Plymouth', 10, '2023-01-17 14:15:28'),
(2087, 79, 'Boone', 10, '2023-01-17 14:15:29'),
(2088, 79, 'Goldsboro', 10, '2023-01-17 14:15:29'),
(2089, 79, 'Wilkesboro', 10, '2023-01-17 14:15:29'),
(2090, 79, 'Wilson', 10, '2023-01-17 14:15:29'),
(2091, 79, 'Yadkinville', 10, '2023-01-17 14:15:29'),
(2092, 79, 'Burnsville', 10, '2023-01-17 14:15:29'),
(2093, 80, 'Abbeville', 10, '2023-01-17 14:15:29'),
(2094, 80, 'Aiken', 10, '2023-01-17 14:15:29'),
(2095, 80, 'Allendale', 10, '2023-01-17 14:15:29'),
(2096, 80, 'Anderson', 10, '2023-01-17 14:15:29'),
(2097, 80, 'Bamberg', 10, '2023-01-17 14:15:29'),
(2098, 80, 'Barnwell', 10, '2023-01-17 14:15:29'),
(2099, 80, 'Beaufort', 10, '2023-01-17 14:15:29'),
(2100, 80, 'Moncks Corner', 10, '2023-01-17 14:15:29'),
(2101, 80, 'St. Matthews', 10, '2023-01-17 14:15:29'),
(2102, 80, 'Charleston', 10, '2023-01-17 14:15:29'),
(2103, 80, 'Gaffney', 10, '2023-01-17 14:15:29'),
(2104, 80, 'Chester', 10, '2023-01-17 14:15:30'),
(2105, 80, 'Chesterfield', 10, '2023-01-17 14:15:30'),
(2106, 80, 'Manning', 10, '2023-01-17 14:15:30'),
(2107, 80, 'Walterboro', 10, '2023-01-17 14:15:30'),
(2108, 80, 'Darlington', 10, '2023-01-17 14:15:30'),
(2109, 80, 'Dillon', 10, '2023-01-17 14:15:30'),
(2110, 80, 'St. George', 10, '2023-01-17 14:15:30'),
(2111, 80, 'Edgefield', 10, '2023-01-17 14:15:30'),
(2112, 80, 'Winnsboro', 10, '2023-01-17 14:15:30'),
(2113, 80, 'Florence', 10, '2023-01-17 14:15:30'),
(2114, 80, 'Georgetown', 10, '2023-01-17 14:15:30'),
(2115, 80, 'Greenville', 10, '2023-01-17 14:15:30'),
(2116, 80, 'Greenwood', 10, '2023-01-17 14:15:30'),
(2117, 80, 'Hampton', 10, '2023-01-17 14:15:30'),
(2118, 80, 'Conway', 10, '2023-01-17 14:15:30'),
(2119, 80, 'Ridgeland', 10, '2023-01-17 14:15:30'),
(2120, 80, 'Camden', 10, '2023-01-17 14:15:30'),
(2121, 80, 'Lancaster', 10, '2023-01-17 14:15:30'),
(2122, 80, 'Laurens', 10, '2023-01-17 14:15:31'),
(2123, 80, 'Bishopville', 10, '2023-01-17 14:15:31'),
(2124, 80, 'Lexington', 10, '2023-01-17 14:15:31'),
(2125, 80, 'Marion', 10, '2023-01-17 14:15:31'),
(2126, 80, 'Bennettsville', 10, '2023-01-17 14:15:31'),
(2127, 80, 'McCormick', 10, '2023-01-17 14:15:31'),
(2128, 80, 'Newberry', 10, '2023-01-17 14:15:31'),
(2129, 80, 'Walhalla', 10, '2023-01-17 14:15:31'),
(2130, 80, 'Orangeburg', 10, '2023-01-17 14:15:31'),
(2131, 80, 'Pickens', 10, '2023-01-17 14:15:31'),
(2132, 80, 'Columbia', 10, '2023-01-17 14:15:31'),
(2133, 80, 'Saluda', 10, '2023-01-17 14:15:31'),
(2134, 80, 'Spartanburg', 10, '2023-01-17 14:15:31'),
(2135, 80, 'Sumter', 10, '2023-01-17 14:15:31'),
(2136, 80, 'Union', 10, '2023-01-17 14:15:31'),
(2137, 80, 'Kingstree', 10, '2023-01-17 14:15:31'),
(2138, 80, 'York', 10, '2023-01-17 14:15:31'),
(2139, 81, 'Denver', 10, '2023-01-17 14:15:31'),
(2140, 81, 'Lakewood', 10, '2023-01-17 14:15:32'),
(2141, 81, 'Westminster', 10, '2023-01-17 14:15:32'),
(2142, 81, 'Longmont', 10, '2023-01-17 14:15:32'),
(2143, 81, 'Castle Rock', 10, '2023-01-17 14:15:32'),
(2144, 81, 'Northglenn', 10, '2023-01-17 14:15:32'),
(2145, 81, 'Fountain', 10, '2023-01-17 14:15:32'),
(2146, 81, 'Windsor', 10, '2023-01-17 14:15:32'),
(2147, 81, 'Durango', 10, '2023-01-17 14:15:32'),
(2148, 81, 'Fruita', 10, '2023-01-17 14:15:32'),
(2149, 81, 'Colorado Springs', 10, '2023-01-17 14:15:32'),
(2150, 81, 'Thornton', 10, '2023-01-17 14:15:32'),
(2151, 81, 'Centennial', 10, '2023-01-17 14:15:32'),
(2152, 81, 'Loveland', 10, '2023-01-17 14:15:32'),
(2153, 81, 'Commerce City', 10, '2023-01-17 14:15:33'),
(2154, 81, 'Brighton', 10, '2023-01-17 14:15:33'),
(2155, 81, 'Lafayette', 10, '2023-01-17 14:15:33'),
(2156, 81, 'Evans', 10, '2023-01-17 14:15:33'),
(2157, 81, 'Cañon City', 10, '2023-01-17 14:15:33'),
(2158, 81, 'Superior', 10, '2023-01-17 14:15:33'),
(2159, 81, 'Aurora', 10, '2023-01-17 14:15:33'),
(2160, 81, 'Pueblo', 10, '2023-01-17 14:15:33'),
(2161, 81, 'Boulder', 10, '2023-01-17 14:15:33'),
(2162, 81, 'Grand Junction', 10, '2023-01-17 14:15:34'),
(2163, 81, 'Parker', 10, '2023-01-17 14:15:34'),
(2164, 81, 'Englewood', 10, '2023-01-17 14:15:34'),
(2165, 81, 'Montrose', 10, '2023-01-17 14:15:34'),
(2166, 81, 'Louisville', 10, '2023-01-17 14:15:34'),
(2167, 81, 'Sterling', 10, '2023-01-17 14:15:34'),
(2168, 81, 'Steamboat Springs', 10, '2023-01-17 14:15:34'),
(2169, 81, 'Fort Collins', 10, '2023-01-17 14:15:34'),
(2170, 81, 'Arvada', 10, '2023-01-17 14:15:34'),
(2171, 81, 'Greeley', 10, '2023-01-17 14:15:34'),
(2172, 81, 'Broomfield', 10, '2023-01-17 14:15:34'),
(2173, 81, 'Littleton', 10, '2023-01-17 14:15:34'),
(2174, 81, 'Wheat Ridge', 10, '2023-01-17 14:15:34'),
(2175, 81, 'Golden', 10, '2023-01-17 14:15:34'),
(2176, 81, 'Erie', 10, '2023-01-17 14:15:34'),
(2177, 81, 'Greenwood Village', 10, '2023-01-17 14:15:34'),
(2178, 81, 'Federal Heights', 10, '2023-01-17 14:15:34'),
(2179, 82, 'Bridgeport', 10, '2023-01-17 14:15:35'),
(2180, 82, 'Waterbury', 10, '2023-01-17 14:15:35'),
(2181, 82, 'Greenwich', 10, '2023-01-17 14:15:35'),
(2182, 82, 'Hamden', 10, '2023-01-17 14:15:35'),
(2183, 82, 'West Haven', 10, '2023-01-17 14:15:35'),
(2184, 82, 'Enfield', 10, '2023-01-17 14:15:35'),
(2185, 82, 'Groton', 10, '2023-01-17 14:15:35'),
(2186, 82, 'Glastonbury', 10, '2023-01-17 14:15:35'),
(2187, 82, 'Cheshire', 10, '2023-01-17 14:15:35'),
(2188, 82, 'New Milford', 10, '2023-01-17 14:15:35'),
(2189, 82, 'Hartford', 10, '2023-01-17 14:15:35'),
(2190, 82, 'Norwalk', 10, '2023-01-17 14:15:35'),
(2191, 82, 'Bristol', 10, '2023-01-17 14:15:35'),
(2192, 82, 'Fairfield', 10, '2023-01-17 14:15:35'),
(2193, 82, 'Stratford', 10, '2023-01-17 14:15:35'),
(2194, 82, 'Wallingford', 10, '2023-01-17 14:15:35'),
(2195, 82, 'Norwich', 10, '2023-01-17 14:15:35'),
(2196, 82, 'Naugatuck', 10, '2023-01-17 14:15:35'),
(2197, 82, 'Branford', 10, '2023-01-17 14:15:36'),
(2198, 82, 'Newtown', 10, '2023-01-17 14:15:36'),
(2199, 82, 'New Haven', 10, '2023-01-17 14:15:36'),
(2200, 82, 'Danbury', 10, '2023-01-17 14:15:36'),
(2201, 82, 'West Hartford', 10, '2023-01-17 14:15:36'),
(2202, 82, 'Manchester', 10, '2023-01-17 14:15:36'),
(2203, 82, 'East Hartford', 10, '2023-01-17 14:15:36'),
(2204, 82, 'Southington', 10, '2023-01-17 14:15:36'),
(2205, 82, 'Torrington', 10, '2023-01-17 14:15:36'),
(2206, 82, 'Vernon', 10, '2023-01-17 14:15:36'),
(2207, 82, 'Windsor', 10, '2023-01-17 14:15:36'),
(2208, 82, 'Westport', 10, '2023-01-17 14:15:36'),
(2209, 82, 'Stamford', 10, '2023-01-17 14:15:36'),
(2210, 82, 'New Britain', 10, '2023-01-17 14:15:36'),
(2211, 82, 'Meriden', 10, '2023-01-17 14:15:36'),
(2212, 82, 'Milford', 10, '2023-01-17 14:15:36'),
(2213, 82, 'Middletown', 10, '2023-01-17 14:15:36'),
(2214, 82, 'Shelton', 10, '2023-01-17 14:15:36'),
(2215, 82, 'Trumbull', 10, '2023-01-17 14:15:36'),
(2216, 82, 'Newington', 10, '2023-01-17 14:15:37'),
(2217, 82, 'East Haven', 10, '2023-01-17 14:15:37'),
(2218, 82, 'South Windsor', 10, '2023-01-17 14:15:37'),
(2219, 83, 'Adams', 10, '2023-01-17 14:15:37'),
(2220, 83, 'Barnes', 10, '2023-01-17 14:15:37'),
(2221, 83, 'Benson', 10, '2023-01-17 14:15:37'),
(2222, 83, 'Billings', 10, '2023-01-17 14:15:37'),
(2223, 83, 'Bottineau', 10, '2023-01-17 14:15:37'),
(2224, 83, 'Bowman', 10, '2023-01-17 14:15:37'),
(2225, 83, 'Burke', 10, '2023-01-17 14:15:37'),
(2226, 83, 'Burleigh', 10, '2023-01-17 14:15:37'),
(2227, 83, 'Cass', 10, '2023-01-17 14:15:37'),
(2228, 83, 'Cavalier', 10, '2023-01-17 14:15:37'),
(2229, 83, 'Dickey', 10, '2023-01-17 14:15:37'),
(2230, 83, 'Divide', 10, '2023-01-17 14:15:38'),
(2231, 83, 'Dunn', 10, '2023-01-17 14:15:38'),
(2232, 83, 'Eddy', 10, '2023-01-17 14:15:38'),
(2233, 83, 'Emmons', 10, '2023-01-17 14:15:38'),
(2234, 83, 'Foster', 10, '2023-01-17 14:15:38'),
(2235, 83, 'Golden Valley', 10, '2023-01-17 14:15:38'),
(2236, 83, 'Grand Forks', 10, '2023-01-17 14:15:38'),
(2237, 83, 'Grant', 10, '2023-01-17 14:15:38'),
(2238, 83, 'Griggs', 10, '2023-01-17 14:15:38'),
(2239, 83, 'Hettinger', 10, '2023-01-17 14:15:38'),
(2240, 83, 'Kidder', 10, '2023-01-17 14:15:38'),
(2241, 83, 'LaMoure', 10, '2023-01-17 14:15:38'),
(2242, 83, 'Logan', 10, '2023-01-17 14:15:38'),
(2243, 83, 'McHenry', 10, '2023-01-17 14:15:38'),
(2244, 83, 'McIntosh', 10, '2023-01-17 14:15:38'),
(2245, 83, 'McKenzie', 10, '2023-01-17 14:15:38'),
(2246, 83, 'McLean', 10, '2023-01-17 14:15:38'),
(2247, 83, 'Mercer', 10, '2023-01-17 14:15:38'),
(2248, 83, 'Morton', 10, '2023-01-17 14:15:39'),
(2249, 83, 'Mountrail', 10, '2023-01-17 14:15:39'),
(2250, 83, 'Nelson', 10, '2023-01-17 14:15:39'),
(2251, 83, 'Oliver', 10, '2023-01-17 14:15:39'),
(2252, 83, 'Pembina', 10, '2023-01-17 14:15:39'),
(2253, 83, 'Pierce', 10, '2023-01-17 14:15:39'),
(2254, 83, 'Ramsey', 10, '2023-01-17 14:15:39'),
(2255, 83, 'Ransom', 10, '2023-01-17 14:15:39'),
(2256, 83, 'Renville', 10, '2023-01-17 14:15:39'),
(2257, 83, 'Richland', 10, '2023-01-17 14:15:39'),
(2258, 83, 'Rolette', 10, '2023-01-17 14:15:39'),
(2259, 83, 'Sargent', 10, '2023-01-17 14:15:39'),
(2260, 83, 'Sheridan', 10, '2023-01-17 14:15:39'),
(2261, 83, 'Sioux', 10, '2023-01-17 14:15:39'),
(2262, 83, 'Slope', 10, '2023-01-17 14:15:39'),
(2263, 83, 'Stark', 10, '2023-01-17 14:15:39'),
(2264, 83, 'Steele', 10, '2023-01-17 14:15:39'),
(2265, 83, 'Stutsman', 10, '2023-01-17 14:15:39'),
(2266, 83, 'Towner', 10, '2023-01-17 14:15:39'),
(2267, 83, 'Traill', 10, '2023-01-17 14:15:40'),
(2268, 83, 'Walsh', 10, '2023-01-17 14:15:40'),
(2269, 83, 'Ward', 10, '2023-01-17 14:15:40'),
(2270, 83, 'Wells', 10, '2023-01-17 14:15:40'),
(2271, 83, 'Williams', 10, '2023-01-17 14:15:40'),
(2272, 84, 'Aurora', 10, '2023-01-17 14:15:40'),
(2273, 84, 'Beadle', 10, '2023-01-17 14:15:40'),
(2274, 84, 'Bennett', 10, '2023-01-17 14:15:40'),
(2275, 84, 'Bon Homme', 10, '2023-01-17 14:15:40'),
(2276, 84, 'Brookings', 10, '2023-01-17 14:15:40'),
(2277, 84, 'Brown', 10, '2023-01-17 14:15:40'),
(2278, 84, 'Brule', 10, '2023-01-17 14:15:40'),
(2279, 84, 'Buffalo', 10, '2023-01-17 14:15:40'),
(2280, 84, 'Butte', 10, '2023-01-17 14:15:40'),
(2281, 84, 'Campbell', 10, '2023-01-17 14:15:40'),
(2282, 84, 'Charles Mix', 10, '2023-01-17 14:15:40'),
(2283, 84, 'Clark', 10, '2023-01-17 14:15:40'),
(2284, 84, 'Clay', 10, '2023-01-17 14:15:40'),
(2285, 84, 'Codington', 10, '2023-01-17 14:15:41'),
(2286, 84, 'Corson', 10, '2023-01-17 14:15:41'),
(2287, 84, 'Custer', 10, '2023-01-17 14:15:41'),
(2288, 84, 'Davison', 10, '2023-01-17 14:15:41'),
(2289, 84, 'Day', 10, '2023-01-17 14:15:41'),
(2290, 84, 'Deuel', 10, '2023-01-17 14:15:41'),
(2291, 84, 'Dewey', 10, '2023-01-17 14:15:41'),
(2292, 84, 'Douglas', 10, '2023-01-17 14:15:41'),
(2293, 84, 'Edmunds', 10, '2023-01-17 14:15:41'),
(2294, 84, 'Fall River', 10, '2023-01-17 14:15:41'),
(2295, 84, 'Faulk', 10, '2023-01-17 14:15:41'),
(2296, 84, 'Grant', 10, '2023-01-17 14:15:41'),
(2297, 84, 'Gregory', 10, '2023-01-17 14:15:41'),
(2298, 84, 'Haakon', 10, '2023-01-17 14:15:41'),
(2299, 84, 'Hamlin', 10, '2023-01-17 14:15:42'),
(2300, 84, 'Hand', 10, '2023-01-17 14:15:42'),
(2301, 84, 'Hanson', 10, '2023-01-17 14:15:42'),
(2302, 84, 'Harding', 10, '2023-01-17 14:15:42'),
(2303, 84, 'Hughes', 10, '2023-01-17 14:15:42'),
(2304, 84, 'Hutchinson', 10, '2023-01-17 14:15:42'),
(2305, 84, 'Hyde', 10, '2023-01-17 14:15:42'),
(2306, 84, 'Jackson', 10, '2023-01-17 14:15:42'),
(2307, 84, 'Jerauld', 10, '2023-01-17 14:15:42'),
(2308, 84, 'Jones', 10, '2023-01-17 14:15:42'),
(2309, 84, 'Kingsbury', 10, '2023-01-17 14:15:42'),
(2310, 84, 'Lake', 10, '2023-01-17 14:15:42'),
(2311, 84, 'Lawrence', 10, '2023-01-17 14:15:42'),
(2312, 84, 'Lincoln', 10, '2023-01-17 14:15:42'),
(2313, 84, 'Lyman', 10, '2023-01-17 14:15:42'),
(2314, 84, 'Marshall', 10, '2023-01-17 14:15:42'),
(2315, 84, 'McCook', 10, '2023-01-17 14:15:42'),
(2316, 84, 'McPherson', 10, '2023-01-17 14:15:42'),
(2317, 84, 'Meade', 10, '2023-01-17 14:15:43'),
(2318, 84, 'Mellette', 10, '2023-01-17 14:15:43'),
(2319, 84, 'Miner', 10, '2023-01-17 14:15:43'),
(2320, 84, 'Minnehaha', 10, '2023-01-17 14:15:43'),
(2321, 84, 'Moody', 10, '2023-01-17 14:15:43'),
(2322, 84, 'Pennington', 10, '2023-01-17 14:15:43'),
(2323, 84, 'Perkins', 10, '2023-01-17 14:15:43'),
(2324, 84, 'Potter', 10, '2023-01-17 14:15:43'),
(2325, 84, 'Roberts', 10, '2023-01-17 14:15:43'),
(2326, 84, 'Sanborn', 10, '2023-01-17 14:15:43'),
(2327, 84, 'Shannon', 10, '2023-01-17 14:15:43'),
(2328, 84, 'Spink', 10, '2023-01-17 14:15:43'),
(2329, 84, 'Stanley', 10, '2023-01-17 14:15:43'),
(2330, 84, 'Sully', 10, '2023-01-17 14:15:43'),
(2331, 84, 'Todd', 10, '2023-01-17 14:15:43'),
(2332, 84, 'Tripp', 10, '2023-01-17 14:15:43'),
(2333, 84, 'Turner', 10, '2023-01-17 14:15:43'),
(2334, 84, 'Union', 10, '2023-01-17 14:15:43'),
(2335, 84, 'Walworth', 10, '2023-01-17 14:15:43'),
(2336, 84, 'Yankton', 10, '2023-01-17 14:15:43'),
(2337, 84, 'Ziebach', 10, '2023-01-17 14:15:43'),
(2338, 85, 'Arden', 10, '2023-01-17 14:15:43'),
(2339, 85, 'Ardencroft', 10, '2023-01-17 14:15:44'),
(2340, 85, 'Ardentown', 10, '2023-01-17 14:15:44'),
(2341, 85, 'Bellefonte', 10, '2023-01-17 14:15:44'),
(2342, 85, 'Bethany Beach', 10, '2023-01-17 14:15:44'),
(2343, 85, 'Bethel', 10, '2023-01-17 14:15:44'),
(2344, 85, 'Blades', 10, '2023-01-17 14:15:44'),
(2345, 85, 'Bowers', 10, '2023-01-17 14:15:44'),
(2346, 85, 'Bridgeville', 10, '2023-01-17 14:15:44'),
(2347, 85, 'Camden', 10, '2023-01-17 14:15:44'),
(2348, 85, 'Cheswold', 10, '2023-01-17 14:15:44'),
(2349, 85, 'Clayton', 10, '2023-01-17 14:15:44'),
(2350, 85, 'Dagsboro', 10, '2023-01-17 14:15:44'),
(2351, 85, 'Delaware City', 10, '2023-01-17 14:15:44'),
(2352, 85, 'Delmar', 10, '2023-01-17 14:15:44'),
(2353, 85, 'Dewey Beach', 10, '2023-01-17 14:15:44'),
(2354, 85, 'Dover', 10, '2023-01-17 14:15:44'),
(2355, 85, 'Ellendale', 10, '2023-01-17 14:15:44'),
(2356, 85, 'Elsmere', 10, '2023-01-17 14:15:44'),
(2357, 85, 'Farmington', 10, '2023-01-17 14:15:44'),
(2358, 85, 'Felton', 10, '2023-01-17 14:15:45'),
(2359, 85, 'Fenwick Island', 10, '2023-01-17 14:15:45'),
(2360, 85, 'Frankford', 10, '2023-01-17 14:15:45'),
(2361, 85, 'Frederica', 10, '2023-01-17 14:15:45'),
(2362, 85, 'Georgetown', 10, '2023-01-17 14:15:45'),
(2363, 85, 'Greenwood', 10, '2023-01-17 14:15:45'),
(2364, 85, 'Harrington', 10, '2023-01-17 14:15:45'),
(2365, 85, 'Hartly', 10, '2023-01-17 14:15:45'),
(2366, 85, 'Henlopen Acres', 10, '2023-01-17 14:15:45'),
(2367, 85, 'Houston', 10, '2023-01-17 14:15:45'),
(2368, 85, 'Kenton', 10, '2023-01-17 14:15:45'),
(2369, 85, 'Laurel', 10, '2023-01-17 14:15:45'),
(2370, 85, 'Leipsic', 10, '2023-01-17 14:15:45'),
(2371, 85, 'Lewes', 10, '2023-01-17 14:15:45'),
(2372, 85, 'Little Creek', 10, '2023-01-17 14:15:45'),
(2373, 85, 'Magnolia', 10, '2023-01-17 14:15:45'),
(2374, 85, 'Middletown', 10, '2023-01-17 14:15:45'),
(2375, 85, 'Milford', 10, '2023-01-17 14:15:45'),
(2376, 85, 'Millsboro', 10, '2023-01-17 14:15:45'),
(2377, 85, 'Millville', 10, '2023-01-17 14:15:45'),
(2378, 85, 'Milton', 10, '2023-01-17 14:15:45'),
(2379, 85, 'Newark', 10, '2023-01-17 14:15:45'),
(2380, 85, 'New Castle', 10, '2023-01-17 14:15:46'),
(2381, 85, 'Newport', 10, '2023-01-17 14:15:46'),
(2382, 85, 'Ocean View', 10, '2023-01-17 14:15:46'),
(2383, 85, 'Odessa', 10, '2023-01-17 14:15:46'),
(2384, 85, 'Rehoboth Beach', 10, '2023-01-17 14:15:46'),
(2385, 85, 'Seaford', 10, '2023-01-17 14:15:46'),
(2386, 85, 'Selbyville', 10, '2023-01-17 14:15:46'),
(2387, 85, 'Slaughter Beach', 10, '2023-01-17 14:15:46'),
(2388, 85, 'Smyrna', 10, '2023-01-17 14:15:46'),
(2389, 85, 'South Bethany', 10, '2023-01-17 14:15:46'),
(2390, 85, 'Townsend', 10, '2023-01-17 14:15:46'),
(2391, 85, 'Viola', 10, '2023-01-17 14:15:46'),
(2392, 85, 'Wilmington', 10, '2023-01-17 14:15:46'),
(2393, 85, 'Woodside', 10, '2023-01-17 14:15:46'),
(2394, 85, 'Wyoming', 10, '2023-01-17 14:15:46'),
(2395, 86, 'Jacksonville', 10, '2023-01-17 14:15:46'),
(2396, 86, 'Orlando', 10, '2023-01-17 14:15:46'),
(2397, 86, 'Port St. Lucie', 10, '2023-01-17 14:15:46'),
(2398, 86, 'Gainesville', 10, '2023-01-17 14:15:46'),
(2399, 86, 'Miami Gardens', 10, '2023-01-17 14:15:46'),
(2400, 86, 'Lakeland', 10, '2023-01-17 14:15:46'),
(2401, 86, 'Plantation', 10, '2023-01-17 14:15:46'),
(2402, 86, 'Melbourne', 10, '2023-01-17 14:15:47'),
(2403, 86, 'Lauderhill', 10, '2023-01-17 14:15:47'),
(2404, 86, 'Delray Beach', 10, '2023-01-17 14:15:47'),
(2405, 86, 'Miami', 10, '2023-01-17 14:15:47'),
(2406, 86, 'Hialeah', 10, '2023-01-17 14:15:47'),
(2407, 86, 'Pembroke Pines', 10, '2023-01-17 14:15:47'),
(2408, 86, 'Miramar', 10, '2023-01-17 14:15:47'),
(2409, 86, 'Palm Bay', 10, '2023-01-17 14:15:47'),
(2410, 86, 'Davie', 10, '2023-01-17 14:15:47'),
(2411, 86, 'Sunrise', 10, '2023-01-17 14:15:47'),
(2412, 86, 'Palm Coast', 10, '2023-01-17 14:15:47'),
(2413, 86, 'Weston', 10, '2023-01-17 14:15:47'),
(2414, 86, 'Homestead', 10, '2023-01-17 14:15:47'),
(2415, 86, 'Tampa', 10, '2023-01-17 14:15:47'),
(2416, 86, 'Tallahassee', 10, '2023-01-17 14:15:47'),
(2417, 86, 'Cabo Coral', 10, '2023-01-17 14:15:47'),
(2418, 86, 'Coral Springs', 10, '2023-01-17 14:15:47'),
(2419, 86, 'West Palm Beach', 10, '2023-01-17 14:15:47'),
(2420, 86, 'Miami Beach', 10, '2023-01-17 14:15:47'),
(2421, 86, 'Boca Ratón', 10, '2023-01-17 14:15:47'),
(2422, 86, 'Deerfield Beach', 10, '2023-01-17 14:15:48'),
(2423, 86, 'Fort Myers', 10, '2023-01-17 14:15:48'),
(2424, 86, 'Tamarac', 10, '2023-01-17 14:15:48'),
(2425, 86, 'San Petersburgo', 10, '2023-01-17 14:15:48'),
(2426, 86, 'Fort Lauderdale', 10, '2023-01-17 14:15:48'),
(2427, 86, 'Hollywood', 10, '2023-01-17 14:15:48'),
(2428, 86, 'Clearwater', 10, '2023-01-17 14:15:48'),
(2429, 86, 'Pompano Beach', 10, '2023-01-17 14:15:48'),
(2430, 86, 'Deltona', 10, '2023-01-17 14:15:48'),
(2431, 86, 'Largo', 10, '2023-01-17 14:15:48'),
(2432, 86, 'Boynton Beach', 10, '2023-01-17 14:15:48'),
(2433, 86, 'Daytona Beach', 10, '2023-01-17 14:15:48'),
(2434, 86, 'Kissimmee', 10, '2023-01-17 14:15:48'),
(2435, 87, 'Atlanta', 10, '2023-01-17 14:15:48'),
(2436, 87, 'Athens', 10, '2023-01-17 14:15:48'),
(2437, 87, 'Albany', 10, '2023-01-17 14:15:48'),
(2438, 87, 'Dunwoody', 10, '2023-01-17 14:15:48'),
(2439, 87, 'Rome', 10, '2023-01-17 14:15:49'),
(2440, 87, 'Hinesville', 10, '2023-01-17 14:15:49'),
(2441, 87, 'Woodstock', 10, '2023-01-17 14:15:49'),
(2442, 87, 'Duluth', 10, '2023-01-17 14:15:49'),
(2443, 87, 'Douglasville', 10, '2023-01-17 14:15:49'),
(2444, 87, 'Decatur', 10, '2023-01-17 14:15:49'),
(2445, 87, 'Augusta', 10, '2023-01-17 14:15:49'),
(2446, 87, 'Macon', 10, '2023-01-17 14:15:49'),
(2447, 87, 'Johns Creek', 10, '2023-01-17 14:15:49'),
(2448, 87, 'Valdosta', 10, '2023-01-17 14:15:49'),
(2449, 87, 'Alpharetta', 10, '2023-01-17 14:15:49'),
(2450, 87, 'Dalton', 10, '2023-01-17 14:15:49'),
(2451, 87, 'Griffin', 10, '2023-01-17 14:15:49'),
(2452, 87, 'Kennesaw', 10, '2023-01-17 14:15:49'),
(2453, 87, 'Carrollton', 10, '2023-01-17 14:15:49'),
(2454, 87, 'Americus', 10, '2023-01-17 14:15:49'),
(2455, 87, 'Columbus', 10, '2023-01-17 14:15:49'),
(2456, 87, 'Sandy Springs', 10, '2023-01-17 14:15:49'),
(2457, 87, 'Marietta', 10, '2023-01-17 14:15:49'),
(2458, 87, 'Smyrna', 10, '2023-01-17 14:15:49'),
(2459, 87, 'Milton', 10, '2023-01-17 14:15:49'),
(2460, 87, 'LaGrange', 10, '2023-01-17 14:15:50'),
(2461, 87, 'Statesboro', 10, '2023-01-17 14:15:50'),
(2462, 87, 'Forest Park', 10, '2023-01-17 14:15:50'),
(2463, 87, 'Milledgeville', 10, '2023-01-17 14:15:50'),
(2464, 87, 'Newnan', 10, '2023-01-17 14:15:50'),
(2465, 87, 'Savannah', 10, '2023-01-17 14:15:50'),
(2466, 87, 'Roswell', 10, '2023-01-17 14:15:50'),
(2467, 87, 'Warner Robins', 10, '2023-01-17 14:15:50'),
(2468, 87, 'East Point', 10, '2023-01-17 14:15:50'),
(2469, 87, 'Peachtree City', 10, '2023-01-17 14:15:50'),
(2470, 87, 'Gainesville', 10, '2023-01-17 14:15:50'),
(2471, 87, 'Lawrenceville', 10, '2023-01-17 14:15:50'),
(2472, 87, 'College Park', 10, '2023-01-17 14:15:50'),
(2473, 87, 'Thomasville', 10, '2023-01-17 14:15:50'),
(2474, 87, 'Cartersville', 10, '2023-01-17 14:15:50'),
(2475, 88, 'Honolulu', 10, '2023-01-17 14:15:50'),
(2476, 88, 'Kaneohe', 10, '2023-01-17 14:15:50'),
(2477, 88, 'Mililani Town', 10, '2023-01-17 14:15:50'),
(2478, 88, 'Schofield Barracks', 10, '2023-01-17 14:15:50'),
(2479, 88, 'Halawa', 10, '2023-01-17 14:15:51'),
(2480, 88, 'Nanakulia', 10, '2023-01-17 14:15:51'),
(2481, 88, 'Kapaa', 10, '2023-01-17 14:15:51'),
(2482, 88, 'Ocean Pointe', 10, '2023-01-17 14:15:51'),
(2483, 88, 'Waihee-Waiehu', 10, '2023-01-17 14:15:51'),
(2484, 88, 'Kalaoa', 10, '2023-01-17 14:15:51'),
(2485, 88, 'East Honolulu', 10, '2023-01-17 14:15:51'),
(2486, 88, 'Waipahu', 10, '2023-01-17 14:15:51'),
(2487, 88, 'Mililani Mauka', 10, '2023-01-17 14:15:51'),
(2488, 88, 'Wahiawa', 10, '2023-01-17 14:15:51'),
(2489, 88, 'Makakilo', 10, '2023-01-17 14:15:51'),
(2490, 88, 'Waianae', 10, '2023-01-17 14:15:51'),
(2491, 88, 'Lahaina', 10, '2023-01-17 14:15:51'),
(2492, 88, 'Makaha ', 10, '2023-01-17 14:15:51'),
(2493, 88, 'Hawaiian Paradise Park', 10, '2023-01-17 14:15:51'),
(2494, 88, 'Napili-Honokowai', 10, '2023-01-17 14:15:51'),
(2495, 88, 'Hilo', 10, '2023-01-17 14:15:51'),
(2496, 88, 'Pearl City', 10, '2023-01-17 14:15:51'),
(2497, 88, 'Kahului', 10, '2023-01-17 14:15:51'),
(2498, 88, 'Kapolei', 10, '2023-01-17 14:15:51'),
(2499, 88, 'Wailuku', 10, '2023-01-17 14:15:51'),
(2500, 88, 'Kailua', 10, '2023-01-17 14:15:51'),
(2501, 88, 'Aiea', 10, '2023-01-17 14:15:51'),
(2502, 88, 'Waikele', 10, '2023-01-17 14:15:52'),
(2503, 88, 'Waimea', 10, '2023-01-17 14:15:52'),
(2504, 88, 'Haiku-Pauwela', 10, '2023-01-17 14:15:52'),
(2505, 88, 'Kailua', 10, '2023-01-17 14:15:52'),
(2506, 88, 'Waimalu', 10, '2023-01-17 14:15:52'),
(2507, 88, 'Kihei', 10, '2023-01-17 14:15:52'),
(2508, 88, 'Ewa Beach ', 10, '2023-01-17 14:15:52'),
(2509, 88, 'Waipio', 10, '2023-01-17 14:15:52'),
(2510, 88, 'Royal Kunia', 10, '2023-01-17 14:15:52'),
(2511, 88, 'Ahuimanu', 10, '2023-01-17 14:15:52'),
(2512, 88, 'Pukalani', 10, '2023-01-17 14:15:52'),
(2513, 88, 'Hickam Housing', 10, '2023-01-17 14:15:52'),
(2514, 88, 'Makawao', 10, '2023-01-17 14:15:52'),
(2515, 89, 'Boise', 10, '2023-01-17 14:15:52'),
(2516, 89, 'Pocatello', 10, '2023-01-17 14:15:52'),
(2517, 89, 'Lewiston', 10, '2023-01-17 14:15:52'),
(2518, 89, 'Eagle', 10, '2023-01-17 14:15:52'),
(2519, 89, 'Ammon', 10, '2023-01-17 14:15:52'),
(2520, 89, 'Jerome', 10, '2023-01-17 14:15:52'),
(2521, 89, 'Sandpoint', 10, '2023-01-17 14:15:52'),
(2522, 89, 'Rupert', 10, '2023-01-17 14:15:53'),
(2523, 89, 'Fruitland', 10, '2023-01-17 14:15:53'),
(2524, 89, 'Rigby', 10, '2023-01-17 14:15:53'),
(2525, 89, 'Nampa', 10, '2023-01-17 14:15:53'),
(2526, 89, 'Caldwell', 10, '2023-01-17 14:15:53'),
(2527, 89, 'Post Falls', 10, '2023-01-17 14:15:53'),
(2528, 89, 'Kuna', 10, '2023-01-17 14:15:53'),
(2529, 89, 'Hayden', 10, '2023-01-17 14:15:53'),
(2530, 89, 'Burley', 10, '2023-01-17 14:15:53'),
(2531, 89, 'Rathdrum', 10, '2023-01-17 14:15:53'),
(2532, 89, 'Middleton', 10, '2023-01-17 14:15:53'),
(2533, 89, 'American Falls', 10, '2023-01-17 14:15:53'),
(2534, 89, 'Gooding', 10, '2023-01-17 14:15:53'),
(2535, 89, 'Meridian', 10, '2023-01-17 14:15:53'),
(2536, 89, 'Coeur dAlene ', 10, '2023-01-17 14:15:53'),
(2537, 89, 'Rexburg', 10, '2023-01-17 14:15:53'),
(2538, 89, 'Mountain Home', 10, '2023-01-17 14:15:53'),
(2539, 89, 'Blackfoot', 10, '2023-01-17 14:15:53'),
(2540, 89, 'Hailey', 10, '2023-01-17 14:15:53'),
(2541, 89, 'Emmett', 10, '2023-01-17 14:15:54'),
(2542, 89, 'Weiser', 10, '2023-01-17 14:15:54'),
(2543, 89, 'Shelley', 10, '2023-01-17 14:15:54'),
(2544, 89, 'St. Anthony', 10, '2023-01-17 14:15:54'),
(2545, 89, 'Idaho Falls', 10, '2023-01-17 14:15:54'),
(2546, 89, 'Twin Falls', 10, '2023-01-17 14:15:54'),
(2547, 89, 'Moscow', 10, '2023-01-17 14:15:54'),
(2548, 89, 'Chubbuck', 10, '2023-01-17 14:15:54'),
(2549, 89, 'Garden City', 10, '2023-01-17 14:15:54'),
(2550, 89, 'Payette', 10, '2023-01-17 14:15:54'),
(2551, 89, 'Star', 10, '2023-01-17 14:15:54'),
(2552, 89, 'Preston', 10, '2023-01-17 14:15:54'),
(2553, 89, 'Buhl', 10, '2023-01-17 14:15:54'),
(2554, 89, 'Kimberly', 10, '2023-01-17 14:15:54'),
(2555, 90, 'Chicago', 10, '2023-01-17 14:15:54'),
(2556, 90, 'Peoria', 10, '2023-01-17 14:15:54'),
(2557, 90, 'Waukegan', 10, '2023-01-17 14:15:55'),
(2558, 90, 'Schaumburg', 10, '2023-01-17 14:15:55'),
(2559, 90, 'Bloomington', 10, '2023-01-17 14:15:55'),
(2560, 90, 'Mount Prospect', 10, '2023-01-17 14:15:55'),
(2561, 90, 'Oak Park', 10, '2023-01-17 14:15:55'),
(2562, 90, 'Tinley Park', 10, '2023-01-17 14:15:55'),
(2563, 90, 'Elmhurst', 10, '2023-01-17 14:15:55'),
(2564, 90, 'Carol Stream', 10, '2023-01-17 14:15:55'),
(2565, 90, 'Rockford', 10, '2023-01-17 14:15:55'),
(2566, 90, 'Springfield', 10, '2023-01-17 14:15:55'),
(2567, 90, 'Cícero', 10, '2023-01-17 14:15:55'),
(2568, 90, 'Evanston', 10, '2023-01-17 14:15:55'),
(2569, 90, 'Skokie', 10, '2023-01-17 14:15:55'),
(2570, 90, 'Wheaton', 10, '2023-01-17 14:15:55'),
(2571, 90, 'Orland Park', 10, '2023-01-17 14:15:55'),
(2572, 90, 'Normal', 10, '2023-01-17 14:15:55'),
(2573, 90, 'Lombard', 10, '2023-01-17 14:15:56'),
(2574, 90, 'Quincy', 10, '2023-01-17 14:15:56'),
(2575, 90, 'Aurora', 10, '2023-01-17 14:15:56'),
(2576, 90, 'Joliet', 10, '2023-01-17 14:15:56'),
(2577, 90, 'Decatur', 10, '2023-01-17 14:15:56'),
(2578, 90, 'Champaign', 10, '2023-01-17 14:15:56'),
(2579, 90, 'Des Plaines', 10, '2023-01-17 14:15:56'),
(2580, 90, 'Oak Lawn', 10, '2023-01-17 14:15:56'),
(2581, 90, 'Hoffman Estates', 10, '2023-01-17 14:15:56'),
(2582, 90, 'Moline', 10, '2023-01-17 14:15:56'),
(2583, 90, 'Glenview', 10, '2023-01-17 14:15:56'),
(2584, 90, 'Rock Island', 10, '2023-01-17 14:15:56'),
(2585, 90, 'Naperville', 10, '2023-01-17 14:15:56'),
(2586, 90, 'Elgin', 10, '2023-01-17 14:15:56'),
(2587, 90, 'Arlington Heights', 10, '2023-01-17 14:15:56'),
(2588, 90, 'Palatine', 10, '2023-01-17 14:15:56'),
(2589, 90, 'Bolingbrook', 10, '2023-01-17 14:15:56'),
(2590, 90, 'Berwyn', 10, '2023-01-17 14:15:56'),
(2591, 90, 'Downers Grove', 10, '2023-01-17 14:15:57'),
(2592, 90, 'Buffalo Grove', 10, '2023-01-17 14:15:57'),
(2593, 90, 'Belleville', 10, '2023-01-17 14:15:57'),
(2594, 90, 'Calumet', 10, '2023-01-17 14:15:57'),
(2595, 91, 'Indianápolis', 10, '2023-01-17 14:15:57'),
(2596, 91, 'Hammond', 10, '2023-01-17 14:15:57'),
(2597, 91, 'Lafayette', 10, '2023-01-17 14:15:57'),
(2598, 91, 'Noblesville', 10, '2023-01-17 14:15:57'),
(2599, 91, 'Lawrence', 10, '2023-01-17 14:15:57'),
(2600, 91, 'Portage', 10, '2023-01-17 14:15:57'),
(2601, 91, 'Goshen', 10, '2023-01-17 14:15:57'),
(2602, 91, 'Marion', 10, '2023-01-17 14:15:57'),
(2603, 91, 'Schererville', 10, '2023-01-17 14:15:57'),
(2604, 91, 'Plainfield', 10, '2023-01-17 14:15:57'),
(2605, 91, 'Fort Wayne', 10, '2023-01-17 14:15:57'),
(2606, 91, 'Bloomington', 10, '2023-01-17 14:15:57'),
(2607, 91, 'Terre Haute', 10, '2023-01-17 14:15:57'),
(2608, 91, 'Elkhart', 10, '2023-01-17 14:15:57'),
(2609, 91, 'Kokomo', 10, '2023-01-17 14:15:57'),
(2610, 91, 'Richmond', 10, '2023-01-17 14:15:57'),
(2611, 91, 'Michigan City', 10, '2023-01-17 14:15:57'),
(2612, 91, 'East Chicago', 10, '2023-01-17 14:15:57'),
(2613, 91, 'Crown Point', 10, '2023-01-17 14:15:58'),
(2614, 91, 'Munster', 10, '2023-01-17 14:15:58'),
(2615, 91, 'Evansville', 10, '2023-01-17 14:15:58'),
(2616, 91, 'Carmel', 10, '2023-01-17 14:15:58'),
(2617, 91, 'Anderson', 10, '2023-01-17 14:15:58'),
(2618, 91, 'Greenwood', 10, '2023-01-17 14:15:58'),
(2619, 91, 'Jeffersonville', 10, '2023-01-17 14:15:58'),
(2620, 91, 'New Albany', 10, '2023-01-17 14:15:58'),
(2621, 91, 'Merrillville', 10, '2023-01-17 14:15:58'),
(2622, 91, 'West Lafayette', 10, '2023-01-17 14:15:58'),
(2623, 91, 'Franklin', 10, '2023-01-17 14:15:58'),
(2624, 91, 'Clarksville', 10, '2023-01-17 14:15:58'),
(2625, 91, 'South Bend', 10, '2023-01-17 14:15:58'),
(2626, 91, 'Muncie', 10, '2023-01-17 14:15:58'),
(2627, 91, 'Fishers', 10, '2023-01-17 14:15:58'),
(2628, 91, 'Mishawaka', 10, '2023-01-17 14:15:58'),
(2629, 91, 'Columbus', 10, '2023-01-17 14:15:58'),
(2630, 91, 'Valparaíso', 10, '2023-01-17 14:15:58'),
(2631, 91, 'Westfield', 10, '2023-01-17 14:15:58'),
(2632, 91, 'Hobart', 10, '2023-01-17 14:15:58'),
(2633, 91, 'Highland', 10, '2023-01-17 14:15:59'),
(2634, 91, 'Greenfield', 10, '2023-01-17 14:15:59'),
(2635, 92, 'Des Moines', 10, '2023-01-17 14:15:59'),
(2636, 92, 'Waterloo', 10, '2023-01-17 14:15:59'),
(2637, 92, 'Ames', 10, '2023-01-17 14:15:59'),
(2638, 92, 'Mason City', 10, '2023-01-17 14:15:59'),
(2639, 92, 'Burlington', 10, '2023-01-17 14:15:59'),
(2640, 92, 'Ottumwa', 10, '2023-01-17 14:15:59'),
(2641, 92, 'Indianola', 10, '2023-01-17 14:15:59'),
(2642, 92, 'Spencer', 10, '2023-01-17 14:15:59'),
(2643, 92, 'Carroll', 10, '2023-01-17 14:15:59'),
(2644, 92, 'Le Mars', 10, '2023-01-17 14:15:59'),
(2645, 92, 'Cedar Rapids', 10, '2023-01-17 14:15:59'),
(2646, 92, 'Iowa City', 10, '2023-01-17 14:15:59'),
(2647, 92, 'West Des Moines', 10, '2023-01-17 14:15:59'),
(2648, 92, 'Urbandale', 10, '2023-01-17 14:15:59'),
(2649, 92, 'Marion', 10, '2023-01-17 14:15:59'),
(2650, 92, 'Muscatine', 10, '2023-01-17 14:15:59'),
(2651, 92, 'Clive', 10, '2023-01-17 14:15:59'),
(2652, 92, 'Oskaloosa', 10, '2023-01-17 14:15:59'),
(2653, 92, 'Storm Lake', 10, '2023-01-17 14:15:59'),
(2654, 92, 'Grinnell', 10, '2023-01-17 14:16:00'),
(2655, 92, 'Davenport', 10, '2023-01-17 14:16:00'),
(2656, 92, 'Council Bluffs', 10, '2023-01-17 14:16:00'),
(2657, 92, 'Cedar Falls', 10, '2023-01-17 14:16:00'),
(2658, 92, 'Clinton', 10, '2023-01-17 14:16:00'),
(2659, 92, 'Marshalltown', 10, '2023-01-17 14:16:00'),
(2660, 92, 'Newton', 10, '2023-01-17 14:16:00'),
(2661, 92, 'Boone', 10, '2023-01-17 14:16:00'),
(2662, 92, 'Fort Madison', 10, '2023-01-17 14:16:00'),
(2663, 92, 'Pella', 10, '2023-01-17 14:16:00'),
(2664, 92, 'Waverly', 10, '2023-01-17 14:16:00'),
(2665, 92, 'Sioux City', 10, '2023-01-17 14:16:00'),
(2666, 92, 'Dubuque', 10, '2023-01-17 14:16:00'),
(2667, 92, 'Bettendorf', 10, '2023-01-17 14:16:00'),
(2668, 92, 'Ankeny', 10, '2023-01-17 14:16:00'),
(2669, 92, 'Fort Dodge', 10, '2023-01-17 14:16:00'),
(2670, 92, 'Coralville', 10, '2023-01-17 14:16:00'),
(2671, 92, 'Keokuk', 10, '2023-01-17 14:16:00'),
(2672, 92, 'Altoona', 10, '2023-01-17 14:16:01'),
(2673, 92, 'Fairfield', 10, '2023-01-17 14:16:01'),
(2674, 92, 'Mount Pleasant', 10, '2023-01-17 14:16:01'),
(2675, 93, 'Wichita', 10, '2023-01-17 14:16:01'),
(2676, 93, 'Olathe', 10, '2023-01-17 14:16:01'),
(2677, 93, 'Manhattan', 10, '2023-01-17 14:16:01'),
(2678, 93, 'Garden City', 10, '2023-01-17 14:16:01'),
(2679, 93, 'Prairie Village', 10, '2023-01-17 14:16:01'),
(2680, 93, 'Junction City', 10, '2023-01-17 14:16:01'),
(2681, 93, 'McPherson', 10, '2023-01-17 14:16:01'),
(2682, 93, 'Ottawa', 10, '2023-01-17 14:16:01'),
(2683, 93, 'Atchison', 10, '2023-01-17 14:16:01'),
(2684, 93, 'Gardner', 10, '2023-01-17 14:16:01'),
(2685, 93, 'Overland Park', 10, '2023-01-17 14:16:01'),
(2686, 93, 'Lawrence', 10, '2023-01-17 14:16:01'),
(2687, 93, 'Hutchinson', 10, '2023-01-17 14:16:01'),
(2688, 93, 'Leawood', 10, '2023-01-17 14:16:01'),
(2689, 93, 'Hays', 10, '2023-01-17 14:16:02'),
(2690, 93, 'Derby', 10, '2023-01-17 14:16:02'),
(2691, 93, 'Winfield', 10, '2023-01-17 14:16:02'),
(2692, 93, 'Parsons', 10, '2023-01-17 14:16:02'),
(2693, 93, 'Independence', 10, '2023-01-17 14:16:02'),
(2694, 93, 'Lansing', 10, '2023-01-17 14:16:02'),
(2695, 93, 'Kansas City', 10, '2023-01-17 14:16:02'),
(2696, 93, 'Shawnee', 10, '2023-01-17 14:16:02'),
(2697, 93, 'Lenexa', 10, '2023-01-17 14:16:02'),
(2698, 93, 'Emporia', 10, '2023-01-17 14:16:02'),
(2699, 93, 'Liberal', 10, '2023-01-17 14:16:02'),
(2700, 93, 'Newton', 10, '2023-01-17 14:16:02'),
(2701, 93, 'El Dorado', 10, '2023-01-17 14:16:02'),
(2702, 93, 'Coffeyville', 10, '2023-01-17 14:16:02'),
(2703, 93, 'Mission', 10, '2023-01-17 14:16:02'),
(2704, 93, 'Wellington', 10, '2023-01-17 14:16:02'),
(2705, 93, 'Topeka', 10, '2023-01-17 14:16:03'),
(2706, 93, 'Salina', 10, '2023-01-17 14:16:03'),
(2707, 93, 'Leavenworth', 10, '2023-01-17 14:16:03'),
(2708, 93, 'Dodge City', 10, '2023-01-17 14:16:03'),
(2709, 93, 'Pittsburg', 10, '2023-01-17 14:16:03'),
(2710, 93, 'Great Bend', 10, '2023-01-17 14:16:03'),
(2711, 93, 'Arkansas City', 10, '2023-01-17 14:16:03'),
(2712, 93, 'Merriam', 10, '2023-01-17 14:16:03'),
(2713, 93, 'Chanute', 10, '2023-01-17 14:16:03'),
(2714, 93, 'Haysville', 10, '2023-01-17 14:16:03'),
(2715, 94, 'Nueva Orleans', 10, '2023-01-17 14:16:03'),
(2716, 94, 'Lake Charles', 10, '2023-01-17 14:16:03'),
(2717, 94, 'Alexandria', 10, '2023-01-17 14:16:03'),
(2718, 94, 'Ruston', 10, '2023-01-17 14:16:03'),
(2719, 94, 'Gretna', 10, '2023-01-17 14:16:03'),
(2720, 94, 'Thibodaux', 10, '2023-01-17 14:16:03'),
(2721, 94, 'Minden', 10, '2023-01-17 14:16:03'),
(2722, 94, 'Bogalusa', 10, '2023-01-17 14:16:04'),
(2723, 94, 'Eunice', 10, '2023-01-17 14:16:04'),
(2724, 94, 'Harahan', 10, '2023-01-17 14:16:04'),
(2725, 94, 'Baton Rouge', 10, '2023-01-17 14:16:04'),
(2726, 94, 'Kenner', 10, '2023-01-17 14:16:04'),
(2727, 94, 'Houma', 10, '2023-01-17 14:16:04'),
(2728, 94, 'Sulphur', 10, '2023-01-17 14:16:04'),
(2729, 94, 'Chalmette', 10, '2023-01-17 14:16:04'),
(2730, 94, 'Pineville', 10, '2023-01-17 14:16:04'),
(2731, 94, 'West Monroe', 10, '2023-01-17 14:16:04'),
(2732, 94, 'Mandeville', 10, '2023-01-17 14:16:04'),
(2733, 94, 'Jennings', 10, '2023-01-17 14:16:04'),
(2734, 94, 'Covington', 10, '2023-01-17 14:16:04'),
(2735, 94, 'Shreveport', 10, '2023-01-17 14:16:04'),
(2736, 94, 'Bossier City', 10, '2023-01-17 14:16:04'),
(2737, 94, 'Nueva Iberia', 10, '2023-01-17 14:16:04'),
(2738, 94, 'Hammond', 10, '2023-01-17 14:16:04'),
(2739, 94, 'Opelousas', 10, '2023-01-17 14:16:04'),
(2740, 94, 'Baker', 10, '2023-01-17 14:16:04'),
(2741, 94, 'Morgan City', 10, '2023-01-17 14:16:05'),
(2742, 94, 'Bastrop', 10, '2023-01-17 14:16:05'),
(2743, 94, 'Denham Springs', 10, '2023-01-17 14:16:05'),
(2744, 94, 'Scott', 10, '2023-01-17 14:16:05'),
(2745, 94, 'Lafayette', 10, '2023-01-17 14:16:05'),
(2746, 94, 'Monroe', 10, '2023-01-17 14:16:05'),
(2747, 94, 'Slidell', 10, '2023-01-17 14:16:05'),
(2748, 94, 'Natchitoches', 10, '2023-01-17 14:16:05'),
(2749, 94, 'Zachary', 10, '2023-01-17 14:16:05'),
(2750, 94, 'Crowley', 10, '2023-01-17 14:16:05'),
(2751, 94, 'Abbeville', 10, '2023-01-17 14:16:05'),
(2752, 94, 'DeRidder', 10, '2023-01-17 14:16:05'),
(2753, 94, 'Gonzales', 10, '2023-01-17 14:16:05'),
(2754, 94, 'Westwego', 10, '2023-01-17 14:16:05'),
(2755, 95, 'Portland', 10, '2023-01-17 14:16:05'),
(2756, 95, 'Auburn', 10, '2023-01-17 14:16:05'),
(2757, 95, 'Augusta', 10, '2023-01-17 14:16:05'),
(2758, 95, 'Waterville', 10, '2023-01-17 14:16:05'),
(2759, 95, 'Kennebunk', 10, '2023-01-17 14:16:05'),
(2760, 95, 'Brewer', 10, '2023-01-17 14:16:06'),
(2761, 95, 'Topsham', 10, '2023-01-17 14:16:06'),
(2762, 95, 'Skowhegan', 10, '2023-01-17 14:16:06'),
(2763, 95, 'Old Town', 10, '2023-01-17 14:16:06'),
(2764, 95, 'Buxton', 10, '2023-01-17 14:16:06'),
(2765, 95, 'Lewiston', 10, '2023-01-17 14:16:06'),
(2766, 95, 'Brunswick', 10, '2023-01-17 14:16:06'),
(2767, 95, 'Saco', 10, '2023-01-17 14:16:06'),
(2768, 95, 'Windham', 10, '2023-01-17 14:16:06'),
(2769, 95, 'Falmouth', 10, '2023-01-17 14:16:06'),
(2770, 95, 'Wells', 10, '2023-01-17 14:16:06'),
(2771, 95, 'Lisbon', 10, '2023-01-17 14:16:06'),
(2772, 95, 'Bath', 10, '2023-01-17 14:16:06'),
(2773, 95, 'Freeport', 10, '2023-01-17 14:16:06'),
(2774, 95, 'Farmington', 10, '2023-01-17 14:16:06'),
(2775, 95, 'Bangor', 10, '2023-01-17 14:16:06'),
(2776, 95, 'Biddeford', 10, '2023-01-17 14:16:06'),
(2777, 95, 'Westbrook', 10, '2023-01-17 14:16:06'),
(2778, 95, 'Gorham', 10, '2023-01-17 14:16:07'),
(2779, 95, 'Presque Isle', 10, '2023-01-17 14:16:07'),
(2780, 95, 'Standish', 10, '2023-01-17 14:16:07'),
(2781, 95, 'Cape Elizabeth', 10, '2023-01-17 14:16:07'),
(2782, 95, 'Yarmouth', 10, '2023-01-17 14:16:07'),
(2783, 95, 'Winslow', 10, '2023-01-17 14:16:07'),
(2784, 95, 'Rockland', 10, '2023-01-17 14:16:07'),
(2785, 95, 'South Portland', 10, '2023-01-17 14:16:07'),
(2786, 95, 'Sanford', 10, '2023-01-17 14:16:07'),
(2787, 95, 'Scarborough', 10, '2023-01-17 14:16:07'),
(2788, 95, 'York', 10, '2023-01-17 14:16:07'),
(2789, 95, 'Kittery', 10, '2023-01-17 14:16:07'),
(2790, 95, 'Orono', 10, '2023-01-17 14:16:07'),
(2791, 95, 'Old Orchard Beach', 10, '2023-01-17 14:16:07'),
(2792, 95, 'Caribou', 10, '2023-01-17 14:16:07'),
(2793, 95, 'Ellsworth', 10, '2023-01-17 14:16:08'),
(2794, 95, 'Cumberland', 10, '2023-01-17 14:16:08'),
(2795, 96, 'Baltimore', 10, '2023-01-17 14:16:08'),
(2796, 96, 'Gaithersburg', 10, '2023-01-17 14:16:08'),
(2797, 96, 'Annapolis', 10, '2023-01-17 14:16:08'),
(2798, 96, 'Greenbelt', 10, '2023-01-17 14:16:08'),
(2799, 96, 'Takoma Park', 10, '2023-01-17 14:16:08'),
(2800, 96, 'Havre de Grace', 10, '2023-01-17 14:16:08'),
(2801, 96, 'Mount Airy', 10, '2023-01-17 14:16:08'),
(2802, 96, 'Mount Rainier', 10, '2023-01-17 14:16:08'),
(2803, 96, 'Hampstead', 10, '2023-01-17 14:16:08'),
(2804, 96, 'Brunswick', 10, '2023-01-17 14:16:08'),
(2805, 96, 'Ellicott City', 10, '2023-01-17 14:16:08'),
(2806, 96, 'Towson', 10, '2023-01-17 14:16:08'),
(2807, 96, 'College Park', 10, '2023-01-17 14:16:08'),
(2808, 96, 'Cumberland', 10, '2023-01-17 14:16:08'),
(2809, 96, 'Easton', 10, '2023-01-17 14:16:08'),
(2810, 96, 'Cambridge', 10, '2023-01-17 14:16:08'),
(2811, 96, 'Bladensburg', 10, '2023-01-17 14:16:08'),
(2812, 96, 'Ocean City', 10, '2023-01-17 14:16:09'),
(2813, 96, 'Cheverly', 10, '2023-01-17 14:16:09'),
(2814, 96, 'District Heights', 10, '2023-01-17 14:16:09'),
(2815, 96, 'Frederick', 10, '2023-01-17 14:16:09'),
(2816, 96, 'Bowie', 10, '2023-01-17 14:16:09'),
(2817, 96, 'Salisbury', 10, '2023-01-17 14:16:09'),
(2818, 96, 'Westminster', 10, '2023-01-17 14:16:09'),
(2819, 96, 'Elkton', 10, '2023-01-17 14:16:09'),
(2820, 96, 'New Carrollton', 10, '2023-01-17 14:16:09'),
(2821, 96, 'Frostburg', 10, '2023-01-17 14:16:09'),
(2822, 96, 'Riverdale Park', 10, '2023-01-17 14:16:09'),
(2823, 96, 'Thurmont', 10, '2023-01-17 14:16:09'),
(2824, 96, 'Walkersville', 10, '2023-01-17 14:16:09'),
(2825, 96, 'Rockville', 10, '2023-01-17 14:16:09'),
(2826, 96, 'Hagerstown', 10, '2023-01-17 14:16:09'),
(2827, 96, 'Laurel', 10, '2023-01-17 14:16:09'),
(2828, 96, 'Hyattsville', 10, '2023-01-17 14:16:10'),
(2829, 96, 'Aberdeen', 10, '2023-01-17 14:16:10'),
(2830, 96, 'Bel Air', 10, '2023-01-17 14:16:10'),
(2831, 96, 'La Plata', 10, '2023-01-17 14:16:10'),
(2832, 96, 'Taneytown', 10, '2023-01-17 14:16:10'),
(2833, 96, 'Glenarden', 10, '2023-01-17 14:16:10'),
(2834, 96, 'Chesapeake Beach', 10, '2023-01-17 14:16:10'),
(2835, 97, 'Boston', 10, '2023-01-17 14:16:10'),
(2836, 97, 'Cambridge', 10, '2023-01-17 14:16:10'),
(2837, 97, 'Lynn', 10, '2023-01-17 14:16:10'),
(2838, 97, 'Somerville', 10, '2023-01-17 14:16:10'),
(2839, 97, 'Malden', 10, '2023-01-17 14:16:10'),
(2840, 97, 'Taunton', 10, '2023-01-17 14:16:10'),
(2841, 97, 'Peabody', 10, '2023-01-17 14:16:10'),
(2842, 97, 'Attleboro', 10, '2023-01-17 14:16:10'),
(2843, 97, 'Westfield', 10, '2023-01-17 14:16:10'),
(2844, 97, 'Holyoke', 10, '2023-01-17 14:16:10'),
(2845, 97, 'Worcester', 10, '2023-01-17 14:16:10'),
(2846, 97, 'New Bedford', 10, '2023-01-17 14:16:10'),
(2847, 97, 'Fall River', 10, '2023-01-17 14:16:11'),
(2848, 97, 'Framingham', 10, '2023-01-17 14:16:11'),
(2849, 97, 'Brookline', 10, '2023-01-17 14:16:11'),
(2850, 97, 'Chicopee', 10, '2023-01-17 14:16:11'),
(2851, 97, 'Methuen', 10, '2023-01-17 14:16:11'),
(2852, 97, 'Arlington', 10, '2023-01-17 14:16:11'),
(2853, 97, 'Leominster', 10, '2023-01-17 14:16:11'),
(2854, 97, 'Beverly', 10, '2023-01-17 14:16:11'),
(2855, 97, 'Springfield', 10, '2023-01-17 14:16:11'),
(2856, 97, 'Brockton', 10, '2023-01-17 14:16:11'),
(2857, 97, 'Newton', 10, '2023-01-17 14:16:11'),
(2858, 97, 'Haverhill', 10, '2023-01-17 14:16:11'),
(2859, 97, 'Plymouth', 10, '2023-01-17 14:16:11'),
(2860, 97, 'Weymouth', 10, '2023-01-17 14:16:11'),
(2861, 97, 'Barnstable', 10, '2023-01-17 14:16:11'),
(2862, 97, 'Everett', 10, '2023-01-17 14:16:11'),
(2863, 97, 'Fitchburg', 10, '2023-01-17 14:16:11'),
(2864, 97, 'Marlborough', 10, '2023-01-17 14:16:11'),
(2865, 97, 'Lowell', 10, '2023-01-17 14:16:11'),
(2866, 97, 'Quincy', 10, '2023-01-17 14:16:11'),
(2867, 97, 'Lawrence', 10, '2023-01-17 14:16:11'),
(2868, 97, 'Waltham', 10, '2023-01-17 14:16:11'),
(2869, 97, 'Medford', 10, '2023-01-17 14:16:12'),
(2870, 97, 'Revere', 10, '2023-01-17 14:16:12'),
(2871, 97, 'Pittsfield', 10, '2023-01-17 14:16:12'),
(2872, 97, 'Salem', 10, '2023-01-17 14:16:12'),
(2873, 97, 'Billerica', 10, '2023-01-17 14:16:12'),
(2874, 97, 'Woburn', 10, '2023-01-17 14:16:12'),
(2875, 98, 'Detroit', 10, '2023-01-17 14:16:12'),
(2876, 98, 'Lansing', 10, '2023-01-17 14:16:12'),
(2877, 98, 'Livonia', 10, '2023-01-17 14:16:12'),
(2878, 98, 'Troy', 10, '2023-01-17 14:16:12'),
(2879, 98, 'Shelby Charter Township', 10, '2023-01-17 14:16:12'),
(2880, 98, 'Rochester Hills', 10, '2023-01-17 14:16:12'),
(2881, 98, 'Pontiac', 10, '2023-01-17 14:16:12'),
(2882, 98, 'Ypsilanti Charter Township', 10, '2023-01-17 14:16:12'),
(2883, 98, 'East Lansing', 10, '2023-01-17 14:16:12'),
(2884, 98, 'Portage', 10, '2023-01-17 14:16:12'),
(2885, 98, 'Grand Rapids', 10, '2023-01-17 14:16:12'),
(2886, 98, 'Ann Arbor', 10, '2023-01-17 14:16:13'),
(2887, 98, 'Clinton Charter Township', 10, '2023-01-17 14:16:13'),
(2888, 98, 'Farmington Hills', 10, '2023-01-17 14:16:13'),
(2889, 98, 'Wyoming', 10, '2023-01-17 14:16:13'),
(2890, 98, 'West Bloomfield Charter Township', 10, '2023-01-17 14:16:13'),
(2891, 98, 'Dearborn Heights', 10, '2023-01-17 14:16:13'),
(2892, 98, 'Battle Creek', 10, '2023-01-17 14:16:13'),
(2893, 98, 'Redford Charter Township', 10, '2023-01-17 14:16:13'),
(2894, 98, 'Chesterfield Township', 10, '2023-01-17 14:16:13'),
(2895, 98, 'Warren', 10, '2023-01-17 14:16:13'),
(2896, 98, 'Flint', 10, '2023-01-17 14:16:13'),
(2897, 98, 'Canton Charter Township', 10, '2023-01-17 14:16:13'),
(2898, 98, 'Macomb Township', 10, '2023-01-17 14:16:13'),
(2899, 98, 'Southfield', 10, '2023-01-17 14:16:13'),
(2900, 98, 'Taylor', 10, '2023-01-17 14:16:13'),
(2901, 98, 'Royal Oak', 10, '2023-01-17 14:16:13'),
(2902, 98, 'Saginaw', 10, '2023-01-17 14:16:13'),
(2903, 98, 'Roseville', 10, '2023-01-17 14:16:14'),
(2904, 98, 'Midland', 10, '2023-01-17 14:16:14'),
(2905, 98, 'Sterling Heights', 10, '2023-01-17 14:16:14'),
(2906, 98, 'Dearborn', 10, '2023-01-17 14:16:14'),
(2907, 98, 'Westland', 10, '2023-01-17 14:16:14'),
(2908, 98, 'Kalamazoo', 10, '2023-01-17 14:16:14'),
(2909, 98, 'Waterford Charter Township', 10, '2023-01-17 14:16:14'),
(2910, 98, 'St. Clair Shores', 10, '2023-01-17 14:16:14'),
(2911, 98, 'Novi', 10, '2023-01-17 14:16:14'),
(2912, 98, 'Kentwood', 10, '2023-01-17 14:16:14'),
(2913, 98, 'Georgetown Charter Township', 10, '2023-01-17 14:16:14'),
(2914, 98, 'Bloomfield Charter Township', 10, '2023-01-17 14:16:14'),
(2915, 99, 'Mineápolis', 10, '2023-01-17 14:16:14'),
(2916, 99, 'Bloomington', 10, '2023-01-17 14:16:14'),
(2917, 99, 'Coon Rapids', 10, '2023-01-17 14:16:14'),
(2918, 99, 'Minnetonka', 10, '2023-01-17 14:16:14'),
(2919, 99, 'Apple Valley', 10, '2023-01-17 14:16:15'),
(2920, 99, 'Maplewood', 10, '2023-01-17 14:16:15'),
(2921, 99, 'Moorhead', 10, '2023-01-17 14:16:15'),
(2922, 99, 'Fridley', 10, '2023-01-17 14:16:15'),
(2923, 99, 'Shoreview', 10, '2023-01-17 14:16:15'),
(2924, 99, 'Owatonna', 10, '2023-01-17 14:16:15'),
(2925, 99, 'Saint Paul', 10, '2023-01-17 14:16:15'),
(2926, 99, 'Brooklyn Park', 10, '2023-01-17 14:16:15'),
(2927, 99, 'Burnsville', 10, '2023-01-17 14:16:15'),
(2928, 99, 'Maple Grove', 10, '2023-01-17 14:16:15'),
(2929, 99, 'Blaine', 10, '2023-01-17 14:16:15'),
(2930, 99, 'Richfield', 10, '2023-01-17 14:16:15'),
(2931, 99, 'Cottage Grove', 10, '2023-01-17 14:16:15'),
(2932, 99, 'Winona', 10, '2023-01-17 14:16:15'),
(2933, 99, 'White Bear Lake', 10, '2023-01-17 14:16:15'),
(2934, 99, 'New Brighton', 10, '2023-01-17 14:16:16'),
(2935, 99, 'Duluth', 10, '2023-01-17 14:16:16'),
(2936, 99, 'Plymouth', 10, '2023-01-17 14:16:16'),
(2937, 99, 'St. Cloud', 10, '2023-01-17 14:16:16'),
(2938, 99, 'Edina', 10, '2023-01-17 14:16:16'),
(2939, 99, 'St. Louis Park', 10, '2023-01-17 14:16:16'),
(2940, 99, 'Roseville', 10, '2023-01-17 14:16:16'),
(2941, 99, 'Inver Grove Heights', 10, '2023-01-17 14:16:16'),
(2942, 99, 'Oakdale', 10, '2023-01-17 14:16:16'),
(2943, 99, 'Austin', 10, '2023-01-17 14:16:16'),
(2944, 99, 'Champlin', 10, '2023-01-17 14:16:16'),
(2945, 99, 'Rochester', 10, '2023-01-17 14:16:16'),
(2946, 99, 'Eagan', 10, '2023-01-17 14:16:16'),
(2947, 99, 'Eden Prairie', 10, '2023-01-17 14:16:16'),
(2948, 99, 'Woodbury', 10, '2023-01-17 14:16:16'),
(2949, 99, 'Lakeville', 10, '2023-01-17 14:16:16'),
(2950, 99, 'Mankato', 10, '2023-01-17 14:16:16'),
(2951, 99, 'Brooklyn Center', 10, '2023-01-17 14:16:16'),
(2952, 99, 'Andover', 10, '2023-01-17 14:16:16'),
(2953, 99, 'Crystal', 10, '2023-01-17 14:16:16'),
(2954, 99, 'Savage', 10, '2023-01-17 14:16:17'),
(2955, 100, 'Jackson', 10, '2023-01-17 14:16:17'),
(2956, 100, 'Greenville', 10, '2023-01-17 14:16:17'),
(2957, 100, 'Vicksburg', 10, '2023-01-17 14:16:17'),
(2958, 100, 'Pearl', 10, '2023-01-17 14:16:17'),
(2959, 100, 'Ridgeland', 10, '2023-01-17 14:16:17'),
(2960, 100, 'Long Beach', 10, '2023-01-17 14:16:17'),
(2961, 100, 'Grenada', 10, '2023-01-17 14:16:17'),
(2962, 100, 'Corinth', 10, '2023-01-17 14:16:17'),
(2963, 100, 'West Point', 10, '2023-01-17 14:16:17'),
(2964, 100, 'Picayune', 10, '2023-01-17 14:16:17'),
(2965, 100, 'Gulfport', 10, '2023-01-17 14:16:17'),
(2966, 100, 'Meridian', 10, '2023-01-17 14:16:17'),
(2967, 100, 'Pascagoula', 10, '2023-01-17 14:16:17'),
(2968, 100, 'Starkville', 10, '2023-01-17 14:16:17'),
(2969, 100, 'Natchez', 10, '2023-01-17 14:16:17'),
(2970, 100, 'Ocean Springs', 10, '2023-01-17 14:16:17'),
(2971, 100, 'Madison', 10, '2023-01-17 14:16:17'),
(2972, 100, 'Cleveland', 10, '2023-01-17 14:16:17'),
(2973, 100, 'Indianola', 10, '2023-01-17 14:16:17'),
(2974, 100, 'Brookhaven', 10, '2023-01-17 14:16:17'),
(2975, 100, 'Biloxi', 10, '2023-01-17 14:16:17'),
(2976, 100, 'Tupelo', 10, '2023-01-17 14:16:18'),
(2977, 100, 'Columbus', 10, '2023-01-17 14:16:18'),
(2978, 100, 'Olive Branch', 10, '2023-01-17 14:16:18'),
(2979, 100, 'Greenwood', 10, '2023-01-17 14:16:18'),
(2980, 100, 'Brandon', 10, '2023-01-17 14:16:18'),
(2981, 100, 'Yazoo City', 10, '2023-01-17 14:16:18'),
(2982, 100, 'McComb', 10, '2023-01-17 14:16:18'),
(2983, 100, 'Oxford', 10, '2023-01-17 14:16:18'),
(2984, 100, 'Booneville', 10, '2023-01-17 14:16:18'),
(2985, 100, 'Hattiesburg', 10, '2023-01-17 14:16:18'),
(2986, 100, 'Southaven', 10, '2023-01-17 14:16:18'),
(2987, 100, 'Clinton', 10, '2023-01-17 14:16:18'),
(2988, 100, 'Clarksdale', 10, '2023-01-17 14:16:18'),
(2989, 100, 'Laurel', 10, '2023-01-17 14:16:18'),
(2990, 100, 'Moss Point', 10, '2023-01-17 14:16:18'),
(2991, 100, 'Horn Lake', 10, '2023-01-17 14:16:18'),
(2992, 100, 'Canton', 10, '2023-01-17 14:16:18'),
(2993, 100, 'Gautier', 10, '2023-01-17 14:16:18'),
(2994, 100, 'Bay St. Louis', 10, '2023-01-17 14:16:18'),
(2995, 101, 'Kansas City', 10, '2023-01-17 14:16:18'),
(2996, 101, 'Lees Summit', 10, '2023-01-17 14:16:19'),
(2997, 101, 'Ofallon ', 10, '2023-01-17 14:16:19'),
(2998, 101, 'Cape Girardeau', 10, '2023-01-17 14:16:19');
INSERT INTO `nivelGeografico3` (`nivelGeografico3`, `idNivelGeografico2`, `nomNivelGeografico3`, `estadoNivelGeografico3`, `creacionNivelGeografico3`) VALUES
(2999, 101, 'Kirkwood', 10, '2023-01-17 14:16:19'),
(3000, 101, 'Maryland Heights', 10, '2023-01-17 14:16:19'),
(3001, 101, 'Belton', 10, '2023-01-17 14:16:19'),
(3002, 101, 'Hannibal', 10, '2023-01-17 14:16:19'),
(3003, 101, 'Poplar Bluff', 10, '2023-01-17 14:16:19'),
(3004, 101, 'Jennings', 10, '2023-01-17 14:16:19'),
(3005, 101, 'Springfield', 10, '2023-01-17 14:16:19'),
(3006, 101, 'Florissant', 10, '2023-01-17 14:16:19'),
(3007, 101, 'Joplin', 10, '2023-01-17 14:16:19'),
(3008, 101, 'Wildwood', 10, '2023-01-17 14:16:19'),
(3009, 101, 'Gladstone', 10, '2023-01-17 14:16:19'),
(3010, 101, 'Grandview', 10, '2023-01-17 14:16:19'),
(3011, 101, 'Sedalia', 10, '2023-01-17 14:16:19'),
(3012, 101, 'Sikeston', 10, '2023-01-17 14:16:19'),
(3013, 101, 'Rolla', 10, '2023-01-17 14:16:19'),
(3014, 101, 'Farmington', 10, '2023-01-17 14:16:20'),
(3015, 101, 'Independence', 10, '2023-01-17 14:16:20'),
(3016, 101, 'Blue Springs', 10, '2023-01-17 14:16:20'),
(3017, 101, 'Jefferson City', 10, '2023-01-17 14:16:20'),
(3018, 101, 'Ballwin', 10, '2023-01-17 14:16:20'),
(3019, 101, 'Liberty', 10, '2023-01-17 14:16:20'),
(3020, 101, 'Webster Groves', 10, '2023-01-17 14:16:20'),
(3021, 101, 'Arnold', 10, '2023-01-17 14:16:20'),
(3022, 101, 'Kirksville', 10, '2023-01-17 14:16:20'),
(3023, 101, 'Warrensburg', 10, '2023-01-17 14:16:20'),
(3024, 101, 'St. Ann', 10, '2023-01-17 14:16:20'),
(3025, 101, 'Columbia', 10, '2023-01-17 14:16:20'),
(3026, 101, 'Chesterfield', 10, '2023-01-17 14:16:20'),
(3027, 101, 'University City', 10, '2023-01-17 14:16:20'),
(3028, 101, 'Raytown', 10, '2023-01-17 14:16:20'),
(3029, 101, 'Hazelwood', 10, '2023-01-17 14:16:20'),
(3030, 101, 'Ferguson', 10, '2023-01-17 14:16:20'),
(3031, 101, 'Manchester', 10, '2023-01-17 14:16:21'),
(3032, 101, 'Overland', 10, '2023-01-17 14:16:21'),
(3033, 101, 'Bridgeton', 10, '2023-01-17 14:16:21'),
(3034, 101, 'Washington', 10, '2023-01-17 14:16:21'),
(3035, 102, 'Billings', 10, '2023-01-17 14:16:21'),
(3036, 102, 'Butte', 10, '2023-01-17 14:16:21'),
(3037, 102, 'Anaconda', 10, '2023-01-17 14:16:21'),
(3038, 102, 'Laurel', 10, '2023-01-17 14:16:21'),
(3039, 102, 'Glendive', 10, '2023-01-17 14:16:21'),
(3040, 102, 'Dillon', 10, '2023-01-17 14:16:21'),
(3041, 102, 'Deer Lodge', 10, '2023-01-17 14:16:21'),
(3042, 102, 'Conrad', 10, '2023-01-17 14:16:21'),
(3043, 102, 'East Helena', 10, '2023-01-17 14:16:21'),
(3044, 102, 'Three Forks', 10, '2023-01-17 14:16:21'),
(3045, 102, 'Missoula', 10, '2023-01-17 14:16:21'),
(3046, 102, 'Helena', 10, '2023-01-17 14:16:21'),
(3047, 102, 'Miles City', 10, '2023-01-17 14:16:21'),
(3048, 102, 'Whitefish', 10, '2023-01-17 14:16:22'),
(3049, 102, 'Columbia Falls', 10, '2023-01-17 14:16:22'),
(3050, 102, 'Hardin', 10, '2023-01-17 14:16:22'),
(3051, 102, 'Cut Bank', 10, '2023-01-17 14:16:22'),
(3052, 102, 'Colstrip', 10, '2023-01-17 14:16:22'),
(3053, 102, 'Columbus', 10, '2023-01-17 14:16:22'),
(3054, 102, 'Stevensville', 10, '2023-01-17 14:16:22'),
(3055, 102, 'Great Falls', 10, '2023-01-17 14:16:22'),
(3056, 102, 'Kalispell', 10, '2023-01-17 14:16:22'),
(3057, 102, 'Belgrade', 10, '2023-01-17 14:16:22'),
(3058, 102, 'Lewistown', 10, '2023-01-17 14:16:22'),
(3059, 102, 'Polson', 10, '2023-01-17 14:16:22'),
(3060, 102, 'Shelby', 10, '2023-01-17 14:16:22'),
(3061, 102, 'Libby', 10, '2023-01-17 14:16:22'),
(3062, 102, 'Red Lodge', 10, '2023-01-17 14:16:22'),
(3063, 102, 'Townsend', 10, '2023-01-17 14:16:22'),
(3064, 102, 'Roundup', 10, '2023-01-17 14:16:22'),
(3065, 102, 'Bozeman', 10, '2023-01-17 14:16:22'),
(3066, 102, 'Havre', 10, '2023-01-17 14:16:22'),
(3067, 102, 'Livingston', 10, '2023-01-17 14:16:23'),
(3068, 102, 'Sidney', 10, '2023-01-17 14:16:23'),
(3069, 102, 'Hamilton', 10, '2023-01-17 14:16:23'),
(3070, 102, 'Glasgow', 10, '2023-01-17 14:16:23'),
(3071, 102, 'Wolf Point', 10, '2023-01-17 14:16:23'),
(3072, 102, 'Malta', 10, '2023-01-17 14:16:23'),
(3073, 102, 'Ronan', 10, '2023-01-17 14:16:23'),
(3074, 102, 'Forsyth', 10, '2023-01-17 14:16:23'),
(3075, 103, 'Omaha', 10, '2023-01-17 14:16:23'),
(3076, 103, 'Kearney', 10, '2023-01-17 14:16:23'),
(3077, 103, 'Norfolk', 10, '2023-01-17 14:16:23'),
(3078, 103, 'Beatrice', 10, '2023-01-17 14:16:23'),
(3079, 103, 'Alliance', 10, '2023-01-17 14:16:23'),
(3080, 103, 'Blair', 10, '2023-01-17 14:16:23'),
(3081, 103, 'Ralston', 10, '2023-01-17 14:16:23'),
(3082, 103, 'Holdrege', 10, '2023-01-17 14:16:23'),
(3083, 103, 'Ogallala', 10, '2023-01-17 14:16:23'),
(3084, 103, 'Cozad', 10, '2023-01-17 14:16:23'),
(3085, 103, 'Lincoln', 10, '2023-01-17 14:16:23'),
(3086, 103, 'Fremont', 10, '2023-01-17 14:16:23'),
(3087, 103, 'Columbus', 10, '2023-01-17 14:16:23'),
(3088, 103, 'South Sioux City', 10, '2023-01-17 14:16:24'),
(3089, 103, 'York', 10, '2023-01-17 14:16:24'),
(3090, 103, 'Nebraska City', 10, '2023-01-17 14:16:24'),
(3091, 103, 'Sidney', 10, '2023-01-17 14:16:24'),
(3092, 103, 'Chadron', 10, '2023-01-17 14:16:24'),
(3093, 103, 'Falls City', 10, '2023-01-17 14:16:24'),
(3094, 103, 'Wahoo', 10, '2023-01-17 14:16:24'),
(3095, 103, 'Bellevue', 10, '2023-01-17 14:16:24'),
(3096, 103, 'Hastings', 10, '2023-01-17 14:16:24'),
(3097, 103, 'Papillion', 10, '2023-01-17 14:16:24'),
(3098, 103, 'La Vista', 10, '2023-01-17 14:16:24'),
(3099, 103, 'McCook', 10, '2023-01-17 14:16:24'),
(3100, 103, 'Plattsmouth', 10, '2023-01-17 14:16:24'),
(3101, 103, 'Elkhorn', 10, '2023-01-17 14:16:24'),
(3102, 103, 'Wayne', 10, '2023-01-17 14:16:24'),
(3103, 103, 'Fairbury', 10, '2023-01-17 14:16:24'),
(3104, 103, 'Oneill ', 10, '2023-01-17 14:16:24'),
(3105, 103, 'Grand Island', 10, '2023-01-17 14:16:24'),
(3106, 103, 'North Platte', 10, '2023-01-17 14:16:24'),
(3107, 103, 'Scottsbluff', 10, '2023-01-17 14:16:24'),
(3108, 103, 'Lexington', 10, '2023-01-17 14:16:24'),
(3109, 103, 'Gering', 10, '2023-01-17 14:16:25'),
(3110, 103, 'Seward', 10, '2023-01-17 14:16:25'),
(3111, 103, 'Crete', 10, '2023-01-17 14:16:25'),
(3112, 103, 'Schuyler', 10, '2023-01-17 14:16:25'),
(3113, 103, 'Aurora', 10, '2023-01-17 14:16:25'),
(3114, 103, 'West Point', 10, '2023-01-17 14:16:25'),
(3115, 104, 'Battle Mountain', 10, '2023-01-17 14:16:25'),
(3116, 104, 'Boulder City', 10, '2023-01-17 14:16:25'),
(3117, 104, 'Caliente', 10, '2023-01-17 14:16:25'),
(3118, 104, 'Carlin', 10, '2023-01-17 14:16:25'),
(3119, 104, 'Carson City', 10, '2023-01-17 14:16:25'),
(3120, 104, 'Elko', 10, '2023-01-17 14:16:25'),
(3121, 104, 'Ely', 10, '2023-01-17 14:16:25'),
(3122, 104, 'Eureka', 10, '2023-01-17 14:16:25'),
(3123, 104, 'Fallon', 10, '2023-01-17 14:16:25'),
(3124, 104, 'Fernley', 10, '2023-01-17 14:16:25'),
(3125, 104, 'Goldfield', 10, '2023-01-17 14:16:25'),
(3126, 104, 'Hawthorne', 10, '2023-01-17 14:16:25'),
(3127, 104, 'Henderson', 10, '2023-01-17 14:16:26'),
(3128, 104, 'Las Vegas', 10, '2023-01-17 14:16:26'),
(3129, 104, 'Lovelock', 10, '2023-01-17 14:16:26'),
(3130, 104, 'Mesquite', 10, '2023-01-17 14:16:26'),
(3131, 104, 'Minden', 10, '2023-01-17 14:16:26'),
(3132, 104, 'North Las Vegas', 10, '2023-01-17 14:16:26'),
(3133, 104, 'Pioche', 10, '2023-01-17 14:16:26'),
(3134, 104, 'Reno', 10, '2023-01-17 14:16:26'),
(3135, 104, 'Sparks', 10, '2023-01-17 14:16:26'),
(3136, 104, 'Tonopah', 10, '2023-01-17 14:16:26'),
(3137, 104, 'Virginia City', 10, '2023-01-17 14:16:26'),
(3138, 104, 'Wells', 10, '2023-01-17 14:16:26'),
(3139, 104, 'West Wendover', 10, '2023-01-17 14:16:26'),
(3140, 104, 'Winnemucca', 10, '2023-01-17 14:16:26'),
(3141, 104, 'Yerington', 10, '2023-01-17 14:16:26'),
(3142, 105, 'Mays Landing', 10, '2023-01-17 14:16:26'),
(3143, 105, 'Hackensack', 10, '2023-01-17 14:16:26'),
(3144, 105, 'Municipio de Mount Holly', 10, '2023-01-17 14:16:26'),
(3145, 105, 'Camden', 10, '2023-01-17 14:16:26'),
(3146, 105, 'Cape May Court House', 10, '2023-01-17 14:16:27'),
(3147, 105, 'Bridgeton', 10, '2023-01-17 14:16:27'),
(3148, 105, 'Newark', 10, '2023-01-17 14:16:27'),
(3149, 105, 'Woodbury', 10, '2023-01-17 14:16:27'),
(3150, 105, 'Jersey City', 10, '2023-01-17 14:16:27'),
(3151, 105, 'Flemington', 10, '2023-01-17 14:16:27'),
(3152, 105, 'Trenton', 10, '2023-01-17 14:16:27'),
(3153, 105, 'Nuevo Brunswick', 10, '2023-01-17 14:16:27'),
(3154, 105, 'Freehold Borough', 10, '2023-01-17 14:16:27'),
(3155, 105, 'Morristown', 10, '2023-01-17 14:16:27'),
(3156, 105, 'Toms River', 10, '2023-01-17 14:16:27'),
(3157, 105, 'Paterson', 10, '2023-01-17 14:16:27'),
(3158, 105, 'Salem', 10, '2023-01-17 14:16:27'),
(3159, 105, 'Somerville', 10, '2023-01-17 14:16:27'),
(3160, 105, 'Newton', 10, '2023-01-17 14:16:27'),
(3161, 105, 'Elizabeth', 10, '2023-01-17 14:16:27'),
(3162, 105, 'Belvidere', 10, '2023-01-17 14:16:28'),
(3163, 106, 'Albany', 10, '2023-01-17 14:16:28'),
(3164, 106, 'Belmont', 10, '2023-01-17 14:16:28'),
(3165, 106, 'Nueva York', 10, '2023-01-17 14:16:28'),
(3166, 106, 'Binghamton', 10, '2023-01-17 14:16:28'),
(3167, 106, 'Little Valley', 10, '2023-01-17 14:16:28'),
(3168, 106, 'Auburn', 10, '2023-01-17 14:16:28'),
(3169, 106, 'Mayville', 10, '2023-01-17 14:16:28'),
(3170, 106, 'Elmira', 10, '2023-01-17 14:16:28'),
(3171, 106, 'Norwich', 10, '2023-01-17 14:16:28'),
(3172, 106, 'Plattsburgh', 10, '2023-01-17 14:16:28'),
(3173, 106, 'Hudson', 10, '2023-01-17 14:16:28'),
(3174, 106, 'Cortland', 10, '2023-01-17 14:16:28'),
(3175, 106, 'Delhi', 10, '2023-01-17 14:16:28'),
(3176, 106, 'Poughkeepsie', 10, '2023-01-17 14:16:28'),
(3177, 106, 'Búfalo', 10, '2023-01-17 14:16:28'),
(3178, 106, 'Elizabethtown', 10, '2023-01-17 14:16:29'),
(3179, 106, 'Malone', 10, '2023-01-17 14:16:29'),
(3180, 106, 'Johnstown', 10, '2023-01-17 14:16:29'),
(3181, 106, 'Batavia', 10, '2023-01-17 14:16:29'),
(3182, 106, 'Catskill', 10, '2023-01-17 14:16:29'),
(3183, 106, 'Lake Pleasant', 10, '2023-01-17 14:16:29'),
(3184, 106, 'Herkimer', 10, '2023-01-17 14:16:29'),
(3185, 106, 'Watertown', 10, '2023-01-17 14:16:29'),
(3186, 106, 'Nueva York', 10, '2023-01-17 14:16:29'),
(3187, 106, 'Lowville', 10, '2023-01-17 14:16:29'),
(3188, 106, 'Geneseo', 10, '2023-01-17 14:16:29'),
(3189, 106, 'Wampsville', 10, '2023-01-17 14:16:29'),
(3190, 106, 'Rochester', 10, '2023-01-17 14:16:29'),
(3191, 106, 'Fonda', 10, '2023-01-17 14:16:29'),
(3192, 106, 'Mineola', 10, '2023-01-17 14:16:29'),
(3193, 106, 'Lockport', 10, '2023-01-17 14:16:29'),
(3194, 106, 'Nueva York', 10, '2023-01-17 14:16:30'),
(3195, 106, 'Utica', 10, '2023-01-17 14:16:30'),
(3196, 106, 'Siracusa', 10, '2023-01-17 14:16:30'),
(3197, 106, 'Canandaigua', 10, '2023-01-17 14:16:30'),
(3198, 106, 'Goshen', 10, '2023-01-17 14:16:30'),
(3199, 106, 'Albion', 10, '2023-01-17 14:16:30'),
(3200, 106, 'Oswego', 10, '2023-01-17 14:16:30'),
(3201, 106, 'Cooperstown', 10, '2023-01-17 14:16:30'),
(3202, 106, 'Carmel', 10, '2023-01-17 14:16:30'),
(3203, 106, 'Nueva York', 10, '2023-01-17 14:16:30'),
(3204, 106, 'Troy', 10, '2023-01-17 14:16:30'),
(3205, 106, 'Nueva York', 10, '2023-01-17 14:16:30'),
(3206, 106, 'New City', 10, '2023-01-17 14:16:30'),
(3207, 106, 'Canton', 10, '2023-01-17 14:16:30'),
(3208, 106, 'Ballston Spa', 10, '2023-01-17 14:16:30'),
(3209, 106, 'Schenectady', 10, '2023-01-17 14:16:30'),
(3210, 106, 'Schoharie', 10, '2023-01-17 14:16:30'),
(3211, 106, 'Watkins Glen', 10, '2023-01-17 14:16:31'),
(3212, 106, 'Ovid y Waterloo', 10, '2023-01-17 14:16:31'),
(3213, 106, 'Bath', 10, '2023-01-17 14:16:31'),
(3214, 106, 'Riverhead', 10, '2023-01-17 14:16:31'),
(3215, 106, 'Monticello', 10, '2023-01-17 14:16:31'),
(3216, 106, 'Owego', 10, '2023-01-17 14:16:31'),
(3217, 106, 'Ithaca', 10, '2023-01-17 14:16:31'),
(3218, 106, 'Kingston', 10, '2023-01-17 14:16:31'),
(3219, 106, 'Queensbury', 10, '2023-01-17 14:16:31'),
(3220, 106, 'Fort Edward', 10, '2023-01-17 14:16:31'),
(3221, 106, 'Lyons', 10, '2023-01-17 14:16:31'),
(3222, 106, 'White Plains', 10, '2023-01-17 14:16:31'),
(3223, 106, 'Warsaw', 10, '2023-01-17 14:16:31'),
(3224, 106, 'Penn Yan', 10, '2023-01-17 14:16:31'),
(3225, 107, 'Laconia', 10, '2023-01-17 14:16:31'),
(3226, 107, 'Ossipee', 10, '2023-01-17 14:16:31'),
(3227, 107, 'Keene', 10, '2023-01-17 14:16:31'),
(3228, 107, 'Lancaster', 10, '2023-01-17 14:16:31'),
(3229, 107, 'Haverhill', 10, '2023-01-17 14:16:32'),
(3230, 107, 'Manchester', 10, '2023-01-17 14:16:32'),
(3231, 107, 'Concord', 10, '2023-01-17 14:16:32'),
(3232, 107, 'Brentwood', 10, '2023-01-17 14:16:32'),
(3233, 107, 'Dover', 10, '2023-01-17 14:16:32'),
(3234, 107, 'Newport', 10, '2023-01-17 14:16:32'),
(3235, 107, 'Nashua', 10, '2023-01-17 14:16:32'),
(3236, 108, 'Albuquerque', 10, '2023-01-17 14:16:32'),
(3237, 108, 'Reserve', 10, '2023-01-17 14:16:32'),
(3238, 108, 'Roswell', 10, '2023-01-17 14:16:32'),
(3239, 108, 'Grants', 10, '2023-01-17 14:16:32'),
(3240, 108, 'Ratón', 10, '2023-01-17 14:16:32'),
(3241, 108, 'Clovis', 10, '2023-01-17 14:16:32'),
(3242, 108, 'Fort Sumner', 10, '2023-01-17 14:16:32'),
(3243, 108, 'Las Cruces', 10, '2023-01-17 14:16:32'),
(3244, 108, 'Carlsbad', 10, '2023-01-17 14:16:32'),
(3245, 108, 'Silver City', 10, '2023-01-17 14:16:32'),
(3246, 108, 'Santa Rosa', 10, '2023-01-17 14:16:32'),
(3247, 108, 'Mosquero', 10, '2023-01-17 14:16:33'),
(3248, 108, 'Lordsburg', 10, '2023-01-17 14:16:33'),
(3249, 108, 'Lovington', 10, '2023-01-17 14:16:33'),
(3250, 108, 'Carrizozo', 10, '2023-01-17 14:16:33'),
(3251, 108, 'Los Álamos', 10, '2023-01-17 14:16:33'),
(3252, 108, 'Deming', 10, '2023-01-17 14:16:33'),
(3253, 108, 'Gallup', 10, '2023-01-17 14:16:33'),
(3254, 108, 'Mora', 10, '2023-01-17 14:16:33'),
(3255, 108, 'Alamogordo', 10, '2023-01-17 14:16:33'),
(3256, 108, 'Tucumcari', 10, '2023-01-17 14:16:33'),
(3257, 108, 'Tierra Amarilla', 10, '2023-01-17 14:16:33'),
(3258, 108, 'Portales', 10, '2023-01-17 14:16:33'),
(3259, 108, 'Bernalillo', 10, '2023-01-17 14:16:33'),
(3260, 108, 'Aztec', 10, '2023-01-17 14:16:33'),
(3261, 108, 'Las Vegas', 10, '2023-01-17 14:16:33'),
(3262, 108, 'Santa Fe', 10, '2023-01-17 14:16:33'),
(3263, 108, 'Truth or Consequences', 10, '2023-01-17 14:16:33'),
(3264, 108, 'Socorro', 10, '2023-01-17 14:16:33'),
(3265, 108, 'Taos', 10, '2023-01-17 14:16:34'),
(3266, 108, 'Estancia', 10, '2023-01-17 14:16:34'),
(3267, 108, 'Clayton', 10, '2023-01-17 14:16:34'),
(3268, 108, 'Los Lunas', 10, '2023-01-17 14:16:34'),
(3269, 109, 'Columbus', 10, '2023-01-17 14:16:34'),
(3270, 109, 'Akron', 10, '2023-01-17 14:16:34'),
(3271, 109, 'Youngstown', 10, '2023-01-17 14:16:34'),
(3272, 109, 'Kettering', 10, '2023-01-17 14:16:34'),
(3273, 109, 'Euclid', 10, '2023-01-17 14:16:34'),
(3274, 109, 'Mentor', 10, '2023-01-17 14:16:34'),
(3275, 109, 'Fairfield', 10, '2023-01-17 14:16:34'),
(3276, 109, 'Lancaster', 10, '2023-01-17 14:16:34'),
(3277, 109, 'Westerville', 10, '2023-01-17 14:16:34'),
(3278, 109, 'Delaware', 10, '2023-01-17 14:16:34'),
(3279, 109, 'Cleveland', 10, '2023-01-17 14:16:34'),
(3280, 109, 'Dayton', 10, '2023-01-17 14:16:34'),
(3281, 109, 'Lorain', 10, '2023-01-17 14:16:34'),
(3282, 109, 'Elyria', 10, '2023-01-17 14:16:34'),
(3283, 109, 'Middletown', 10, '2023-01-17 14:16:34'),
(3284, 109, 'Cleveland Heights', 10, '2023-01-17 14:16:34'),
(3285, 109, 'Dublin', 10, '2023-01-17 14:16:35'),
(3286, 109, 'Lima', 10, '2023-01-17 14:16:35'),
(3287, 109, 'Reynoldsburg', 10, '2023-01-17 14:16:35'),
(3288, 109, 'Brunswick', 10, '2023-01-17 14:16:35'),
(3289, 109, 'Cincinnati', 10, '2023-01-17 14:16:35'),
(3290, 109, 'Parma', 10, '2023-01-17 14:16:35'),
(3291, 109, 'Hamilton', 10, '2023-01-17 14:16:35'),
(3292, 109, 'Lakewood', 10, '2023-01-17 14:16:35'),
(3293, 109, 'Mansfield', 10, '2023-01-17 14:16:35'),
(3294, 109, 'Beavercreek', 10, '2023-01-17 14:16:35'),
(3295, 109, 'Warren', 10, '2023-01-17 14:16:35'),
(3296, 109, 'Huber Heights', 10, '2023-01-17 14:16:35'),
(3297, 109, 'Grove City', 10, '2023-01-17 14:16:35'),
(3298, 109, 'Upper Arlington', 10, '2023-01-17 14:16:35'),
(3299, 109, 'Toledo', 10, '2023-01-17 14:16:35'),
(3300, 109, 'Canton', 10, '2023-01-17 14:16:35'),
(3301, 109, 'Springfield', 10, '2023-01-17 14:16:36'),
(3302, 109, 'Cuyahoga Falls', 10, '2023-01-17 14:16:36'),
(3303, 109, 'Newark', 10, '2023-01-17 14:16:36'),
(3304, 109, 'Strongsville', 10, '2023-01-17 14:16:36'),
(3305, 109, 'Findlay', 10, '2023-01-17 14:16:36'),
(3306, 109, 'Marion', 10, '2023-01-17 14:16:36'),
(3307, 109, 'Stow', 10, '2023-01-17 14:16:36'),
(3308, 109, 'Gahanna', 10, '2023-01-17 14:16:36'),
(3309, 110, 'Oklahoma City', 10, '2023-01-17 14:16:36'),
(3310, 110, 'Broken Arrow', 10, '2023-01-17 14:16:36'),
(3311, 110, 'Moore', 10, '2023-01-17 14:16:36'),
(3312, 110, 'Shawnee', 10, '2023-01-17 14:16:36'),
(3313, 110, 'Del City', 10, '2023-01-17 14:16:36'),
(3314, 110, 'Sapulpa', 10, '2023-01-17 14:16:36'),
(3315, 110, 'El Reno', 10, '2023-01-17 14:16:36'),
(3316, 110, 'Tahlequah', 10, '2023-01-17 14:16:36'),
(3317, 110, 'Mustang', 10, '2023-01-17 14:16:36'),
(3318, 110, 'Guymon', 10, '2023-01-17 14:16:37'),
(3319, 110, 'Tulsa', 10, '2023-01-17 14:16:37'),
(3320, 110, 'Edmond', 10, '2023-01-17 14:16:37'),
(3321, 110, 'Stillwater', 10, '2023-01-17 14:16:37'),
(3322, 110, 'Ponca City', 10, '2023-01-17 14:16:37'),
(3323, 110, 'Altus', 10, '2023-01-17 14:16:37'),
(3324, 110, 'Owasso', 10, '2023-01-17 14:16:37'),
(3325, 110, 'Claremore', 10, '2023-01-17 14:16:37'),
(3326, 110, 'Miami', 10, '2023-01-17 14:16:37'),
(3327, 110, 'Okmulgee', 10, '2023-01-17 14:16:37'),
(3328, 110, 'The Village', 10, '2023-01-17 14:16:37'),
(3329, 110, 'Norman', 10, '2023-01-17 14:16:37'),
(3330, 110, 'Midwest City', 10, '2023-01-17 14:16:37'),
(3331, 110, 'Muskogee', 10, '2023-01-17 14:16:37'),
(3332, 110, 'Ardmore', 10, '2023-01-17 14:16:37'),
(3333, 110, 'Yukon', 10, '2023-01-17 14:16:37'),
(3334, 110, 'McAlester', 10, '2023-01-17 14:16:37'),
(3335, 110, 'Chickasha', 10, '2023-01-17 14:16:37'),
(3336, 110, 'Durant', 10, '2023-01-17 14:16:38'),
(3337, 110, 'Woodward', 10, '2023-01-17 14:16:38'),
(3338, 110, 'Guthrie', 10, '2023-01-17 14:16:38'),
(3339, 110, 'Lawton', 10, '2023-01-17 14:16:38'),
(3340, 110, 'Enid', 10, '2023-01-17 14:16:38'),
(3341, 110, 'Bartlesville', 10, '2023-01-17 14:16:38'),
(3342, 110, 'Duncan', 10, '2023-01-17 14:16:38'),
(3343, 110, 'Bethany', 10, '2023-01-17 14:16:38'),
(3344, 110, 'Sand Springs', 10, '2023-01-17 14:16:38'),
(3345, 110, 'Ada', 10, '2023-01-17 14:16:38'),
(3346, 110, 'Bixby', 10, '2023-01-17 14:16:38'),
(3347, 110, 'Elk City', 10, '2023-01-17 14:16:38'),
(3348, 110, 'Weatherford', 10, '2023-01-17 14:16:38'),
(3349, 111, 'Portland', 10, '2023-01-17 14:16:38'),
(3350, 111, 'Beaverton', 10, '2023-01-17 14:16:38'),
(3351, 111, 'Bend', 10, '2023-01-17 14:16:38'),
(3352, 111, 'Lake Oswego', 10, '2023-01-17 14:16:38'),
(3353, 111, 'Grants Pass', 10, '2023-01-17 14:16:38'),
(3354, 111, 'Woodburn', 10, '2023-01-17 14:16:39'),
(3355, 111, 'Newberg', 10, '2023-01-17 14:16:39'),
(3356, 111, 'Wilsonville', 10, '2023-01-17 14:16:39'),
(3357, 111, 'Lebanon', 10, '2023-01-17 14:16:39'),
(3358, 111, 'La Grande', 10, '2023-01-17 14:16:39'),
(3359, 111, 'Eugene', 10, '2023-01-17 14:16:39'),
(3360, 111, 'Hillsboro', 10, '2023-01-17 14:16:39'),
(3361, 111, 'Corvallis', 10, '2023-01-17 14:16:39'),
(3362, 111, 'Keizer', 10, '2023-01-17 14:16:39'),
(3363, 111, 'Tualatin', 10, '2023-01-17 14:16:39'),
(3364, 111, 'Roseburg', 10, '2023-01-17 14:16:39'),
(3365, 111, 'Forest Grove', 10, '2023-01-17 14:16:39'),
(3366, 111, 'Troutdale', 10, '2023-01-17 14:16:39'),
(3367, 111, 'Canby', 10, '2023-01-17 14:16:39'),
(3368, 111, 'The Dalles', 10, '2023-01-17 14:16:39'),
(3369, 111, 'Salem', 10, '2023-01-17 14:16:39'),
(3370, 111, 'Medford', 10, '2023-01-17 14:16:39'),
(3371, 111, 'Tigard', 10, '2023-01-17 14:16:39'),
(3372, 111, 'McMinnville', 10, '2023-01-17 14:16:39'),
(3373, 111, 'West Linn', 10, '2023-01-17 14:16:39'),
(3374, 111, 'Ashland', 10, '2023-01-17 14:16:40'),
(3375, 111, 'Pendleton', 10, '2023-01-17 14:16:40'),
(3376, 111, 'Redmond', 10, '2023-01-17 14:16:40'),
(3377, 111, 'Central Point', 10, '2023-01-17 14:16:40'),
(3378, 111, 'Sherwood', 10, '2023-01-17 14:16:40'),
(3379, 111, 'Gresham', 10, '2023-01-17 14:16:40'),
(3380, 111, 'Springfield', 10, '2023-01-17 14:16:40'),
(3381, 111, 'Albany', 10, '2023-01-17 14:16:40'),
(3382, 111, 'Oregón City', 10, '2023-01-17 14:16:40'),
(3383, 111, 'Milwaukie', 10, '2023-01-17 14:16:40'),
(3384, 111, 'Klamath Falls', 10, '2023-01-17 14:16:40'),
(3385, 111, 'Coos Bay', 10, '2023-01-17 14:16:40'),
(3386, 111, 'Hermiston', 10, '2023-01-17 14:16:40'),
(3387, 111, 'Dallas', 10, '2023-01-17 14:16:40'),
(3388, 111, 'Gladstone', 10, '2023-01-17 14:16:40'),
(3389, 112, 'Filadelfia', 10, '2023-01-17 14:16:40'),
(3390, 112, 'Reading', 10, '2023-01-17 14:16:40'),
(3391, 112, 'Altoona', 10, '2023-01-17 14:16:41'),
(3392, 112, 'State College', 10, '2023-01-17 14:16:41'),
(3393, 112, 'Norristown', 10, '2023-01-17 14:16:41'),
(3394, 112, 'New Castle', 10, '2023-01-17 14:16:41'),
(3395, 112, 'Johnstown', 10, '2023-01-17 14:16:41'),
(3396, 112, 'Baldwin', 10, '2023-01-17 14:16:41'),
(3397, 112, 'Chambersburg', 10, '2023-01-17 14:16:41'),
(3398, 112, 'Lansdale', 10, '2023-01-17 14:16:41'),
(3399, 112, 'Pittsburgh', 10, '2023-01-17 14:16:41'),
(3400, 112, 'Scranton', 10, '2023-01-17 14:16:41'),
(3401, 112, 'Harrisburg', 10, '2023-01-17 14:16:41'),
(3402, 112, 'Chester', 10, '2023-01-17 14:16:41'),
(3403, 112, 'Williamsport', 10, '2023-01-17 14:16:41'),
(3404, 112, 'Easton', 10, '2023-01-17 14:16:41'),
(3405, 112, 'Hazleton', 10, '2023-01-17 14:16:41'),
(3406, 112, 'Wilkinsburg', 10, '2023-01-17 14:16:41'),
(3407, 112, 'West Chester', 10, '2023-01-17 14:16:41'),
(3408, 112, 'Greensburg', 10, '2023-01-17 14:16:41'),
(3409, 112, 'Allentown', 10, '2023-01-17 14:16:41'),
(3410, 112, 'Belén', 10, '2023-01-17 14:16:42'),
(3411, 112, 'Wilkes-Barre', 10, '2023-01-17 14:16:42'),
(3412, 112, 'Bethel Park', 10, '2023-01-17 14:16:42'),
(3413, 112, 'Monroeville', 10, '2023-01-17 14:16:42'),
(3414, 112, 'Lebanon', 10, '2023-01-17 14:16:42'),
(3415, 112, 'West Mifflin', 10, '2023-01-17 14:16:42'),
(3416, 112, 'Murrysville', 10, '2023-01-17 14:16:42'),
(3417, 112, 'Sharon', 10, '2023-01-17 14:16:42'),
(3418, 112, 'Pottsville', 10, '2023-01-17 14:16:42'),
(3419, 112, 'Erie', 10, '2023-01-17 14:16:42'),
(3420, 112, 'Lancaster', 10, '2023-01-17 14:16:42'),
(3421, 112, 'York', 10, '2023-01-17 14:16:42'),
(3422, 112, 'Municipio de Mt. Lebanon', 10, '2023-01-17 14:16:42'),
(3423, 112, 'Plum', 10, '2023-01-17 14:16:42'),
(3424, 112, 'McKeesport', 10, '2023-01-17 14:16:42'),
(3425, 112, 'Pottstown', 10, '2023-01-17 14:16:42'),
(3426, 112, 'Carlisle', 10, '2023-01-17 14:16:42'),
(3427, 112, 'Hermitage', 10, '2023-01-17 14:16:43'),
(3428, 112, 'Washington', 10, '2023-01-17 14:16:43'),
(3429, 113, 'Bristol', 10, '2023-01-17 14:16:43'),
(3430, 113, 'East Greenwich', 10, '2023-01-17 14:16:43'),
(3431, 113, 'Newport', 10, '2023-01-17 14:16:43'),
(3432, 113, 'Providence', 10, '2023-01-17 14:16:43'),
(3433, 113, 'Wakefield', 10, '2023-01-17 14:16:43'),
(3434, 114, 'Memphis', 10, '2023-01-17 14:16:43'),
(3435, 114, 'Clarksville', 10, '2023-01-17 14:16:43'),
(3436, 114, 'Kingsport', 10, '2023-01-17 14:16:43'),
(3437, 114, 'Germantown', 10, '2023-01-17 14:16:43'),
(3438, 114, 'Oak Ridge', 10, '2023-01-17 14:16:43'),
(3439, 114, 'Cookeville', 10, '2023-01-17 14:16:43'),
(3440, 114, 'East Ridge', 10, '2023-01-17 14:16:43'),
(3441, 114, 'Farragut', 10, '2023-01-17 14:16:43'),
(3442, 114, 'Springfield', 10, '2023-01-17 14:16:43'),
(3443, 114, 'McMinnville', 10, '2023-01-17 14:16:44'),
(3444, 114, 'Nashville', 10, '2023-01-17 14:16:44'),
(3445, 114, 'Murfreesboro', 10, '2023-01-17 14:16:44'),
(3446, 114, 'Franklin', 10, '2023-01-17 14:16:44'),
(3447, 114, 'Cleveland', 10, '2023-01-17 14:16:44'),
(3448, 114, 'Smyrna', 10, '2023-01-17 14:16:44'),
(3449, 114, 'Brentwood', 10, '2023-01-17 14:16:44'),
(3450, 114, 'Lebanon', 10, '2023-01-17 14:16:44'),
(3451, 114, 'Dyersburg', 10, '2023-01-17 14:16:44'),
(3452, 114, 'Goodlettsville', 10, '2023-01-17 14:16:44'),
(3453, 114, 'Red Bank', 10, '2023-01-17 14:16:44'),
(3454, 114, 'Knoxville', 10, '2023-01-17 14:16:44'),
(3455, 114, 'Jackson', 10, '2023-01-17 14:16:44'),
(3456, 114, 'Hendersonville', 10, '2023-01-17 14:16:44'),
(3457, 114, 'Columbia', 10, '2023-01-17 14:16:44'),
(3458, 114, 'Morristown', 10, '2023-01-17 14:16:44'),
(3459, 114, 'Gallatin', 10, '2023-01-17 14:16:44'),
(3460, 114, 'La Vergne', 10, '2023-01-17 14:16:44'),
(3461, 114, 'Shelbyville', 10, '2023-01-17 14:16:45'),
(3462, 114, 'Elizabethton', 10, '2023-01-17 14:16:45'),
(3463, 114, 'Mount Juliet', 10, '2023-01-17 14:16:45'),
(3464, 114, 'Chattanooga', 10, '2023-01-17 14:16:45'),
(3465, 114, 'Johnson City', 10, '2023-01-17 14:16:45'),
(3466, 114, 'Bartlett', 10, '2023-01-17 14:16:45'),
(3467, 114, 'Collierville', 10, '2023-01-17 14:16:45'),
(3468, 114, 'Bristol', 10, '2023-01-17 14:16:45'),
(3469, 114, 'Maryville', 10, '2023-01-17 14:16:45'),
(3470, 114, 'Tullahoma', 10, '2023-01-17 14:16:45'),
(3471, 114, 'Greeneville', 10, '2023-01-17 14:16:45'),
(3472, 114, 'Athens', 10, '2023-01-17 14:16:45'),
(3473, 114, 'Dickson', 10, '2023-01-17 14:16:45'),
(3474, 115, 'Salt Lake City', 10, '2023-01-17 14:16:45'),
(3475, 115, 'Orem', 10, '2023-01-17 14:16:45'),
(3476, 115, 'Layton', 10, '2023-01-17 14:16:45'),
(3477, 115, 'Lehi', 10, '2023-01-17 14:16:45'),
(3478, 115, 'Riverton', 10, '2023-01-17 14:16:45'),
(3479, 115, 'Cottonwood Heights', 10, '2023-01-17 14:16:45'),
(3480, 115, 'Cedar City', 10, '2023-01-17 14:16:45'),
(3481, 115, 'American Fork', 10, '2023-01-17 14:16:46'),
(3482, 115, 'Eagle Mountain', 10, '2023-01-17 14:16:46'),
(3483, 115, 'Farmington', 10, '2023-01-17 14:16:46'),
(3484, 115, 'West Valley City', 10, '2023-01-17 14:16:46'),
(3485, 115, 'Sandy', 10, '2023-01-17 14:16:46'),
(3486, 115, 'Taylorsville', 10, '2023-01-17 14:16:46'),
(3487, 115, 'Murray', 10, '2023-01-17 14:16:46'),
(3488, 115, 'Roy', 10, '2023-01-17 14:16:46'),
(3489, 115, 'Tooele', 10, '2023-01-17 14:16:46'),
(3490, 115, 'Midvale', 10, '2023-01-17 14:16:46'),
(3491, 115, 'Syracuse', 10, '2023-01-17 14:16:46'),
(3492, 115, 'Clinton', 10, '2023-01-17 14:16:46'),
(3493, 115, 'Brigham City', 10, '2023-01-17 14:16:46'),
(3494, 115, 'Provo', 10, '2023-01-17 14:16:46'),
(3495, 115, 'Ogden', 10, '2023-01-17 14:16:46'),
(3496, 115, 'South Jordan', 10, '2023-01-17 14:16:46'),
(3497, 115, 'Bountiful', 10, '2023-01-17 14:16:46'),
(3498, 115, 'Spanish Fork', 10, '2023-01-17 14:16:46'),
(3499, 115, 'Clearfield', 10, '2023-01-17 14:16:47'),
(3500, 115, 'Kaysville', 10, '2023-01-17 14:16:47'),
(3501, 115, 'South Salt Lake', 10, '2023-01-17 14:16:47'),
(3502, 115, 'Washington', 10, '2023-01-17 14:16:47'),
(3503, 115, 'Saratoga Springs', 10, '2023-01-17 14:16:47'),
(3504, 115, 'West Jordan', 10, '2023-01-17 14:16:47'),
(3505, 115, 'St. George', 10, '2023-01-17 14:16:47'),
(3506, 115, 'Logan', 10, '2023-01-17 14:16:47'),
(3507, 115, 'Draper', 10, '2023-01-17 14:16:47'),
(3508, 115, 'Pleasant Grove', 10, '2023-01-17 14:16:47'),
(3509, 115, 'Springville', 10, '2023-01-17 14:16:47'),
(3510, 115, 'Holladay', 10, '2023-01-17 14:16:47'),
(3511, 115, 'Herriman', 10, '2023-01-17 14:16:47'),
(3512, 115, 'Payson', 10, '2023-01-17 14:16:47'),
(3513, 115, 'North Ogden', 10, '2023-01-17 14:16:47'),
(3514, 116, 'Burlington', 10, '2023-01-17 14:16:47'),
(3515, 116, 'Bennington', 10, '2023-01-17 14:16:47'),
(3516, 116, 'Springfield', 10, '2023-01-17 14:16:47'),
(3517, 116, 'Montpelier', 10, '2023-01-17 14:16:47'),
(3518, 116, 'Swanton', 10, '2023-01-17 14:16:47'),
(3519, 116, 'Morristown', 10, '2023-01-17 14:16:48'),
(3520, 116, 'Derby', 10, '2023-01-17 14:16:48'),
(3521, 116, 'Stowe', 10, '2023-01-17 14:16:48'),
(3522, 116, 'Brandon', 10, '2023-01-17 14:16:48'),
(3523, 116, 'Windsor', 10, '2023-01-17 14:16:48'),
(3524, 116, 'Essex', 10, '2023-01-17 14:16:48'),
(3525, 116, 'Brattleboro', 10, '2023-01-17 14:16:48'),
(3526, 116, 'Barre', 10, '2023-01-17 14:16:48'),
(3527, 116, 'Williston', 10, '2023-01-17 14:16:48'),
(3528, 116, 'Northfield', 10, '2023-01-17 14:16:48'),
(3529, 116, 'Jericho', 10, '2023-01-17 14:16:48'),
(3530, 116, 'Georgia', 10, '2023-01-17 14:16:48'),
(3531, 116, 'Manchester', 10, '2023-01-17 14:16:48'),
(3532, 116, 'Bristol', 10, '2023-01-17 14:16:48'),
(3533, 116, 'Poultney', 10, '2023-01-17 14:16:48'),
(3534, 116, 'South Burlington', 10, '2023-01-17 14:16:48'),
(3535, 116, 'Hartford', 10, '2023-01-17 14:16:48'),
(3536, 116, 'Essex Junction', 10, '2023-01-17 14:16:48'),
(3537, 116, 'St. Johnsbury', 10, '2023-01-17 14:16:48'),
(3538, 116, 'Lyndon', 10, '2023-01-17 14:16:49'),
(3539, 116, 'Waterbury', 10, '2023-01-17 14:16:49'),
(3540, 116, 'Castleton', 10, '2023-01-17 14:16:49'),
(3541, 116, 'Richmond', 10, '2023-01-17 14:16:49'),
(3542, 116, 'Shaftsbury', 10, '2023-01-17 14:16:49'),
(3543, 116, 'Charlotte', 10, '2023-01-17 14:16:49'),
(3544, 116, 'Colchester', 10, '2023-01-17 14:16:49'),
(3545, 116, 'Milton', 10, '2023-01-17 14:16:49'),
(3546, 116, 'Middlebury', 10, '2023-01-17 14:16:49'),
(3547, 116, 'Shelburne', 10, '2023-01-17 14:16:49'),
(3548, 116, 'Rockingham', 10, '2023-01-17 14:16:49'),
(3549, 116, 'Randolph', 10, '2023-01-17 14:16:49'),
(3550, 116, 'Hinesburg', 10, '2023-01-17 14:16:49'),
(3551, 116, 'Rutland', 10, '2023-01-17 14:16:49'),
(3552, 116, 'Fairfax', 10, '2023-01-17 14:16:49'),
(3553, 116, 'Pownal', 10, '2023-01-17 14:16:49'),
(3554, 117, 'Virginia Beach', 10, '2023-01-17 14:16:50'),
(3555, 117, 'Richmond', 10, '2023-01-17 14:16:50'),
(3556, 117, 'Roanoke', 10, '2023-01-17 14:16:50'),
(3557, 117, 'Harrisonburg', 10, '2023-01-17 14:16:50'),
(3558, 117, 'Manassas', 10, '2023-01-17 14:16:50'),
(3559, 117, 'Salem', 10, '2023-01-17 14:16:50'),
(3560, 117, 'Fairfax', 10, '2023-01-17 14:16:50'),
(3561, 117, 'Colonial Heights', 10, '2023-01-17 14:16:50'),
(3562, 117, 'Manassas Park', 10, '2023-01-17 14:16:50'),
(3563, 117, 'Falls Church', 10, '2023-01-17 14:16:50'),
(3564, 117, 'Norfolk', 10, '2023-01-17 14:16:50'),
(3565, 117, 'Newport News', 10, '2023-01-17 14:16:50'),
(3566, 117, 'Portsmouth', 10, '2023-01-17 14:16:50'),
(3567, 117, 'Charlottesville', 10, '2023-01-17 14:16:50'),
(3568, 117, 'Petersburg', 10, '2023-01-17 14:16:50'),
(3569, 117, 'Fredericksburg', 10, '2023-01-17 14:16:50'),
(3570, 117, 'Herndon', 10, '2023-01-17 14:16:50'),
(3571, 117, 'Christiansburg', 10, '2023-01-17 14:16:51'),
(3572, 117, 'Williamsburg', 10, '2023-01-17 14:16:51'),
(3573, 117, 'Poquoson', 10, '2023-01-17 14:16:51'),
(3574, 117, 'Arlington', 10, '2023-01-17 14:16:51'),
(3575, 117, 'Alexandria', 10, '2023-01-17 14:16:51'),
(3576, 117, 'Suffolk', 10, '2023-01-17 14:16:51'),
(3577, 117, 'Danville', 10, '2023-01-17 14:16:51'),
(3578, 117, 'Leesburg', 10, '2023-01-17 14:16:51'),
(3579, 117, 'Staunton', 10, '2023-01-17 14:16:51'),
(3580, 117, 'Waynesboro', 10, '2023-01-17 14:16:51'),
(3581, 117, 'Radford', 10, '2023-01-17 14:16:51'),
(3582, 117, 'Martinsville', 10, '2023-01-17 14:16:51'),
(3583, 117, 'Culpeper', 10, '2023-01-17 14:16:51'),
(3584, 117, 'Chesapeake', 10, '2023-01-17 14:16:51'),
(3585, 117, 'Hampton', 10, '2023-01-17 14:16:51'),
(3586, 117, 'Lynchburg', 10, '2023-01-17 14:16:51'),
(3587, 117, 'Blacksburg', 10, '2023-01-17 14:16:51'),
(3588, 117, 'Winchester', 10, '2023-01-17 14:16:51'),
(3589, 117, 'Hopewell', 10, '2023-01-17 14:16:52'),
(3590, 117, 'Bristol', 10, '2023-01-17 14:16:52'),
(3591, 117, 'Vienna', 10, '2023-01-17 14:16:52'),
(3592, 117, 'Front Royal', 10, '2023-01-17 14:16:52'),
(3593, 117, 'Pulaski', 10, '2023-01-17 14:16:52'),
(3594, 118, 'Barbour', 10, '2023-01-17 14:16:52'),
(3595, 118, 'Berkeley', 10, '2023-01-17 14:16:52'),
(3596, 118, 'Boone', 10, '2023-01-17 14:16:52'),
(3597, 118, 'Braxton', 10, '2023-01-17 14:16:52'),
(3598, 118, 'Brooke', 10, '2023-01-17 14:16:52'),
(3599, 118, 'Cabell', 10, '2023-01-17 14:16:52'),
(3600, 118, 'Calhoun', 10, '2023-01-17 14:16:52'),
(3601, 118, 'Clay', 10, '2023-01-17 14:16:52'),
(3602, 118, 'Doddridge', 10, '2023-01-17 14:16:52'),
(3603, 118, 'Fayette', 10, '2023-01-17 14:16:52'),
(3604, 118, 'Gilmer', 10, '2023-01-17 14:16:52'),
(3605, 118, 'Grant', 10, '2023-01-17 14:16:52'),
(3606, 118, 'Greenbrier', 10, '2023-01-17 14:16:52'),
(3607, 118, 'Hampshire', 10, '2023-01-17 14:16:52'),
(3608, 118, 'Hancock', 10, '2023-01-17 14:16:52'),
(3609, 118, 'Hardy', 10, '2023-01-17 14:16:53'),
(3610, 118, 'Harrison', 10, '2023-01-17 14:16:53'),
(3611, 118, 'Jackson', 10, '2023-01-17 14:16:53'),
(3612, 118, 'Jefferson', 10, '2023-01-17 14:16:53'),
(3613, 118, 'Kanawha', 10, '2023-01-17 14:16:53'),
(3614, 118, 'Lewis', 10, '2023-01-17 14:16:53'),
(3615, 118, 'Lincoln', 10, '2023-01-17 14:16:53'),
(3616, 118, 'Logan', 10, '2023-01-17 14:16:53'),
(3617, 118, 'Marion', 10, '2023-01-17 14:16:53'),
(3618, 118, 'Marshall', 10, '2023-01-17 14:16:53'),
(3619, 118, 'Mason', 10, '2023-01-17 14:16:53'),
(3620, 118, 'McDowell', 10, '2023-01-17 14:16:53'),
(3621, 118, 'Mercer', 10, '2023-01-17 14:16:53'),
(3622, 118, 'Mineral', 10, '2023-01-17 14:16:53'),
(3623, 118, 'Mingo', 10, '2023-01-17 14:16:53'),
(3624, 118, 'Monongalia', 10, '2023-01-17 14:16:53'),
(3625, 118, 'Monroe', 10, '2023-01-17 14:16:53'),
(3626, 118, 'Morgan', 10, '2023-01-17 14:16:53'),
(3627, 118, 'Nicholas', 10, '2023-01-17 14:16:53'),
(3628, 118, 'Ohio', 10, '2023-01-17 14:16:53'),
(3629, 118, 'Pendleton', 10, '2023-01-17 14:16:53'),
(3630, 118, 'Pleasants', 10, '2023-01-17 14:16:53'),
(3631, 118, 'Pocahontas', 10, '2023-01-17 14:16:54'),
(3632, 118, 'Preston', 10, '2023-01-17 14:16:54'),
(3633, 118, 'Putnam', 10, '2023-01-17 14:16:54'),
(3634, 118, 'Raleigh', 10, '2023-01-17 14:16:54'),
(3635, 118, 'Randolph', 10, '2023-01-17 14:16:54'),
(3636, 118, 'Ritchie', 10, '2023-01-17 14:16:54'),
(3637, 118, 'Roane', 10, '2023-01-17 14:16:54'),
(3638, 118, 'Summers', 10, '2023-01-17 14:16:54'),
(3639, 118, 'Taylor', 10, '2023-01-17 14:16:54'),
(3640, 118, 'Tucker', 10, '2023-01-17 14:16:54'),
(3641, 118, 'Tyler', 10, '2023-01-17 14:16:54'),
(3642, 118, 'Upshur', 10, '2023-01-17 14:16:54'),
(3643, 118, 'Wayne', 10, '2023-01-17 14:16:54'),
(3644, 118, 'Webster', 10, '2023-01-17 14:16:54'),
(3645, 118, 'Wetzel', 10, '2023-01-17 14:16:54'),
(3646, 118, 'Wirt', 10, '2023-01-17 14:16:54'),
(3647, 118, 'Wood', 10, '2023-01-17 14:16:54'),
(3648, 118, 'Wyoming', 10, '2023-01-17 14:16:54'),
(3649, 119, 'Seattle', 10, '2023-01-17 14:16:54'),
(3650, 119, 'Bellevue', 10, '2023-01-17 14:16:54'),
(3651, 119, 'Renton', 10, '2023-01-17 14:16:54'),
(3652, 119, 'Kennewick', 10, '2023-01-17 14:16:55'),
(3653, 119, 'Lakewood', 10, '2023-01-17 14:16:55'),
(3654, 119, 'Richland', 10, '2023-01-17 14:16:55'),
(3655, 119, 'Edmonds', 10, '2023-01-17 14:16:55'),
(3656, 119, 'Lynnwood', 10, '2023-01-17 14:16:55'),
(3657, 119, 'Mount Vernon', 10, '2023-01-17 14:16:55'),
(3658, 119, 'Pullman', 10, '2023-01-17 14:16:55'),
(3659, 119, 'Spokane', 10, '2023-01-17 14:16:55'),
(3660, 119, 'Everett', 10, '2023-01-17 14:16:55'),
(3661, 119, 'Spokane Valley', 10, '2023-01-17 14:16:55'),
(3662, 119, 'Auburn', 10, '2023-01-17 14:16:55'),
(3663, 119, 'Redmond', 10, '2023-01-17 14:16:55'),
(3664, 119, 'Olympia', 10, '2023-01-17 14:16:55'),
(3665, 119, 'Bremerton', 10, '2023-01-17 14:16:55'),
(3666, 119, 'Bothell', 10, '2023-01-17 14:16:55'),
(3667, 119, 'Walla Walla', 10, '2023-01-17 14:16:55'),
(3668, 119, 'Des Moines', 10, '2023-01-17 14:16:55'),
(3669, 119, 'Tacoma', 10, '2023-01-17 14:16:56'),
(3670, 119, 'Kent', 10, '2023-01-17 14:16:56'),
(3671, 119, 'Federal Way', 10, '2023-01-17 14:16:56'),
(3672, 119, 'Marysville', 10, '2023-01-17 14:16:56'),
(3673, 119, 'Shoreline', 10, '2023-01-17 14:16:56'),
(3674, 119, 'Sammamish', 10, '2023-01-17 14:16:56'),
(3675, 119, 'Puyallup', 10, '2023-01-17 14:16:56'),
(3676, 119, 'Burien', 10, '2023-01-17 14:16:56'),
(3677, 119, 'University Place', 10, '2023-01-17 14:16:56'),
(3678, 119, 'Lake Stevens', 10, '2023-01-17 14:16:56'),
(3679, 119, 'Vancouver', 10, '2023-01-17 14:16:56'),
(3680, 119, 'Yakima', 10, '2023-01-17 14:16:56'),
(3681, 119, 'Bellingham', 10, '2023-01-17 14:16:56'),
(3682, 119, 'Pasco', 10, '2023-01-17 14:16:56'),
(3683, 119, 'Kirkland', 10, '2023-01-17 14:16:56'),
(3684, 119, 'Lacey', 10, '2023-01-17 14:16:56'),
(3685, 119, 'Longview', 10, '2023-01-17 14:16:57'),
(3686, 119, 'Wenatchee', 10, '2023-01-17 14:16:57'),
(3687, 119, 'Issaquah', 10, '2023-01-17 14:16:57'),
(3688, 119, 'SeaTac', 10, '2023-01-17 14:16:57'),
(3689, 120, 'Milwaukee', 10, '2023-01-17 14:16:57'),
(3690, 120, 'Racine', 10, '2023-01-17 14:16:57'),
(3691, 120, 'Eau Claire', 10, '2023-01-17 14:16:57'),
(3692, 120, 'Sheboygan', 10, '2023-01-17 14:16:57'),
(3693, 120, 'Wausau', 10, '2023-01-17 14:16:57'),
(3694, 120, 'Franklin', 10, '2023-01-17 14:16:57'),
(3695, 120, 'West Bend', 10, '2023-01-17 14:16:57'),
(3696, 120, 'Neenah', 10, '2023-01-17 14:16:57'),
(3697, 120, 'De Pere', 10, '2023-01-17 14:16:57'),
(3698, 120, 'South Milwaukee', 10, '2023-01-17 14:16:57'),
(3699, 120, 'Madison', 10, '2023-01-17 14:16:57'),
(3700, 120, 'Appleton', 10, '2023-01-17 14:16:57'),
(3701, 120, 'Janesville', 10, '2023-01-17 14:16:58'),
(3702, 120, 'Wauwatosa', 10, '2023-01-17 14:16:58'),
(3703, 120, 'Brookfield', 10, '2023-01-17 14:16:58'),
(3704, 120, 'Oak Creek', 10, '2023-01-17 14:16:58'),
(3705, 120, 'Sun Prairie', 10, '2023-01-17 14:16:58'),
(3706, 120, 'Fitchburg', 10, '2023-01-17 14:16:58'),
(3707, 120, 'Caledonia', 10, '2023-01-17 14:16:58'),
(3708, 120, 'Marshfield', 10, '2023-01-17 14:16:58'),
(3709, 120, 'Green Bay', 10, '2023-01-17 14:16:58'),
(3710, 120, 'Waukesha', 10, '2023-01-17 14:16:58'),
(3711, 120, 'West Allis', 10, '2023-01-17 14:16:58'),
(3712, 120, 'Fond du Lac', 10, '2023-01-17 14:16:58'),
(3713, 120, 'Beloit', 10, '2023-01-17 14:16:58'),
(3714, 120, 'Manitowoc', 10, '2023-01-17 14:16:58'),
(3715, 120, 'Superior', 10, '2023-01-17 14:16:58'),
(3716, 120, 'Muskego', 10, '2023-01-17 14:16:58'),
(3717, 120, 'Mount Pleasant', 10, '2023-01-17 14:16:58'),
(3718, 120, 'Wisconsin Rapids', 10, '2023-01-17 14:16:58'),
(3719, 120, 'Kenosha', 10, '2023-01-17 14:16:59'),
(3720, 120, 'Oshkosh', 10, '2023-01-17 14:16:59'),
(3721, 120, 'La Crosse', 10, '2023-01-17 14:16:59'),
(3722, 120, 'New Berlin', 10, '2023-01-17 14:16:59'),
(3723, 120, 'Greenfield', 10, '2023-01-17 14:16:59'),
(3724, 120, 'Menomonee Falls', 10, '2023-01-17 14:16:59'),
(3725, 120, 'Stevens Point', 10, '2023-01-17 14:16:59'),
(3726, 120, 'Watertown', 10, '2023-01-17 14:16:59'),
(3727, 120, 'Mequon', 10, '2023-01-17 14:16:59'),
(3728, 120, 'Cudahy', 10, '2023-01-17 14:16:59'),
(3729, 121, 'Afton', 10, '2023-01-17 14:16:59'),
(3730, 121, 'Albin', 10, '2023-01-17 14:16:59'),
(3731, 121, 'Alpine', 10, '2023-01-17 14:16:59'),
(3732, 121, 'Baggs', 10, '2023-01-17 14:16:59'),
(3733, 121, 'Bairoil', 10, '2023-01-17 14:16:59'),
(3734, 121, 'Bar Nunn', 10, '2023-01-17 14:16:59'),
(3735, 121, 'Basin', 10, '2023-01-17 14:16:59'),
(3736, 121, 'Bear River', 10, '2023-01-17 14:16:59'),
(3737, 121, 'Big Piney', 10, '2023-01-17 14:16:59'),
(3738, 121, 'Buffalo', 10, '2023-01-17 14:17:00'),
(3739, 121, 'Burlington', 10, '2023-01-17 14:17:00'),
(3740, 121, 'Burns', 10, '2023-01-17 14:17:00'),
(3741, 121, 'Byron', 10, '2023-01-17 14:17:00'),
(3742, 121, 'Casper', 10, '2023-01-17 14:17:00'),
(3743, 121, 'Cheyenne', 10, '2023-01-17 14:17:00'),
(3744, 121, 'Chugwater', 10, '2023-01-17 14:17:00'),
(3745, 121, 'Clearmont', 10, '2023-01-17 14:17:00'),
(3746, 121, 'Cody', 10, '2023-01-17 14:17:00'),
(3747, 121, 'Cokeville', 10, '2023-01-17 14:17:00'),
(3748, 121, 'Cowley', 10, '2023-01-17 14:17:00'),
(3749, 121, 'Dayton', 10, '2023-01-17 14:17:00'),
(3750, 121, 'Deaver', 10, '2023-01-17 14:17:00'),
(3751, 121, 'Diamondville', 10, '2023-01-17 14:17:00'),
(3752, 121, 'Dixon', 10, '2023-01-17 14:17:00'),
(3753, 121, 'Douglas', 10, '2023-01-17 14:17:00'),
(3754, 121, 'Dubois', 10, '2023-01-17 14:17:00'),
(3755, 121, 'East Thermopolis', 10, '2023-01-17 14:17:00'),
(3756, 121, 'Edgerton', 10, '2023-01-17 14:17:00'),
(3757, 121, 'Elk Mountain', 10, '2023-01-17 14:17:00'),
(3758, 121, 'Evanston', 10, '2023-01-17 14:17:01'),
(3759, 121, 'Evansville', 10, '2023-01-17 14:17:01'),
(3760, 121, 'Fort Laramie', 10, '2023-01-17 14:17:01'),
(3761, 121, 'Frannie', 10, '2023-01-17 14:17:01'),
(3762, 121, 'Gillette', 10, '2023-01-17 14:17:01'),
(3763, 121, 'Glendo', 10, '2023-01-17 14:17:01'),
(3764, 121, 'Glenrock', 10, '2023-01-17 14:17:01'),
(3765, 121, 'Encampment', 10, '2023-01-17 14:17:01'),
(3766, 121, 'Granger', 10, '2023-01-17 14:17:01'),
(3767, 121, 'Green River', 10, '2023-01-17 14:17:01'),
(3768, 121, 'Greybull', 10, '2023-01-17 14:17:01'),
(3769, 121, 'Guernsey', 10, '2023-01-17 14:17:01'),
(3770, 121, 'Hanna', 10, '2023-01-17 14:17:01'),
(3771, 121, 'Hartville', 10, '2023-01-17 14:17:01'),
(3772, 121, 'Hudson', 10, '2023-01-17 14:17:01'),
(3773, 121, 'Hulett', 10, '2023-01-17 14:17:01'),
(3774, 121, 'Jackson', 10, '2023-01-17 14:17:01'),
(3775, 121, 'Kaycee', 10, '2023-01-17 14:17:01'),
(3776, 121, 'Kemmerer', 10, '2023-01-17 14:17:02'),
(3777, 121, 'Kirby', 10, '2023-01-17 14:17:02'),
(3778, 121, 'La Barge', 10, '2023-01-17 14:17:02'),
(3779, 121, 'La Grange', 10, '2023-01-17 14:17:02'),
(3780, 121, 'Lander', 10, '2023-01-17 14:17:02'),
(3781, 121, 'Laramie', 10, '2023-01-17 14:17:02'),
(3782, 121, 'Lingle', 10, '2023-01-17 14:17:02'),
(3783, 121, 'Lost Springs', 10, '2023-01-17 14:17:02'),
(3784, 121, 'Lovell', 10, '2023-01-17 14:17:02'),
(3785, 121, 'Lusk', 10, '2023-01-17 14:17:02'),
(3786, 121, 'Lyman', 10, '2023-01-17 14:17:02'),
(3787, 121, 'Manderson', 10, '2023-01-17 14:17:02'),
(3788, 121, 'Manville', 10, '2023-01-17 14:17:02'),
(3789, 121, 'Marbleton', 10, '2023-01-17 14:17:02'),
(3790, 121, 'Medicine Bow', 10, '2023-01-17 14:17:02'),
(3791, 121, 'Meeteetse', 10, '2023-01-17 14:17:02'),
(3792, 121, 'Midwest', 10, '2023-01-17 14:17:02'),
(3793, 121, 'Mills', 10, '2023-01-17 14:17:03'),
(3794, 121, 'Moorcroft', 10, '2023-01-17 14:17:03'),
(3795, 121, 'Mountain View', 10, '2023-01-17 14:17:03'),
(3796, 121, 'Newcastle', 10, '2023-01-17 14:17:03'),
(3797, 121, 'Opal', 10, '2023-01-17 14:17:03'),
(3798, 121, 'Pavillion', 10, '2023-01-17 14:17:03'),
(3799, 121, 'Pine Bluffs', 10, '2023-01-17 14:17:03'),
(3800, 121, 'Pinedale', 10, '2023-01-17 14:17:03'),
(3801, 121, 'Pine Haven', 10, '2023-01-17 14:17:03'),
(3802, 121, 'Powell', 10, '2023-01-17 14:17:03'),
(3803, 121, 'Ranchester', 10, '2023-01-17 14:17:03'),
(3804, 121, 'Rawlins', 10, '2023-01-17 14:17:03'),
(3805, 121, 'Riverside', 10, '2023-01-17 14:17:03'),
(3806, 121, 'Riverton', 10, '2023-01-17 14:17:03'),
(3807, 121, 'Rock River', 10, '2023-01-17 14:17:03'),
(3808, 121, 'Rock Springs', 10, '2023-01-17 14:17:03'),
(3809, 121, 'Rolling Hills', 10, '2023-01-17 14:17:03'),
(3810, 121, 'Saratoga', 10, '2023-01-17 14:17:04'),
(3811, 121, 'Sheridan', 10, '2023-01-17 14:17:04'),
(3812, 121, 'Shoshoni', 10, '2023-01-17 14:17:04'),
(3813, 121, 'Sinclair', 10, '2023-01-17 14:17:04'),
(3814, 121, 'Star Valley Ranch', 10, '2023-01-17 14:17:04'),
(3815, 121, 'Sundance', 10, '2023-01-17 14:17:04'),
(3816, 121, 'Superior', 10, '2023-01-17 14:17:04'),
(3817, 121, 'Ten Sleep', 10, '2023-01-17 14:17:04'),
(3818, 121, 'Thayne', 10, '2023-01-17 14:17:04'),
(3819, 121, 'Thermopolis', 10, '2023-01-17 14:17:04'),
(3820, 121, 'Torrington', 10, '2023-01-17 14:17:04'),
(3821, 121, 'Upton', 10, '2023-01-17 14:17:04'),
(3822, 121, 'Van Tassell', 10, '2023-01-17 14:17:04'),
(3823, 121, 'Wamsutter', 10, '2023-01-17 14:17:04'),
(3824, 121, 'Wheatland', 10, '2023-01-17 14:17:04'),
(3825, 121, 'Worland', 10, '2023-01-17 14:17:04'),
(3826, 121, 'Wright', 10, '2023-01-17 14:17:04'),
(3827, 121, 'Yoder', 10, '2023-01-17 14:17:05'),
(3828, 34, 'Achacachi', 10, '2023-01-18 13:47:03'),
(3829, 34, 'Alto Beni ', 10, '2023-01-18 13:47:03'),
(3830, 34, 'Ancoraimes', 10, '2023-01-18 13:47:03'),
(3831, 34, 'Apolo ', 10, '2023-01-18 13:47:03'),
(3832, 34, 'Aucapata', 10, '2023-01-18 13:47:04'),
(3833, 34, 'Ayata', 10, '2023-01-18 13:47:04'),
(3834, 34, 'Ayo Ayo', 10, '2023-01-18 13:47:04'),
(3835, 34, 'Batallas ', 10, '2023-01-18 13:47:04'),
(3836, 34, 'Cairoma', 10, '2023-01-18 13:47:04'),
(3837, 34, 'Cajuata', 10, '2023-01-18 13:47:04'),
(3838, 34, 'Calacoto ', 10, '2023-01-18 13:47:04'),
(3839, 34, 'Calamarca ', 10, '2023-01-18 13:47:04'),
(3840, 34, 'Callapa ', 10, '2023-01-18 13:47:04'),
(3841, 34, 'Caquiaviri', 10, '2023-01-18 13:47:04'),
(3842, 34, 'Carabuco', 10, '2023-01-18 13:47:04'),
(3843, 34, 'Caranavi', 10, '2023-01-18 13:47:04'),
(3844, 34, 'Catacora', 10, '2023-01-18 13:47:05'),
(3845, 34, 'Chacarilla ', 10, '2023-01-18 13:47:05'),
(3846, 34, 'Charaña', 10, '2023-01-18 13:47:05'),
(3847, 34, 'Charazani', 10, '2023-01-18 13:47:05'),
(3848, 34, 'Chua Cocani', 10, '2023-01-18 13:47:05'),
(3849, 34, 'Chulumani', 10, '2023-01-18 13:47:05'),
(3850, 34, 'Chuma', 10, '2023-01-18 13:47:05'),
(3851, 34, 'Collana ', 10, '2023-01-18 13:47:05'),
(3852, 34, 'Colquencha ', 10, '2023-01-18 13:47:05'),
(3853, 34, 'Colquiri', 10, '2023-01-18 13:47:05'),
(3854, 34, 'Comanche ', 10, '2023-01-18 13:47:05'),
(3855, 34, 'Combaya ', 10, '2023-01-18 13:47:05'),
(3856, 34, 'Concejales de La Paz', 10, '2023-01-18 13:47:05'),
(3857, 34, 'Copacabana ', 10, '2023-01-18 13:47:05'),
(3858, 34, 'Coripata', 10, '2023-01-18 13:47:05'),
(3859, 34, 'Coro Coro', 10, '2023-01-18 13:47:06'),
(3860, 34, 'Coroico', 10, '2023-01-18 13:47:06'),
(3861, 34, 'Curahuara', 10, '2023-01-18 13:47:06'),
(3862, 34, 'Curva ', 10, '2023-01-18 13:47:06'),
(3863, 34, 'Desaguadero ', 10, '2023-01-18 13:47:06'),
(3864, 34, 'Escoma', 10, '2023-01-18 13:47:06'),
(3865, 34, 'Guanay ', 10, '2023-01-18 13:47:06'),
(3866, 34, 'Guaqui', 10, '2023-01-18 13:47:06'),
(3867, 34, 'Huarina', 10, '2023-01-18 13:47:06'),
(3868, 34, 'Huatajata', 10, '2023-01-18 13:47:06'),
(3869, 34, 'Humanata', 10, '2023-01-18 13:47:06'),
(3870, 34, 'Ichoca', 10, '2023-01-18 13:47:06'),
(3871, 34, 'Inquisivi', 10, '2023-01-18 13:47:06'),
(3872, 34, 'Irupana', 10, '2023-01-18 13:47:06'),
(3873, 34, 'Ixiamas', 10, '2023-01-18 13:47:06'),
(3874, 34, 'Jesús de Machaca', 10, '2023-01-18 13:47:06'),
(3875, 34, 'Laja ', 10, '2023-01-18 13:47:06'),
(3876, 34, 'Licoma Pampa', 10, '2023-01-18 13:47:07'),
(3877, 34, 'Luribay', 10, '2023-01-18 13:47:07'),
(3878, 34, 'La Asunta', 10, '2023-01-18 13:47:07'),
(3879, 34, 'Malla ', 10, '2023-01-18 13:47:07'),
(3880, 34, 'Mapiri', 10, '2023-01-18 13:47:07'),
(3881, 34, 'Mapiri ', 10, '2023-01-18 13:47:07'),
(3882, 34, 'Mecapaca', 10, '2023-01-18 13:47:07'),
(3883, 34, 'Moco Moco', 10, '2023-01-18 13:47:07'),
(3884, 34, 'Nazacara de Pacajes ', 10, '2023-01-18 13:47:07'),
(3885, 34, 'Palca ', 10, '2023-01-18 13:47:07'),
(3886, 34, 'Palos Blancos', 10, '2023-01-18 13:47:07'),
(3887, 34, 'Papel Pampa', 10, '2023-01-18 13:47:07'),
(3888, 34, 'Patacamaya', 10, '2023-01-18 13:47:07'),
(3889, 34, 'Pelechuco ', 10, '2023-01-18 13:47:07'),
(3890, 34, 'Pucarani', 10, '2023-01-18 13:47:07'),
(3891, 34, 'Puerto Acosta', 10, '2023-01-18 13:47:07'),
(3892, 34, 'Puerto Pérez', 10, '2023-01-18 13:47:08'),
(3893, 34, 'Quiabaya ', 10, '2023-01-18 13:47:08'),
(3894, 34, 'Quime', 10, '2023-01-18 13:47:08'),
(3895, 34, 'San Andrés de Machaca', 10, '2023-01-18 13:47:08'),
(3896, 34, 'San Buenaventura ', 10, '2023-01-18 13:47:08'),
(3897, 34, 'San Pedro de Tiquina', 10, '2023-01-18 13:47:08'),
(3898, 34, 'Santiago de Huata', 10, '2023-01-18 13:47:08'),
(3899, 34, 'Santiago de Machaca', 10, '2023-01-18 13:47:08'),
(3900, 34, 'Sapahaqui', 10, '2023-01-18 13:47:08'),
(3901, 34, 'Sica Sica', 10, '2023-01-18 13:47:08'),
(3902, 34, 'Sorata', 10, '2023-01-18 13:47:08'),
(3903, 34, 'Sorata ', 10, '2023-01-18 13:47:08'),
(3904, 34, 'Tacacoma ', 10, '2023-01-18 13:47:08'),
(3905, 34, 'Taraco ', 10, '2023-01-18 13:47:08'),
(3906, 34, 'Teoponte ', 10, '2023-01-18 13:47:08'),
(3907, 34, 'Tipuani', 10, '2023-01-18 13:47:08'),
(3908, 34, 'Tipuani ', 10, '2023-01-18 13:47:08'),
(3909, 34, 'Tito Yupanqui', 10, '2023-01-18 13:47:08'),
(3910, 34, 'Umala ', 10, '2023-01-18 13:47:08'),
(3911, 34, 'Viacha', 10, '2023-01-18 13:47:08'),
(3912, 34, 'Waldo Ballivián ', 10, '2023-01-18 13:47:08'),
(3913, 34, 'Yaco ', 10, '2023-01-18 13:47:08'),
(3914, 34, 'Yanacachi', 10, '2023-01-18 13:47:09'),
(3915, 43, 'Trinidad', 10, '2023-01-18 13:47:09'),
(3916, 43, 'Riberalta', 10, '2023-01-18 13:47:09'),
(3917, 43, 'Guayaramerín', 10, '2023-01-18 13:47:09'),
(3918, 43, 'San Borja', 10, '2023-01-18 13:47:09'),
(3919, 43, 'San Ignacio', 10, '2023-01-18 13:47:09'),
(3920, 43, 'Rurrenabaque', 10, '2023-01-18 13:47:09'),
(3921, 43, 'Santa Ana del Yacuma', 10, '2023-01-18 13:47:09'),
(3922, 43, 'Reyes', 10, '2023-01-18 13:47:09'),
(3923, 43, 'San Andrés', 10, '2023-01-18 13:47:09'),
(3924, 43, 'Magdalena', 10, '2023-01-18 13:47:09'),
(3925, 43, 'Santa Rosa', 10, '2023-01-18 13:47:09'),
(3926, 43, 'San Joaquín', 10, '2023-01-18 13:47:09'),
(3927, 43, 'Exaltación', 10, '2023-01-18 13:47:09'),
(3928, 43, 'Baures', 10, '2023-01-18 13:47:09'),
(3929, 43, 'San Javier', 10, '2023-01-18 13:47:09'),
(3930, 43, 'San Ramón', 10, '2023-01-18 13:47:09'),
(3931, 43, 'Huacaraje', 10, '2023-01-18 13:47:09'),
(3932, 43, 'Loreto', 10, '2023-01-18 13:47:10'),
(3933, 43, 'Puerto Siles', 10, '2023-01-18 13:47:10'),
(3934, 44, 'Azurduy', 10, '2023-01-18 13:47:10'),
(3935, 44, 'Camargo', 10, '2023-01-18 13:47:10'),
(3936, 44, 'Culpina', 10, '2023-01-18 13:47:10'),
(3937, 44, 'El Villar', 10, '2023-01-18 13:47:10'),
(3938, 44, 'Huacareta', 10, '2023-01-18 13:47:10'),
(3939, 44, 'Huacaya', 10, '2023-01-18 13:47:10'),
(3940, 44, 'Icla', 10, '2023-01-18 13:47:10'),
(3941, 44, 'Incahuasi', 10, '2023-01-18 13:47:10'),
(3942, 44, 'Las Carreras', 10, '2023-01-18 13:47:10'),
(3943, 44, 'Macharetí', 10, '2023-01-18 13:47:10'),
(3944, 44, 'Mojocoya', 10, '2023-01-18 13:47:10'),
(3945, 44, 'Monteagudo', 10, '2023-01-18 13:47:10'),
(3946, 44, 'Padilla', 10, '2023-01-18 13:47:10'),
(3947, 44, 'Poroma', 10, '2023-01-18 13:47:10'),
(3948, 44, 'Presto', 10, '2023-01-18 13:47:11'),
(3949, 44, 'San Lucas', 10, '2023-01-18 13:47:11'),
(3950, 44, 'Sopachuy', 10, '2023-01-18 13:47:11'),
(3951, 44, 'Tarabuco', 10, '2023-01-18 13:47:11'),
(3952, 44, 'Tarvita', 10, '2023-01-18 13:47:11'),
(3953, 44, 'Tomina', 10, '2023-01-18 13:47:11'),
(3954, 44, 'Villa Alcalá', 10, '2023-01-18 13:47:11'),
(3955, 44, 'Villa Charcas', 10, '2023-01-18 13:47:11'),
(3956, 44, 'Villa Serrano', 10, '2023-01-18 13:47:11'),
(3957, 44, 'Villa Vaca Guzmán', 10, '2023-01-18 13:47:11'),
(3958, 44, 'Yamparáez', 10, '2023-01-18 13:47:11'),
(3959, 44, 'Yotala', 10, '2023-01-18 13:47:11'),
(3960, 44, 'Zudáñez', 10, '2023-01-18 13:47:11'),
(3961, 45, 'Cochabamba', 10, '2023-01-18 13:47:11'),
(3962, 45, 'Sacaba', 10, '2023-01-18 13:47:11'),
(3963, 45, 'Quillacollo', 10, '2023-01-18 13:47:11'),
(3964, 45, 'Villa Tunari', 10, '2023-01-18 13:47:11'),
(3965, 45, 'Tiquipaya', 10, '2023-01-18 13:47:11'),
(3966, 45, 'Colcapirhua', 10, '2023-01-18 13:47:12'),
(3967, 45, 'Vinto', 10, '2023-01-18 13:47:12'),
(3968, 45, 'Puerto Villaroel', 10, '2023-01-18 13:47:12'),
(3969, 45, 'Sipe Sipe', 10, '2023-01-18 13:47:12'),
(3970, 45, 'Entre Ríos', 10, '2023-01-18 13:47:12'),
(3971, 45, 'Punata', 10, '2023-01-18 13:47:12'),
(3972, 45, 'Mizque', 10, '2023-01-18 13:47:12'),
(3973, 45, 'Tapacari', 10, '2023-01-18 13:47:12'),
(3974, 45, 'Independencia', 10, '2023-01-18 13:47:12'),
(3975, 45, 'Aiquile', 10, '2023-01-18 13:47:12'),
(3976, 45, 'Cliza', 10, '2023-01-18 13:47:12'),
(3977, 45, 'Chimoré', 10, '2023-01-18 13:47:12'),
(3978, 45, 'Tiraque', 10, '2023-01-18 13:47:12'),
(3979, 45, 'Shinahota', 10, '2023-01-18 13:47:12'),
(3980, 45, 'Colomi', 10, '2023-01-18 13:47:12'),
(3981, 45, 'Capinota', 10, '2023-01-18 13:47:12'),
(3982, 45, 'Cocapata', 10, '2023-01-18 13:47:12'),
(3983, 45, 'Arbieto', 10, '2023-01-18 13:47:13'),
(3984, 45, 'Totora', 10, '2023-01-18 13:47:13'),
(3985, 45, 'San Benito', 10, '2023-01-18 13:47:13'),
(3986, 45, 'Morochata', 10, '2023-01-18 13:47:13');
INSERT INTO `nivelGeografico3` (`nivelGeografico3`, `idNivelGeografico2`, `nomNivelGeografico3`, `estadoNivelGeografico3`, `creacionNivelGeografico3`) VALUES
(3987, 45, 'Pocona', 10, '2023-01-18 13:47:13'),
(3988, 45, 'Arque', 10, '2023-01-18 13:47:13'),
(3989, 45, 'Tacopaya', 10, '2023-01-18 13:47:13'),
(3990, 45, 'Pojo', 10, '2023-01-18 13:47:13'),
(3991, 45, 'Arani', 10, '2023-01-18 13:47:13'),
(3992, 45, 'Vacas', 10, '2023-01-18 13:47:13'),
(3993, 45, 'Tarata', 10, '2023-01-18 13:47:13'),
(3994, 45, 'Villa Rivero', 10, '2023-01-18 13:47:13'),
(3995, 45, 'Bolívar', 10, '2023-01-18 13:47:13'),
(3996, 45, 'Anzaldo', 10, '2023-01-18 13:47:13'),
(3997, 45, 'Toco', 10, '2023-01-18 13:47:13'),
(3998, 45, 'Pasorapa', 10, '2023-01-18 13:47:13'),
(3999, 45, 'Santiváñez', 10, '2023-01-18 13:47:13'),
(4000, 45, 'Omereque', 10, '2023-01-18 13:47:13'),
(4001, 45, 'Tolata', 10, '2023-01-18 13:47:13'),
(4002, 45, 'Vila Vila', 10, '2023-01-18 13:47:14'),
(4003, 45, 'Sacabamba', 10, '2023-01-18 13:47:14'),
(4004, 45, 'Sicaya', 10, '2023-01-18 13:47:14'),
(4005, 45, 'Alalay', 10, '2023-01-18 13:47:14'),
(4006, 45, 'Cuchumuela', 10, '2023-01-18 13:47:14'),
(4007, 45, 'Tacachi', 10, '2023-01-18 13:47:14'),
(4008, 46, 'Eucaliptus', 10, '2023-01-18 13:47:14'),
(4009, 46, 'Oruro', 10, '2023-01-18 13:47:14'),
(4010, 46, 'Huanuni', 10, '2023-01-18 13:47:14'),
(4011, 46, 'Poopó', 10, '2023-01-18 13:47:14'),
(4012, 46, 'Santiago de Huari', 10, '2023-01-18 13:47:14'),
(4013, 46, 'Challapata', 10, '2023-01-18 13:47:14'),
(4014, 46, 'Huayllamarca', 10, '2023-01-18 13:47:14'),
(4015, 46, 'Totora', 10, '2023-01-18 13:47:14'),
(4016, 46, 'Corque', 10, '2023-01-18 13:47:14'),
(4017, 46, 'Santiago de Andamarca', 10, '2023-01-18 13:47:14'),
(4018, 46, 'Salinas de Garcí Mendoza', 10, '2023-01-18 13:47:14'),
(4019, 46, 'Huachacalla', 10, '2023-01-18 13:47:14'),
(4020, 46, 'Curahuara de Carangas', 10, '2023-01-18 13:47:15'),
(4021, 46, 'Sabaya', 10, '2023-01-18 13:47:15'),
(4022, 46, 'La Rivera', 10, '2023-01-18 13:47:15'),
(4023, 47, 'Cobija', 10, '2023-01-18 13:47:15'),
(4024, 47, 'Sena', 10, '2023-01-18 13:47:15'),
(4025, 47, 'Puerto Gonzalo Moreno', 10, '2023-01-18 13:47:15'),
(4026, 47, 'San Lorenzo', 10, '2023-01-18 13:47:15'),
(4027, 47, 'Porvenir', 10, '2023-01-18 13:47:15'),
(4028, 47, 'Puerto Rico', 10, '2023-01-18 13:47:15'),
(4029, 47, 'Filadelfia', 10, '2023-01-18 13:47:15'),
(4030, 47, 'Bella Flor', 10, '2023-01-18 13:47:15'),
(4031, 47, 'San Pedro', 10, '2023-01-18 13:47:15'),
(4032, 47, 'Villa Nueva', 10, '2023-01-18 13:47:15'),
(4033, 47, 'Santa Rosa del Abuná', 10, '2023-01-18 13:47:15'),
(4034, 47, 'Bolpebra', 10, '2023-01-18 13:47:15'),
(4035, 47, 'Santos Mercado', 10, '2023-01-18 13:47:15'),
(4036, 47, 'Nueva Esperanza', 10, '2023-01-18 13:47:16'),
(4037, 47, 'Ingavi', 10, '2023-01-18 13:47:16'),
(4038, 48, 'Acasio', 10, '2023-01-18 13:47:16'),
(4039, 48, 'Arampampa', 10, '2023-01-18 13:47:16'),
(4040, 48, 'Atocha ', 10, '2023-01-18 13:47:16'),
(4041, 48, 'Caiza D', 10, '2023-01-18 13:47:16'),
(4042, 48, 'Caripuyo', 10, '2023-01-18 13:47:16'),
(4043, 48, 'Chaquí', 10, '2023-01-18 13:47:16'),
(4044, 48, 'Chayanta', 10, '2023-01-18 13:47:16'),
(4045, 48, 'Chuquihuta', 10, '2023-01-18 13:47:16'),
(4046, 48, 'Ckochas', 10, '2023-01-18 13:47:16'),
(4047, 48, 'Colcha K', 10, '2023-01-18 13:47:16'),
(4048, 48, 'Colquechaca', 10, '2023-01-18 13:47:16'),
(4049, 48, 'Betanzos ', 10, '2023-01-18 13:47:16'),
(4050, 48, 'Llallagua', 10, '2023-01-18 13:47:16'),
(4051, 48, 'Llica', 10, '2023-01-18 13:47:16'),
(4052, 48, 'Mojinete', 10, '2023-01-18 13:47:16'),
(4053, 48, 'Ocurí ', 10, '2023-01-18 13:47:16'),
(4054, 48, 'Pocoata', 10, '2023-01-18 13:47:16'),
(4055, 48, 'Porco', 10, '2023-01-18 13:47:17'),
(4056, 48, 'Puna ', 10, '2023-01-18 13:47:17'),
(4057, 48, 'Ravelo', 10, '2023-01-18 13:47:17'),
(4058, 48, 'Sacaca', 10, '2023-01-18 13:47:17'),
(4059, 48, 'San Agustín ', 10, '2023-01-18 13:47:17'),
(4060, 48, 'San Antonio de Esmoruco', 10, '2023-01-18 13:47:17'),
(4061, 48, 'San Pablo de Lípez', 10, '2023-01-18 13:47:17'),
(4062, 48, 'San Pedro de Buena Vista', 10, '2023-01-18 13:47:17'),
(4063, 48, 'San Pedro de Macha', 10, '2023-01-18 13:47:17'),
(4064, 48, 'San Pedro de Quemes', 10, '2023-01-18 13:47:17'),
(4065, 48, 'Santiago de Cotagaita', 10, '2023-01-18 13:47:17'),
(4066, 48, 'Tacobamba', 10, '2023-01-18 13:47:17'),
(4067, 48, 'Tahua', 10, '2023-01-18 13:47:17'),
(4068, 48, 'Tinguipaya', 10, '2023-01-18 13:47:17'),
(4069, 48, 'Tomave', 10, '2023-01-18 13:47:17'),
(4070, 48, 'Toro Toro', 10, '2023-01-18 13:47:17'),
(4071, 48, 'Tupiza', 10, '2023-01-18 13:47:17'),
(4072, 48, 'Uncía', 10, '2023-01-18 13:47:17'),
(4073, 48, 'Urmiri', 10, '2023-01-18 13:47:18'),
(4074, 48, 'Uyuni', 10, '2023-01-18 13:47:18'),
(4075, 48, 'Villazón', 10, '2023-01-18 13:47:18'),
(4076, 48, 'Vitichi', 10, '2023-01-18 13:47:18'),
(4077, 48, 'Yocalla', 10, '2023-01-18 13:47:18'),
(4078, 49, 'Santa Cruz de la Sierra', 10, '2023-01-18 13:47:18'),
(4079, 49, 'Cotoca', 10, '2023-01-18 13:47:18'),
(4080, 49, 'Porongo o Ayacucho', 10, '2023-01-18 13:47:18'),
(4081, 49, 'La Guardia', 10, '2023-01-18 13:47:18'),
(4082, 49, 'El Torno', 10, '2023-01-18 13:47:18'),
(4083, 49, 'San Matías', 10, '2023-01-18 13:47:18'),
(4084, 49, 'Comarapa', 10, '2023-01-18 13:47:18'),
(4085, 49, 'Saipina', 10, '2023-01-18 13:47:18'),
(4086, 49, 'San José de Chiquitos', 10, '2023-01-18 13:47:18'),
(4087, 49, 'Pailón', 10, '2023-01-18 13:47:18'),
(4088, 49, 'Roboré', 10, '2023-01-18 13:47:18'),
(4089, 49, 'Lagunillas', 10, '2023-01-18 13:47:18'),
(4090, 49, 'Charagua', 10, '2023-01-18 13:47:18'),
(4091, 49, 'Cabezas', 10, '2023-01-18 13:47:19'),
(4092, 49, 'Cuevo', 10, '2023-01-18 13:47:19'),
(4093, 49, 'Gutiérrez', 10, '2023-01-18 13:47:19'),
(4094, 49, 'Camiri', 10, '2023-01-18 13:47:19'),
(4095, 49, 'Boyuibe', 10, '2023-01-18 13:47:19'),
(4096, 49, 'Samaipata', 10, '2023-01-18 13:47:19'),
(4097, 49, 'Pampagrande', 10, '2023-01-18 13:47:19'),
(4098, 49, 'Mairana', 10, '2023-01-18 13:47:19'),
(4099, 49, 'Quirusillas', 10, '2023-01-18 13:47:19'),
(4100, 49, 'Puerto Suárez', 10, '2023-01-18 13:47:19'),
(4101, 49, 'Puerto Quijarro', 10, '2023-01-18 13:47:19'),
(4102, 49, 'El Carmen Rivero Tórrez', 10, '2023-01-18 13:47:19'),
(4103, 49, 'Ascensión de Guarayos', 10, '2023-01-18 13:47:19'),
(4104, 49, 'Urubichá', 10, '2023-01-18 13:47:19'),
(4105, 49, 'El Puente', 10, '2023-01-18 13:47:19'),
(4106, 49, 'Buena Vista', 10, '2023-01-18 13:47:19'),
(4107, 49, 'San Carlos', 10, '2023-01-18 13:47:19'),
(4108, 49, 'Yapacaní', 10, '2023-01-18 13:47:19'),
(4109, 49, 'San Juan de Yapacaní', 10, '2023-01-18 13:47:20'),
(4110, 49, 'Concepción', 10, '2023-01-18 13:47:20'),
(4111, 49, 'San Javier', 10, '2023-01-18 13:47:20'),
(4112, 49, 'San Ramón', 10, '2023-01-18 13:47:20'),
(4113, 49, 'San Julián', 10, '2023-01-18 13:47:20'),
(4114, 49, 'San Antonio de Lomerío', 10, '2023-01-18 13:47:20'),
(4115, 49, 'Cuatro Cañadas', 10, '2023-01-18 13:47:20'),
(4116, 49, 'Montero', 10, '2023-01-18 13:47:20'),
(4117, 49, 'General Saavedra', 10, '2023-01-18 13:47:21'),
(4118, 49, 'Mineros', 10, '2023-01-18 13:47:21'),
(4119, 49, 'Fernández Alonso', 10, '2023-01-18 13:47:21'),
(4120, 49, 'San Pedro', 10, '2023-01-18 13:47:21'),
(4121, 49, 'Portachuelo', 10, '2023-01-18 13:47:21'),
(4122, 49, 'Santa Rosa del Sara', 10, '2023-01-18 13:47:21'),
(4123, 49, 'Colpa Bélgica', 10, '2023-01-18 13:47:21'),
(4124, 49, 'Vallegrande', 10, '2023-01-18 13:47:21'),
(4125, 49, 'El Trigal', 10, '2023-01-18 13:47:21'),
(4126, 49, 'Moro Moro', 10, '2023-01-18 13:47:21'),
(4127, 49, 'Postrervalle', 10, '2023-01-18 13:47:21'),
(4128, 49, 'Pucara', 10, '2023-01-18 13:47:21'),
(4129, 49, 'San Ignacio de Velasco', 10, '2023-01-18 13:47:21'),
(4130, 49, 'San Miguel de Velasco', 10, '2023-01-18 13:47:21'),
(4131, 49, 'San Rafael de Velasco', 10, '2023-01-18 13:47:22'),
(4132, 49, 'Warnes', 10, '2023-01-18 13:47:22'),
(4133, 49, 'Okinawa I', 10, '2023-01-18 13:47:22'),
(4134, 50, 'Entre Ríos', 10, '2023-01-18 13:47:22'),
(4135, 50, 'Tarija', 10, '2023-01-18 13:47:22'),
(4136, 50, 'Uriondo', 10, '2023-01-18 13:47:22'),
(4137, 50, 'Yunchará', 10, '2023-01-18 13:47:22'),
(4138, 50, 'San Lorenzo', 10, '2023-01-18 13:47:22'),
(4139, 50, 'El Puente', 10, '2023-01-18 13:47:22'),
(4140, 50, 'Yacuiba', 10, '2023-01-18 13:47:22'),
(4141, 50, 'Caraparí', 10, '2023-01-18 13:47:22'),
(4142, 50, 'Villamontes', 10, '2023-01-18 13:47:22'),
(4143, 50, 'Padcaya', 10, '2023-01-18 13:47:22'),
(4144, 50, 'Bermejo', 10, '2023-01-18 13:47:23'),
(4145, 35, 'Lima', 10, '2023-01-18 13:47:23'),
(4146, 35, 'Comas', 10, '2023-01-18 13:47:23'),
(4147, 35, 'Los Olivos', 10, '2023-01-18 13:47:23'),
(4148, 35, 'Carabayllo', 10, '2023-01-18 13:47:23'),
(4149, 35, 'El Agustino', 10, '2023-01-18 13:47:23'),
(4150, 35, 'San Miguel', 10, '2023-01-18 13:47:23'),
(4151, 35, 'Surquillo', 10, '2023-01-18 13:47:23'),
(4152, 35, 'Breña', 10, '2023-01-18 13:47:23'),
(4153, 35, 'Huacho', 10, '2023-01-18 13:47:23'),
(4154, 35, 'Magdalena Del Mar', 10, '2023-01-18 13:47:23'),
(4155, 35, 'San Juan de Lurigancho', 10, '2023-01-18 13:47:24'),
(4156, 35, 'Villa El Salvador', 10, '2023-01-18 13:47:24'),
(4157, 35, 'Puente Piedra', 10, '2023-01-18 13:47:24'),
(4158, 35, 'Santa Anita', 10, '2023-01-18 13:47:24'),
(4159, 35, 'La Victoria', 10, '2023-01-18 13:47:24'),
(4160, 35, 'Pachacamac', 10, '2023-01-18 13:47:24'),
(4161, 35, 'Lurin', 10, '2023-01-18 13:47:24'),
(4162, 35, 'Jesus Maria', 10, '2023-01-18 13:47:24'),
(4163, 35, 'San Luis', 10, '2023-01-18 13:47:24'),
(4164, 35, 'San Isidro', 10, '2023-01-18 13:47:24'),
(4165, 35, 'San Martin de Porres', 10, '2023-01-18 13:47:24'),
(4166, 35, 'Villa Maria Del Triunfo', 10, '2023-01-18 13:47:24'),
(4167, 35, 'Santiago de Surco', 10, '2023-01-18 13:47:24'),
(4168, 35, 'Lurigancho', 10, '2023-01-18 13:47:24'),
(4169, 35, 'La Molina', 10, '2023-01-18 13:47:24'),
(4170, 35, 'San Borja', 10, '2023-01-18 13:47:25'),
(4171, 35, 'Miraflores', 10, '2023-01-18 13:47:25'),
(4172, 35, 'Barranca', 10, '2023-01-18 13:47:25'),
(4173, 35, 'San Vicente de Cañete', 10, '2023-01-18 13:47:25'),
(4174, 35, 'Cieneguilla', 10, '2023-01-18 13:47:25'),
(4175, 35, 'Ate', 10, '2023-01-18 13:47:25'),
(4176, 35, 'San Juan de Miraflores', 10, '2023-01-18 13:47:25'),
(4177, 35, 'Chorrillos', 10, '2023-01-18 13:47:25'),
(4178, 35, 'Independencia', 10, '2023-01-18 13:47:25'),
(4179, 35, 'Rimac', 10, '2023-01-18 13:47:25'),
(4180, 35, 'Huaral', 10, '2023-01-18 13:47:25'),
(4181, 35, 'Pueblo Libre', 10, '2023-01-18 13:47:25'),
(4182, 35, 'Chancay', 10, '2023-01-18 13:47:26'),
(4183, 35, 'Lince', 10, '2023-01-18 13:47:26'),
(4184, 35, 'Chaclacayo', 10, '2023-01-18 13:47:26'),
(4185, 51, 'Aramango', 10, '2023-01-18 13:47:26'),
(4186, 51, 'Asuncion', 10, '2023-01-18 13:47:26'),
(4187, 51, 'Bagua', 10, '2023-01-18 13:47:26'),
(4188, 51, 'Bagua Grande', 10, '2023-01-18 13:47:26'),
(4189, 51, 'Balsas', 10, '2023-01-18 13:47:26'),
(4190, 51, 'Cajaruro', 10, '2023-01-18 13:47:26'),
(4191, 51, 'Camporredondo', 10, '2023-01-18 13:47:26'),
(4192, 51, 'Chachapoyas', 10, '2023-01-18 13:47:26'),
(4193, 51, 'Cheto', 10, '2023-01-18 13:47:26'),
(4194, 51, 'Chiliquin', 10, '2023-01-18 13:47:26'),
(4195, 51, 'Chirimoto', 10, '2023-01-18 13:47:26'),
(4196, 51, 'Chisquilla', 10, '2023-01-18 13:47:26'),
(4197, 51, 'Chuquibamba', 10, '2023-01-18 13:47:26'),
(4198, 51, 'Churuja', 10, '2023-01-18 13:47:26'),
(4199, 51, 'Cocabamba', 10, '2023-01-18 13:47:27'),
(4200, 51, 'Cochamal', 10, '2023-01-18 13:47:27'),
(4201, 51, 'Colcamar', 10, '2023-01-18 13:47:27'),
(4202, 51, 'Conila', 10, '2023-01-18 13:47:27'),
(4203, 51, 'Copallin', 10, '2023-01-18 13:47:27'),
(4204, 51, 'Corosha', 10, '2023-01-18 13:47:27'),
(4205, 51, 'Cuispes', 10, '2023-01-18 13:47:27'),
(4206, 51, 'Cumba', 10, '2023-01-18 13:47:27'),
(4207, 51, 'El Cenepa', 10, '2023-01-18 13:47:27'),
(4208, 51, 'El Milagro', 10, '2023-01-18 13:47:27'),
(4209, 51, 'El Parco', 10, '2023-01-18 13:47:27'),
(4210, 51, 'Florida', 10, '2023-01-18 13:47:27'),
(4211, 51, 'Granada', 10, '2023-01-18 13:47:27'),
(4212, 51, 'Huambo', 10, '2023-01-18 13:47:27'),
(4213, 51, 'Huancas', 10, '2023-01-18 13:47:28'),
(4214, 51, 'Imaza', 10, '2023-01-18 13:47:28'),
(4215, 51, 'Inguilpata', 10, '2023-01-18 13:47:28'),
(4216, 51, 'Jamalca', 10, '2023-01-18 13:47:28'),
(4217, 51, 'Jazan', 10, '2023-01-18 13:47:28'),
(4218, 51, 'Jumbilla', 10, '2023-01-18 13:47:28'),
(4219, 51, 'La Jalca', 10, '2023-01-18 13:47:28'),
(4220, 51, 'Lamud', 10, '2023-01-18 13:47:28'),
(4221, 51, 'La Peca', 10, '2023-01-18 13:47:28'),
(4222, 51, 'Leimebamba', 10, '2023-01-18 13:47:28'),
(4223, 51, 'Levanto', 10, '2023-01-18 13:47:28'),
(4224, 51, 'Limabamba', 10, '2023-01-18 13:47:28'),
(4225, 51, 'Longar', 10, '2023-01-18 13:47:28'),
(4226, 51, 'Longuita', 10, '2023-01-18 13:47:28'),
(4227, 51, 'Lonya Chico', 10, '2023-01-18 13:47:29'),
(4228, 51, 'Lonya Grande', 10, '2023-01-18 13:47:29'),
(4229, 51, 'Luya', 10, '2023-01-18 13:47:29'),
(4230, 51, 'Luya Viejo', 10, '2023-01-18 13:47:29'),
(4231, 51, 'Magdalena', 10, '2023-01-18 13:47:29'),
(4232, 51, 'Maria', 10, '2023-01-18 13:47:29'),
(4233, 51, 'Mariscal Benavides', 10, '2023-01-18 13:47:29'),
(4234, 51, 'Mariscal Castilla', 10, '2023-01-18 13:47:29'),
(4235, 51, 'Milpuc', 10, '2023-01-18 13:47:29'),
(4236, 51, 'Molinopampa', 10, '2023-01-18 13:47:29'),
(4237, 51, 'Montevideo', 10, '2023-01-18 13:47:29'),
(4238, 51, 'Nieva', 10, '2023-01-18 13:47:29'),
(4239, 51, 'Ocalli', 10, '2023-01-18 13:47:29'),
(4240, 51, 'Ocumal', 10, '2023-01-18 13:47:29'),
(4241, 51, 'Olleros', 10, '2023-01-18 13:47:29'),
(4242, 51, 'Omia', 10, '2023-01-18 13:47:29'),
(4243, 51, 'Pisuquia', 10, '2023-01-18 13:47:30'),
(4244, 51, 'Providencia', 10, '2023-01-18 13:47:30'),
(4245, 51, 'Quinjalca', 10, '2023-01-18 13:47:30'),
(4246, 51, 'Recta', 10, '2023-01-18 13:47:30'),
(4247, 51, 'Rio Santiago', 10, '2023-01-18 13:47:30'),
(4248, 51, 'San Carlos', 10, '2023-01-18 13:47:30'),
(4249, 51, 'San Cristobal', 10, '2023-01-18 13:47:30'),
(4250, 51, 'San Francisco de Daguas', 10, '2023-01-18 13:47:30'),
(4251, 51, 'San Francisco de Yeso', 10, '2023-01-18 13:47:30'),
(4252, 51, 'San Isidro de Maino', 10, '2023-01-18 13:47:30'),
(4253, 51, 'San Jeronimo', 10, '2023-01-18 13:47:30'),
(4254, 51, 'San Juan de Lopecancha', 10, '2023-01-18 13:47:30'),
(4255, 51, 'San Nicolas', 10, '2023-01-18 13:47:30'),
(4256, 51, 'Santa Catalina', 10, '2023-01-18 13:47:31'),
(4257, 51, 'Santa Rosa', 10, '2023-01-18 13:47:31'),
(4258, 51, 'Santo Tomas', 10, '2023-01-18 13:47:31'),
(4259, 51, 'Shipasbamba', 10, '2023-01-18 13:47:31'),
(4260, 51, 'Soloco', 10, '2023-01-18 13:47:31'),
(4261, 51, 'Sonche', 10, '2023-01-18 13:47:31'),
(4262, 51, 'Tingo', 10, '2023-01-18 13:47:31'),
(4263, 51, 'Totora', 10, '2023-01-18 13:47:31'),
(4264, 51, 'Trita', 10, '2023-01-18 13:47:31'),
(4265, 51, 'Valera', 10, '2023-01-18 13:47:31'),
(4266, 51, 'Vista Alegre', 10, '2023-01-18 13:47:31'),
(4267, 51, 'Yambrasbamba', 10, '2023-01-18 13:47:31'),
(4268, 51, 'Yamon', 10, '2023-01-18 13:47:31'),
(4269, 52, 'Chimbote', 10, '2023-01-18 13:47:31'),
(4270, 52, 'Casma', 10, '2023-01-18 13:47:31'),
(4271, 52, 'Santa', 10, '2023-01-18 13:47:31'),
(4272, 52, 'Carhuaz', 10, '2023-01-18 13:47:31'),
(4273, 52, 'Huari', 10, '2023-01-18 13:47:31'),
(4274, 52, 'Pampas', 10, '2023-01-18 13:47:32'),
(4275, 52, 'Moro', 10, '2023-01-18 13:47:32'),
(4276, 52, 'Yanama', 10, '2023-01-18 13:47:32'),
(4277, 52, 'Sihuas', 10, '2023-01-18 13:47:32'),
(4278, 52, 'Santa Cruz', 10, '2023-01-18 13:47:32'),
(4279, 52, 'Nuevo Chimbote', 10, '2023-01-18 13:47:32'),
(4280, 52, 'Caraz', 10, '2023-01-18 13:47:32'),
(4281, 52, 'Pomabamba', 10, '2023-01-18 13:47:32'),
(4282, 52, 'San Marcos', 10, '2023-01-18 13:47:32'),
(4283, 52, 'Marcara', 10, '2023-01-18 13:47:32'),
(4284, 52, 'Yautan', 10, '2023-01-18 13:47:32'),
(4285, 52, 'Pueblo Libre', 10, '2023-01-18 13:47:32'),
(4286, 52, 'San Juan', 10, '2023-01-18 13:47:32'),
(4287, 52, 'Chacas', 10, '2023-01-18 13:47:32'),
(4288, 52, 'Jangas', 10, '2023-01-18 13:47:32'),
(4289, 52, 'Independencia', 10, '2023-01-18 13:47:32'),
(4290, 52, 'Huarmey', 10, '2023-01-18 13:47:32'),
(4291, 52, 'Coishco', 10, '2023-01-18 13:47:32'),
(4292, 52, 'Quillo', 10, '2023-01-18 13:47:32'),
(4293, 52, 'Chavin de Huantar', 10, '2023-01-18 13:47:32'),
(4294, 52, 'Conchucos', 10, '2023-01-18 13:47:32'),
(4295, 52, 'Parobamba', 10, '2023-01-18 13:47:33'),
(4296, 52, 'Llumpa', 10, '2023-01-18 13:47:33'),
(4297, 52, 'Yauya', 10, '2023-01-18 13:47:33'),
(4298, 52, 'Caceres Del Peru', 10, '2023-01-18 13:47:33'),
(4299, 52, 'Huaraz', 10, '2023-01-18 13:47:33'),
(4300, 52, 'Yungay', 10, '2023-01-18 13:47:33'),
(4301, 52, 'Nepeña', 10, '2023-01-18 13:47:33'),
(4302, 52, 'San Luis', 10, '2023-01-18 13:47:33'),
(4303, 52, 'Pamparomas', 10, '2023-01-18 13:47:33'),
(4304, 52, 'Huallanca', 10, '2023-01-18 13:47:33'),
(4305, 52, 'Mancos', 10, '2023-01-18 13:47:33'),
(4306, 52, 'Tarica', 10, '2023-01-18 13:47:33'),
(4307, 52, 'Mirgas', 10, '2023-01-18 13:47:33'),
(4308, 52, 'Pariacoto', 10, '2023-01-18 13:47:33'),
(4309, 53, 'Abancay', 10, '2023-01-18 13:47:33'),
(4310, 53, 'Anco_huallo', 10, '2023-01-18 13:47:34'),
(4311, 53, 'Andahuaylas', 10, '2023-01-18 13:47:34'),
(4312, 53, 'Andarapa', 10, '2023-01-18 13:47:34'),
(4313, 53, 'Antabamba', 10, '2023-01-18 13:47:34'),
(4314, 53, 'Capaya', 10, '2023-01-18 13:47:34'),
(4315, 53, 'Caraybamba', 10, '2023-01-18 13:47:34'),
(4316, 53, 'Chacoche', 10, '2023-01-18 13:47:34'),
(4317, 53, 'Chalhuanca', 10, '2023-01-18 13:47:34'),
(4318, 53, 'Challhuahuacho', 10, '2023-01-18 13:47:34'),
(4319, 53, 'Chapimarca', 10, '2023-01-18 13:47:34'),
(4320, 53, 'Chiara', 10, '2023-01-18 13:47:34'),
(4321, 53, 'Chincheros', 10, '2023-01-18 13:47:34'),
(4322, 53, 'Chuquibambilla', 10, '2023-01-18 13:47:34'),
(4323, 53, 'Circa', 10, '2023-01-18 13:47:34'),
(4324, 53, 'Cocharcas', 10, '2023-01-18 13:47:34'),
(4325, 53, 'Colcabamba', 10, '2023-01-18 13:47:34'),
(4326, 53, 'Cotabambas', 10, '2023-01-18 13:47:35'),
(4327, 53, 'Cotaruse', 10, '2023-01-18 13:47:35'),
(4328, 53, 'Coyllurqui', 10, '2023-01-18 13:47:35'),
(4329, 53, 'Curahuasi', 10, '2023-01-18 13:47:35'),
(4330, 53, 'Curasco', 10, '2023-01-18 13:47:35'),
(4331, 53, 'Curpahuasi', 10, '2023-01-18 13:47:35'),
(4332, 53, 'El Oro', 10, '2023-01-18 13:47:35'),
(4333, 53, 'El Porvenir', 10, '2023-01-18 13:47:35'),
(4334, 53, 'Gamarra', 10, '2023-01-18 13:47:35'),
(4335, 53, 'Haquira', 10, '2023-01-18 13:47:35'),
(4336, 53, 'Huaccana', 10, '2023-01-18 13:47:35'),
(4337, 53, 'Huancarama', 10, '2023-01-18 13:47:35'),
(4338, 53, 'Huancaray', 10, '2023-01-18 13:47:35'),
(4339, 53, 'Huanipaca', 10, '2023-01-18 13:47:35'),
(4340, 53, 'Huaquirca', 10, '2023-01-18 13:47:35'),
(4341, 53, 'Huayana', 10, '2023-01-18 13:47:35'),
(4342, 53, 'Huayllati', 10, '2023-01-18 13:47:35'),
(4343, 53, 'Ihuayllo', 10, '2023-01-18 13:47:35'),
(4344, 53, 'Jose Maria Arguedas', 10, '2023-01-18 13:47:36'),
(4345, 53, 'Juan Espinoza Medrano', 10, '2023-01-18 13:47:36'),
(4346, 53, 'Justo Apu Sahuaraura', 10, '2023-01-18 13:47:36'),
(4347, 53, 'Kaquiabamba', 10, '2023-01-18 13:47:36'),
(4348, 53, 'Kishuara', 10, '2023-01-18 13:47:36'),
(4349, 53, 'Lambrama', 10, '2023-01-18 13:47:36'),
(4350, 53, 'Los Chankas', 10, '2023-01-18 13:47:36'),
(4351, 53, 'Lucre', 10, '2023-01-18 13:47:36'),
(4352, 53, 'Mamara', 10, '2023-01-18 13:47:36'),
(4353, 53, 'Mara', 10, '2023-01-18 13:47:36'),
(4354, 53, 'Micaela Bastidas', 10, '2023-01-18 13:47:36'),
(4355, 53, 'Ocobamba', 10, '2023-01-18 13:47:36'),
(4356, 53, 'Ongoy', 10, '2023-01-18 13:47:36'),
(4357, 53, 'Oropesa', 10, '2023-01-18 13:47:36'),
(4358, 53, 'Pachaconas', 10, '2023-01-18 13:47:36'),
(4359, 53, 'Pacobamba', 10, '2023-01-18 13:47:36'),
(4360, 53, 'Pacucha', 10, '2023-01-18 13:47:36'),
(4361, 53, 'Pampachiri', 10, '2023-01-18 13:47:37'),
(4362, 53, 'Pataypampa', 10, '2023-01-18 13:47:37'),
(4363, 53, 'Pichirhua', 10, '2023-01-18 13:47:37'),
(4364, 53, 'Pocohuanca', 10, '2023-01-18 13:47:37'),
(4365, 53, 'Pomacocha', 10, '2023-01-18 13:47:37'),
(4366, 53, 'Progreso', 10, '2023-01-18 13:47:37'),
(4367, 53, 'Ranracancha', 10, '2023-01-18 13:47:37'),
(4368, 53, 'Rocchacc', 10, '2023-01-18 13:47:37'),
(4369, 53, 'Sabaino', 10, '2023-01-18 13:47:37'),
(4370, 53, 'San Antonio', 10, '2023-01-18 13:47:37'),
(4371, 53, 'San Antonio de Cachi', 10, '2023-01-18 13:47:37'),
(4372, 53, 'Sañayca', 10, '2023-01-18 13:47:37'),
(4373, 53, 'San Jeronimo', 10, '2023-01-18 13:47:37'),
(4374, 53, 'San Juan de Chacña', 10, '2023-01-18 13:47:37'),
(4375, 53, 'San Miguel de Chaccrampa', 10, '2023-01-18 13:47:37'),
(4376, 53, 'San Pedro de Cachora', 10, '2023-01-18 13:47:37'),
(4377, 53, 'Santa Maria de Chicmo', 10, '2023-01-18 13:47:37'),
(4378, 53, 'Santa Rosa', 10, '2023-01-18 13:47:37'),
(4379, 53, 'Soraya', 10, '2023-01-18 13:47:37'),
(4380, 53, 'Talavera', 10, '2023-01-18 13:47:38'),
(4381, 53, 'Tambobamba', 10, '2023-01-18 13:47:38'),
(4382, 53, 'Tamburco', 10, '2023-01-18 13:47:38'),
(4383, 53, 'Tapairihua', 10, '2023-01-18 13:47:38'),
(4384, 53, 'Tintay', 10, '2023-01-18 13:47:38'),
(4385, 53, 'Toraya', 10, '2023-01-18 13:47:38'),
(4386, 53, 'Tumay Huaraca', 10, '2023-01-18 13:47:38'),
(4387, 53, 'Turpay', 10, '2023-01-18 13:47:38'),
(4388, 53, 'Turpo', 10, '2023-01-18 13:47:38'),
(4389, 53, 'Uranmarca', 10, '2023-01-18 13:47:38'),
(4390, 53, 'Vilcabamba', 10, '2023-01-18 13:47:38'),
(4391, 53, 'Virundo', 10, '2023-01-18 13:47:38'),
(4392, 53, 'Yanaca', 10, '2023-01-18 13:47:38'),
(4393, 54, 'Cerro Colorado', 10, '2023-01-18 13:47:38'),
(4394, 54, 'Socabaya', 10, '2023-01-18 13:47:38'),
(4395, 54, 'Mariano Melgar', 10, '2023-01-18 13:47:38'),
(4396, 54, 'Yanahuara', 10, '2023-01-18 13:47:38'),
(4397, 54, 'Samuel Pastor', 10, '2023-01-18 13:47:38'),
(4398, 54, 'Orcopampa', 10, '2023-01-18 13:47:38'),
(4399, 54, 'Chivay', 10, '2023-01-18 13:47:38'),
(4400, 54, 'Chala', 10, '2023-01-18 13:47:39'),
(4401, 54, 'Mariscal Caceres', 10, '2023-01-18 13:47:39'),
(4402, 54, 'Chaparra', 10, '2023-01-18 13:47:39'),
(4403, 54, 'Paucarpata', 10, '2023-01-18 13:47:39'),
(4404, 54, 'Jose Luis Bustamante Y Rivero', 10, '2023-01-18 13:47:39'),
(4405, 54, 'Miraflores', 10, '2023-01-18 13:47:39'),
(4406, 54, 'Yura', 10, '2023-01-18 13:47:39'),
(4407, 54, 'Tiabaya', 10, '2023-01-18 13:47:39'),
(4408, 54, 'Characato', 10, '2023-01-18 13:47:39'),
(4409, 54, 'Uraca', 10, '2023-01-18 13:47:39'),
(4410, 54, 'Dean Valdivia', 10, '2023-01-18 13:47:39'),
(4411, 54, 'Nicolas de Pierola', 10, '2023-01-18 13:47:39'),
(4412, 54, 'Ocoña', 10, '2023-01-18 13:47:39'),
(4413, 54, 'Cayma', 10, '2023-01-18 13:47:39'),
(4414, 54, 'Majes', 10, '2023-01-18 13:47:39'),
(4415, 54, 'Jacobo Hunter', 10, '2023-01-18 13:47:39'),
(4416, 54, 'Mollendo', 10, '2023-01-18 13:47:39'),
(4417, 54, 'Camana', 10, '2023-01-18 13:47:39'),
(4418, 54, 'Cocachacra', 10, '2023-01-18 13:47:39'),
(4419, 54, 'Islay', 10, '2023-01-18 13:47:39'),
(4420, 54, 'Bella Union', 10, '2023-01-18 13:47:40'),
(4421, 54, 'Yanaquihua', 10, '2023-01-18 13:47:40'),
(4422, 54, 'Atico', 10, '2023-01-18 13:47:40'),
(4423, 54, 'Alto Selva Alegre', 10, '2023-01-18 13:47:40'),
(4424, 54, 'Arequipa', 10, '2023-01-18 13:47:40'),
(4425, 54, 'La Joya', 10, '2023-01-18 13:47:40'),
(4426, 54, 'Sachaca', 10, '2023-01-18 13:47:40'),
(4427, 54, 'Uchumayo', 10, '2023-01-18 13:47:40'),
(4428, 54, 'Aplao', 10, '2023-01-18 13:47:40'),
(4429, 54, 'Mariano Nicolas Valcarcel', 10, '2023-01-18 13:47:40'),
(4430, 54, 'Punta de Bombon', 10, '2023-01-18 13:47:40'),
(4431, 54, 'Santa Rita de Siguas', 10, '2023-01-18 13:47:40'),
(4432, 54, 'Sabandia', 10, '2023-01-18 13:47:40'),
(4433, 55, 'Ayacucho', 10, '2023-01-18 13:47:41'),
(4434, 55, 'Carmen Alto', 10, '2023-01-18 13:47:41'),
(4435, 55, 'Anco', 10, '2023-01-18 13:47:41'),
(4436, 55, 'Llochegua', 10, '2023-01-18 13:47:41'),
(4437, 55, 'Ayna', 10, '2023-01-18 13:47:41'),
(4438, 55, 'Chuschi', 10, '2023-01-18 13:47:41'),
(4439, 55, 'Chiara', 10, '2023-01-18 13:47:41'),
(4440, 55, 'Acos Vinchos', 10, '2023-01-18 13:47:41'),
(4441, 55, 'Aucara', 10, '2023-01-18 13:47:41'),
(4442, 55, 'Pullo', 10, '2023-01-18 13:47:41'),
(4443, 55, 'San Juan Bautista', 10, '2023-01-18 13:47:41'),
(4444, 55, 'Tambo', 10, '2023-01-18 13:47:41'),
(4445, 55, 'Vinchos', 10, '2023-01-18 13:47:41'),
(4446, 55, 'Puquio', 10, '2023-01-18 13:47:42'),
(4447, 55, 'Acocro', 10, '2023-01-18 13:47:42'),
(4448, 55, 'Chungui', 10, '2023-01-18 13:47:42'),
(4449, 55, 'Socos', 10, '2023-01-18 13:47:42'),
(4450, 55, 'Tambillo', 10, '2023-01-18 13:47:42'),
(4451, 55, 'Pucacolpa', 10, '2023-01-18 13:47:42'),
(4452, 55, 'Vischongo', 10, '2023-01-18 13:47:42'),
(4453, 55, 'Huanta', 10, '2023-01-18 13:47:42'),
(4454, 55, 'Jesus Nazareno', 10, '2023-01-18 13:47:42'),
(4455, 55, 'Coracora', 10, '2023-01-18 13:47:42'),
(4456, 55, 'Sivia', 10, '2023-01-18 13:47:42'),
(4457, 55, 'Vilcas Huaman', 10, '2023-01-18 13:47:42'),
(4458, 55, 'Sancos', 10, '2023-01-18 13:47:42'),
(4459, 55, 'Cangallo', 10, '2023-01-18 13:47:42'),
(4460, 55, 'Anchihuay', 10, '2023-01-18 13:47:42'),
(4461, 55, 'Luricocha', 10, '2023-01-18 13:47:42'),
(4462, 55, 'Paras', 10, '2023-01-18 13:47:42'),
(4463, 55, 'Andres Avelino Caceres Dorregaray', 10, '2023-01-18 13:47:42'),
(4464, 55, 'San Miguel', 10, '2023-01-18 13:47:43'),
(4465, 55, 'Ayahuanco', 10, '2023-01-18 13:47:43'),
(4466, 55, 'Santa Rosa', 10, '2023-01-18 13:47:43'),
(4467, 55, 'Los Morochucos', 10, '2023-01-18 13:47:43'),
(4468, 55, 'Santillana', 10, '2023-01-18 13:47:43'),
(4469, 55, 'Quinua', 10, '2023-01-18 13:47:43'),
(4470, 55, 'Ocros', 10, '2023-01-18 13:47:43'),
(4471, 55, 'Huamanguilla', 10, '2023-01-18 13:47:43'),
(4472, 55, 'Cabana', 10, '2023-01-18 13:47:43'),
(4473, 56, 'Cajamarca', 10, '2023-01-18 13:47:43'),
(4474, 56, 'Chota', 10, '2023-01-18 13:47:43'),
(4475, 56, 'Celendin', 10, '2023-01-18 13:47:43'),
(4476, 56, 'Tabaconas', 10, '2023-01-18 13:47:43'),
(4477, 56, 'Tacabamba', 10, '2023-01-18 13:47:43'),
(4478, 56, 'Bellavista', 10, '2023-01-18 13:47:43'),
(4479, 56, 'Condebamba', 10, '2023-01-18 13:47:43'),
(4480, 56, 'Lajas', 10, '2023-01-18 13:47:43'),
(4481, 56, 'Chalamarca', 10, '2023-01-18 13:47:43'),
(4482, 56, 'Callayuc', 10, '2023-01-18 13:47:43'),
(4483, 56, 'Jaen', 10, '2023-01-18 13:47:44'),
(4484, 56, 'Los Baños Del Inca', 10, '2023-01-18 13:47:44'),
(4485, 56, 'Cachachi', 10, '2023-01-18 13:47:44'),
(4486, 56, 'Pedro Galvez', 10, '2023-01-18 13:47:44'),
(4487, 56, 'Hualgayoc', 10, '2023-01-18 13:47:44'),
(4488, 56, 'Jose Sabogal', 10, '2023-01-18 13:47:44'),
(4489, 56, 'Huasmin', 10, '2023-01-18 13:47:44'),
(4490, 56, 'Santa Cruz', 10, '2023-01-18 13:47:44'),
(4491, 56, 'Socota', 10, '2023-01-18 13:47:44'),
(4492, 56, 'Chontali', 10, '2023-01-18 13:47:44'),
(4493, 56, 'Bambamarca', 10, '2023-01-18 13:47:44'),
(4494, 56, 'San Ignacio', 10, '2023-01-18 13:47:44'),
(4495, 56, 'Encañada', 10, '2023-01-18 13:47:44'),
(4496, 56, 'La Coipa', 10, '2023-01-18 13:47:44'),
(4497, 56, 'Querocotillo', 10, '2023-01-18 13:47:44'),
(4498, 56, 'Jesus', 10, '2023-01-18 13:47:44'),
(4499, 56, 'San Pablo', 10, '2023-01-18 13:47:44'),
(4500, 56, 'Namballe', 10, '2023-01-18 13:47:44'),
(4501, 56, 'Namora', 10, '2023-01-18 13:47:45'),
(4502, 56, 'Pomahuaca', 10, '2023-01-18 13:47:45'),
(4503, 56, 'Cutervo', 10, '2023-01-18 13:47:45'),
(4504, 56, 'Cajabamba', 10, '2023-01-18 13:47:45'),
(4505, 56, 'San Jose de Lourdes', 10, '2023-01-18 13:47:45'),
(4506, 56, 'Huarango', 10, '2023-01-18 13:47:45'),
(4507, 56, 'San Miguel', 10, '2023-01-18 13:47:45'),
(4508, 56, 'Chirinos', 10, '2023-01-18 13:47:45'),
(4509, 56, 'Asuncion', 10, '2023-01-18 13:47:45'),
(4510, 56, 'Santa Rosa', 10, '2023-01-18 13:47:45'),
(4511, 56, 'Colasay', 10, '2023-01-18 13:47:45'),
(4512, 56, 'Catache', 10, '2023-01-18 13:47:45'),
(4513, 57, 'Bellavista', 10, '2023-01-18 13:47:45'),
(4514, 57, 'Callao', 10, '2023-01-18 13:47:45'),
(4515, 57, 'Carmen de la Legua Reynoso', 10, '2023-01-18 13:47:45'),
(4516, 57, 'La Perla', 10, '2023-01-18 13:47:45'),
(4517, 57, 'La Punta', 10, '2023-01-18 13:47:45'),
(4518, 57, 'Ventanilla', 10, '2023-01-18 13:47:45'),
(4519, 57, 'Mi Peru', 10, '2023-01-18 13:47:45'),
(4520, 58, 'Cusco', 10, '2023-01-18 13:47:46'),
(4521, 58, 'Sicuani', 10, '2023-01-18 13:47:46'),
(4522, 58, 'Espinar', 10, '2023-01-18 13:47:46'),
(4523, 58, 'Urubamba', 10, '2023-01-18 13:47:46'),
(4524, 58, 'Coporaque', 10, '2023-01-18 13:47:46'),
(4525, 58, 'Livitaca', 10, '2023-01-18 13:47:46'),
(4526, 58, 'Marangani', 10, '2023-01-18 13:47:46'),
(4527, 58, 'Pisac', 10, '2023-01-18 13:47:46'),
(4528, 58, 'Urcos', 10, '2023-01-18 13:47:46'),
(4529, 58, 'Velille', 10, '2023-01-18 13:47:46'),
(4530, 58, 'San Sebastian', 10, '2023-01-18 13:47:46'),
(4531, 58, 'San Jeronimo', 10, '2023-01-18 13:47:46'),
(4532, 58, 'Santo Tomas', 10, '2023-01-18 13:47:46'),
(4533, 58, 'Pichari', 10, '2023-01-18 13:47:46'),
(4534, 58, 'Kimbiri', 10, '2023-01-18 13:47:46'),
(4535, 58, 'Yanatile', 10, '2023-01-18 13:47:46'),
(4536, 58, 'Ollantaytambo', 10, '2023-01-18 13:47:46'),
(4537, 58, 'Yanaoca', 10, '2023-01-18 13:47:46'),
(4538, 58, 'Pomacanchi', 10, '2023-01-18 13:47:47'),
(4539, 58, 'Machupicchu', 10, '2023-01-18 13:47:47'),
(4540, 58, 'Santiago', 10, '2023-01-18 13:47:47'),
(4541, 58, 'Echarate', 10, '2023-01-18 13:47:47'),
(4542, 58, 'Calca', 10, '2023-01-18 13:47:47'),
(4543, 58, 'Quellouno', 10, '2023-01-18 13:47:47'),
(4544, 58, 'Anta', 10, '2023-01-18 13:47:47'),
(4545, 58, 'Paucartambo', 10, '2023-01-18 13:47:47'),
(4546, 58, 'Quiquijana', 10, '2023-01-18 13:47:47'),
(4547, 58, 'Limatambo', 10, '2023-01-18 13:47:47'),
(4548, 58, 'Chamaca', 10, '2023-01-18 13:47:47'),
(4549, 58, 'Poroy', 10, '2023-01-18 13:47:47'),
(4550, 58, 'Wanchaq', 10, '2023-01-18 13:47:47'),
(4551, 58, 'Santa Ana', 10, '2023-01-18 13:47:47'),
(4552, 58, 'Vilcabamba', 10, '2023-01-18 13:47:47'),
(4553, 58, 'Ccatca', 10, '2023-01-18 13:47:47'),
(4554, 58, 'Ocongate', 10, '2023-01-18 13:47:48'),
(4555, 58, 'Challabamba', 10, '2023-01-18 13:47:48'),
(4556, 58, 'Colquepata', 10, '2023-01-18 13:47:48'),
(4557, 58, 'Chinchero', 10, '2023-01-18 13:47:48'),
(4558, 58, 'Colquemarca', 10, '2023-01-18 13:47:48'),
(4559, 58, 'Huancarani', 10, '2023-01-18 13:47:48'),
(4560, 59, 'Acobamba', 10, '2023-01-18 13:47:48'),
(4561, 59, 'Acobambilla', 10, '2023-01-18 13:47:48'),
(4562, 59, 'Acoria', 10, '2023-01-18 13:47:48'),
(4563, 59, 'Acostambo', 10, '2023-01-18 13:47:48'),
(4564, 59, 'Acraquia', 10, '2023-01-18 13:47:48'),
(4565, 59, 'Ahuaycha', 10, '2023-01-18 13:47:48'),
(4566, 59, 'Anchonga', 10, '2023-01-18 13:47:48'),
(4567, 59, 'Anco', 10, '2023-01-18 13:47:48'),
(4568, 59, 'Andabamba', 10, '2023-01-18 13:47:48'),
(4569, 59, 'Andaymarca', 10, '2023-01-18 13:47:48'),
(4570, 59, 'Anta', 10, '2023-01-18 13:47:48'),
(4571, 59, 'Arma', 10, '2023-01-18 13:47:48'),
(4572, 59, 'Ascension', 10, '2023-01-18 13:47:49'),
(4573, 59, 'Aurahua', 10, '2023-01-18 13:47:49'),
(4574, 59, 'Ayavi', 10, '2023-01-18 13:47:49'),
(4575, 59, 'Caja', 10, '2023-01-18 13:47:49'),
(4576, 59, 'Callanmarca', 10, '2023-01-18 13:47:49'),
(4577, 59, 'Capillas', 10, '2023-01-18 13:47:49'),
(4578, 59, 'Castrovirreyna', 10, '2023-01-18 13:47:49'),
(4579, 59, 'Ccochaccasa', 10, '2023-01-18 13:47:49'),
(4580, 59, 'Chinchihuasi', 10, '2023-01-18 13:47:49'),
(4581, 59, 'Chincho', 10, '2023-01-18 13:47:49'),
(4582, 59, 'Chupamarca', 10, '2023-01-18 13:47:49'),
(4583, 59, 'Churcampa', 10, '2023-01-18 13:47:49'),
(4584, 59, 'Cocas', 10, '2023-01-18 13:47:49'),
(4585, 59, 'Colcabamba', 10, '2023-01-18 13:47:49'),
(4586, 59, 'Conayca', 10, '2023-01-18 13:47:49'),
(4587, 59, 'Congalla', 10, '2023-01-18 13:47:49'),
(4588, 59, 'Cordova', 10, '2023-01-18 13:47:49'),
(4589, 59, 'Cosme', 10, '2023-01-18 13:47:49'),
(4590, 59, 'Cuenca', 10, '2023-01-18 13:47:50'),
(4591, 59, 'Daniel Hernandez', 10, '2023-01-18 13:47:50'),
(4592, 59, 'El Carmen', 10, '2023-01-18 13:47:50'),
(4593, 59, 'Huachocolpa', 10, '2023-01-18 13:47:50'),
(4594, 59, 'Huachocolpa', 10, '2023-01-18 13:47:50'),
(4595, 59, 'Huachos', 10, '2023-01-18 13:47:50'),
(4596, 59, 'Huamatambo', 10, '2023-01-18 13:47:50'),
(4597, 59, 'Huanca-huanca', 10, '2023-01-18 13:47:50'),
(4598, 59, 'Huancavelica', 10, '2023-01-18 13:47:50'),
(4599, 59, 'Huando', 10, '2023-01-18 13:47:50'),
(4600, 59, 'Huaribamba', 10, '2023-01-18 13:47:50'),
(4601, 59, 'Huayacundo Arma', 10, '2023-01-18 13:47:50'),
(4602, 59, 'Huayllahuara', 10, '2023-01-18 13:47:50'),
(4603, 59, 'Huayllay Grande', 10, '2023-01-18 13:47:50'),
(4604, 59, 'Huaytara', 10, '2023-01-18 13:47:50'),
(4605, 59, 'Izcuchaca', 10, '2023-01-18 13:47:50'),
(4606, 59, 'Julcamarca', 10, '2023-01-18 13:47:50'),
(4607, 59, 'La Merced', 10, '2023-01-18 13:47:50'),
(4608, 59, 'Laramarca', 10, '2023-01-18 13:47:51'),
(4609, 59, 'Laria', 10, '2023-01-18 13:47:51'),
(4610, 59, 'Lircay', 10, '2023-01-18 13:47:51'),
(4611, 59, 'Locroja', 10, '2023-01-18 13:47:51'),
(4612, 59, 'Manta', 10, '2023-01-18 13:47:51'),
(4613, 59, 'Marcas', 10, '2023-01-18 13:47:51'),
(4614, 59, 'Mariscal Caceres', 10, '2023-01-18 13:47:51'),
(4615, 59, 'Mollepampa', 10, '2023-01-18 13:47:51'),
(4616, 59, 'Moya', 10, '2023-01-18 13:47:51'),
(4617, 59, 'ñahuimpuquio', 10, '2023-01-18 13:47:51'),
(4618, 59, 'Nuevo Occoro', 10, '2023-01-18 13:47:51'),
(4619, 59, 'Ocoyo', 10, '2023-01-18 13:47:51'),
(4620, 59, 'Pachamarca', 10, '2023-01-18 13:47:51'),
(4621, 59, 'Palca', 10, '2023-01-18 13:47:51'),
(4622, 59, 'Pampas', 10, '2023-01-18 13:47:51'),
(4623, 59, 'Paucara', 10, '2023-01-18 13:47:51'),
(4624, 59, 'Paucarbamba', 10, '2023-01-18 13:47:51'),
(4625, 59, 'Pazos', 10, '2023-01-18 13:47:51'),
(4626, 59, 'Pichos', 10, '2023-01-18 13:47:52'),
(4627, 59, 'Pilchaca', 10, '2023-01-18 13:47:52'),
(4628, 59, 'Pilpichaca', 10, '2023-01-18 13:47:52'),
(4629, 59, 'Pomacocha', 10, '2023-01-18 13:47:52'),
(4630, 59, 'Querco', 10, '2023-01-18 13:47:52'),
(4631, 59, 'Quichuas', 10, '2023-01-18 13:47:52'),
(4632, 59, 'Quishuar', 10, '2023-01-18 13:47:52'),
(4633, 59, 'Quito-arma', 10, '2023-01-18 13:47:52'),
(4634, 59, 'Roble', 10, '2023-01-18 13:47:52'),
(4635, 59, 'Rosario', 10, '2023-01-18 13:47:52'),
(4636, 59, 'Salcabamba', 10, '2023-01-18 13:47:52'),
(4637, 59, 'Salcahuasi', 10, '2023-01-18 13:47:52'),
(4638, 59, 'San Antonio de Antaparco', 10, '2023-01-18 13:47:52'),
(4639, 59, 'San Antonio de Cusicancha', 10, '2023-01-18 13:47:52'),
(4640, 59, 'San Francisco de Sangayaico', 10, '2023-01-18 13:47:52'),
(4641, 59, 'San Isidro', 10, '2023-01-18 13:47:52'),
(4642, 59, 'San Juan', 10, '2023-01-18 13:47:52'),
(4643, 59, 'San Marcos de Rocchac', 10, '2023-01-18 13:47:52'),
(4644, 59, 'San Miguel de Mayocc', 10, '2023-01-18 13:47:53'),
(4645, 59, 'San Pedro de Coris', 10, '2023-01-18 13:47:53'),
(4646, 59, 'Santa Ana', 10, '2023-01-18 13:47:53'),
(4647, 59, 'Santiago de Chocorvos', 10, '2023-01-18 13:47:53'),
(4648, 59, 'Santiago de Quirahuara', 10, '2023-01-18 13:47:53'),
(4649, 59, 'Santiago de Tucuma', 10, '2023-01-18 13:47:53'),
(4650, 59, 'Santo Domingo de Capillas', 10, '2023-01-18 13:47:53'),
(4651, 59, 'Santo Tomas de Pata', 10, '2023-01-18 13:47:53'),
(4652, 59, 'Secclla', 10, '2023-01-18 13:47:53'),
(4653, 59, 'Surcubamba', 10, '2023-01-18 13:47:53'),
(4654, 59, 'Tambo', 10, '2023-01-18 13:47:53'),
(4655, 59, 'Tantara', 10, '2023-01-18 13:47:53'),
(4656, 59, 'Ticrapo', 10, '2023-01-18 13:47:53'),
(4657, 59, 'Tintay Puncu', 10, '2023-01-18 13:47:53'),
(4658, 59, 'Vilca', 10, '2023-01-18 13:47:53'),
(4659, 59, 'Yauli', 10, '2023-01-18 13:47:53'),
(4660, 60, 'Amarilis', 10, '2023-01-18 13:47:53'),
(4661, 60, 'Ambo', 10, '2023-01-18 13:47:54'),
(4662, 60, 'Aparicio Pomares', 10, '2023-01-18 13:47:54'),
(4663, 60, 'Arancay', 10, '2023-01-18 13:47:54'),
(4664, 60, 'Baños', 10, '2023-01-18 13:47:54'),
(4665, 60, 'Cahuac', 10, '2023-01-18 13:47:54'),
(4666, 60, 'Canchabamba', 10, '2023-01-18 13:47:54'),
(4667, 60, 'Castillo Grande', 10, '2023-01-18 13:47:54'),
(4668, 60, 'Cayna', 10, '2023-01-18 13:47:54'),
(4669, 60, 'Chacabamba', 10, '2023-01-18 13:47:54'),
(4670, 60, 'Chaglla', 10, '2023-01-18 13:47:54'),
(4671, 60, 'Chavin de Pariarca', 10, '2023-01-18 13:47:54'),
(4672, 60, 'Chavinillo', 10, '2023-01-18 13:47:54'),
(4673, 60, 'Chinchao', 10, '2023-01-18 13:47:54'),
(4674, 60, 'Cholon', 10, '2023-01-18 13:47:54'),
(4675, 60, 'Choras', 10, '2023-01-18 13:47:54'),
(4676, 60, 'Chuquis', 10, '2023-01-18 13:47:54'),
(4677, 60, 'Churubamba', 10, '2023-01-18 13:47:55'),
(4678, 60, 'Cochabamba', 10, '2023-01-18 13:47:55'),
(4679, 60, 'Codo Del Pozuzo', 10, '2023-01-18 13:47:55'),
(4680, 60, 'Colpas', 10, '2023-01-18 13:47:55'),
(4681, 60, 'Conchamarca', 10, '2023-01-18 13:47:55'),
(4682, 60, 'Daniel Alomia Robles', 10, '2023-01-18 13:47:55'),
(4683, 60, 'Hermilio Valdizan', 10, '2023-01-18 13:47:55'),
(4684, 60, 'Honoria', 10, '2023-01-18 13:47:55'),
(4685, 60, 'Huacar', 10, '2023-01-18 13:47:55'),
(4686, 60, 'Huacaybamba', 10, '2023-01-18 13:47:55'),
(4687, 60, 'Huacrachuco', 10, '2023-01-18 13:47:55'),
(4688, 60, 'Huanuco', 10, '2023-01-18 13:47:55'),
(4689, 60, 'Jacas Chico', 10, '2023-01-18 13:47:55'),
(4690, 60, 'Jacas Grande', 10, '2023-01-18 13:47:55'),
(4691, 60, 'Jesus', 10, '2023-01-18 13:47:55'),
(4692, 60, 'Jircan', 10, '2023-01-18 13:47:56'),
(4693, 60, 'Jivia', 10, '2023-01-18 13:47:56'),
(4694, 60, 'Jose Crespo Y Castillo', 10, '2023-01-18 13:47:56'),
(4695, 60, 'La Morada', 10, '2023-01-18 13:47:56'),
(4696, 60, 'La Uniòn', 10, '2023-01-18 13:47:56'),
(4697, 60, 'Llata', 10, '2023-01-18 13:47:56'),
(4698, 60, 'Luyando', 10, '2023-01-18 13:47:56'),
(4699, 60, 'Margos', 10, '2023-01-18 13:47:56'),
(4700, 60, 'Mariano Damaso Beraun', 10, '2023-01-18 13:47:56'),
(4701, 60, 'Marias', 10, '2023-01-18 13:47:56'),
(4702, 60, 'Miraflores', 10, '2023-01-18 13:47:56'),
(4703, 60, 'Molino', 10, '2023-01-18 13:47:56'),
(4704, 60, 'Monzon', 10, '2023-01-18 13:47:56'),
(4705, 60, 'Obas', 10, '2023-01-18 13:47:56'),
(4706, 60, 'Pachas', 10, '2023-01-18 13:47:56'),
(4707, 60, 'Pampamarca', 10, '2023-01-18 13:47:57'),
(4708, 60, 'Panao', 10, '2023-01-18 13:47:57'),
(4709, 60, 'Pillco Marca', 10, '2023-01-18 13:47:57'),
(4710, 60, 'Pinra', 10, '2023-01-18 13:47:57'),
(4711, 60, 'Pucayacu', 10, '2023-01-18 13:47:57'),
(4712, 60, 'Pueblo Nuevo', 10, '2023-01-18 13:47:57'),
(4713, 60, 'Puerto Inca', 10, '2023-01-18 13:47:57'),
(4714, 60, 'Punchao', 10, '2023-01-18 13:47:57'),
(4715, 60, 'Puños', 10, '2023-01-18 13:47:57'),
(4716, 60, 'Queropalca', 10, '2023-01-18 13:47:57'),
(4717, 60, 'Quisqui (kichki)', 10, '2023-01-18 13:47:57'),
(4718, 60, 'Quivilla', 10, '2023-01-18 13:47:57'),
(4719, 60, 'Ripan', 10, '2023-01-18 13:47:57'),
(4720, 60, 'Rondos', 10, '2023-01-18 13:47:57'),
(4721, 60, 'Rupa-rupa', 10, '2023-01-18 13:47:57'),
(4722, 60, 'San Buenaventura', 10, '2023-01-18 13:47:57'),
(4723, 60, 'San Francisco', 10, '2023-01-18 13:47:57'),
(4724, 60, 'San Francisco de Asis', 10, '2023-01-18 13:47:57'),
(4725, 60, 'San Francisco de Cayran', 10, '2023-01-18 13:47:57'),
(4726, 60, 'San Miguel de Cauri', 10, '2023-01-18 13:47:58'),
(4727, 60, 'San Pablo de Pillao', 10, '2023-01-18 13:47:58'),
(4728, 60, 'San Pedro de Chaulan', 10, '2023-01-18 13:47:58'),
(4729, 60, 'San Rafael', 10, '2023-01-18 13:47:58'),
(4730, 60, 'Santa Maria Del Valle', 10, '2023-01-18 13:47:58'),
(4731, 60, 'Santa Rosa de Alto Yanajanca', 10, '2023-01-18 13:47:58'),
(4732, 60, 'Santo Domingo de Anda', 10, '2023-01-18 13:47:58'),
(4733, 60, 'Shunqui', 10, '2023-01-18 13:47:58'),
(4734, 60, 'Sillapata', 10, '2023-01-18 13:47:58'),
(4735, 60, 'Singa', 10, '2023-01-18 13:47:58'),
(4736, 60, 'Tantamayo', 10, '2023-01-18 13:47:58'),
(4737, 60, 'Tomay Kichwa', 10, '2023-01-18 13:47:58'),
(4738, 60, 'Tournavista', 10, '2023-01-18 13:47:58'),
(4739, 60, 'Umari', 10, '2023-01-18 13:47:58'),
(4740, 60, 'Yacus', 10, '2023-01-18 13:47:58'),
(4741, 60, 'Yanas', 10, '2023-01-18 13:47:59'),
(4742, 60, 'Yarumayo', 10, '2023-01-18 13:47:59'),
(4743, 60, 'Yuyapichis', 10, '2023-01-18 13:47:59'),
(4744, 61, 'Alto Laran', 10, '2023-01-18 13:47:59'),
(4745, 61, 'Changuillo', 10, '2023-01-18 13:47:59'),
(4746, 61, 'Chavin', 10, '2023-01-18 13:47:59'),
(4747, 61, 'Chincha Alta', 10, '2023-01-18 13:47:59'),
(4748, 61, 'Chincha Baja', 10, '2023-01-18 13:47:59'),
(4749, 61, 'El Carmen', 10, '2023-01-18 13:47:59'),
(4750, 61, 'El Ingenio', 10, '2023-01-18 13:47:59'),
(4751, 61, 'Grocio Prado', 10, '2023-01-18 13:47:59'),
(4752, 61, 'Huancano', 10, '2023-01-18 13:47:59'),
(4753, 61, 'Humay', 10, '2023-01-18 13:47:59'),
(4754, 61, 'Ica', 10, '2023-01-18 13:47:59'),
(4755, 61, 'Independencia', 10, '2023-01-18 13:47:59'),
(4756, 61, 'La Tinguiña', 10, '2023-01-18 13:47:59'),
(4757, 61, 'Llipata', 10, '2023-01-18 13:47:59'),
(4758, 61, 'Los Aquijes', 10, '2023-01-18 13:48:00'),
(4759, 61, 'Marcona', 10, '2023-01-18 13:48:00'),
(4760, 61, 'Nasca', 10, '2023-01-18 13:48:00'),
(4761, 61, 'Ocucaje', 10, '2023-01-18 13:48:00'),
(4762, 61, 'Pachacutec', 10, '2023-01-18 13:48:00'),
(4763, 61, 'Palpa', 10, '2023-01-18 13:48:00'),
(4764, 61, 'Paracas', 10, '2023-01-18 13:48:00'),
(4765, 61, 'Parcona', 10, '2023-01-18 13:48:00'),
(4766, 61, 'Pisco', 10, '2023-01-18 13:48:00'),
(4767, 61, 'Pueblo Nuevo', 10, '2023-01-18 13:48:00'),
(4768, 61, 'Rio Grande', 10, '2023-01-18 13:48:00'),
(4769, 61, 'Salas', 10, '2023-01-18 13:48:00'),
(4770, 61, 'San Andres', 10, '2023-01-18 13:48:00'),
(4771, 61, 'San Clemente', 10, '2023-01-18 13:48:00'),
(4772, 61, 'San Jose de Los Molinos', 10, '2023-01-18 13:48:00'),
(4773, 61, 'San Juan Bautista', 10, '2023-01-18 13:48:00'),
(4774, 61, 'San Juan de Yanac', 10, '2023-01-18 13:48:00'),
(4775, 61, 'San Pedro de Huacarpana', 10, '2023-01-18 13:48:01'),
(4776, 61, 'Santa Cruz', 10, '2023-01-18 13:48:01'),
(4777, 61, 'Santiago', 10, '2023-01-18 13:48:01'),
(4778, 61, 'Subtanjalla', 10, '2023-01-18 13:48:01'),
(4779, 61, 'Sunampe', 10, '2023-01-18 13:48:01'),
(4780, 61, 'Tambo de Mora', 10, '2023-01-18 13:48:01'),
(4781, 61, 'Tate', 10, '2023-01-18 13:48:01'),
(4782, 61, 'Tibillo', 10, '2023-01-18 13:48:01'),
(4783, 61, 'Tupac Amaru Inca', 10, '2023-01-18 13:48:01'),
(4784, 61, 'Vista Alegre', 10, '2023-01-18 13:48:01'),
(4785, 61, 'Yauca Del Rosario', 10, '2023-01-18 13:48:01'),
(4786, 62, 'El Tambo', 10, '2023-01-18 13:48:01'),
(4787, 62, 'Pichanaqui', 10, '2023-01-18 13:48:01'),
(4788, 62, 'Tarma', 10, '2023-01-18 13:48:01'),
(4789, 62, 'Chanchamayo', 10, '2023-01-18 13:48:01'),
(4790, 62, 'Huasahuasi', 10, '2023-01-18 13:48:01'),
(4791, 62, 'Acobamba', 10, '2023-01-18 13:48:02'),
(4792, 62, 'Pampa Hermosa', 10, '2023-01-18 13:48:02'),
(4793, 62, 'Yauyos', 10, '2023-01-18 13:48:02'),
(4794, 62, 'Santo Domingo de Acobamba', 10, '2023-01-18 13:48:02'),
(4795, 62, 'Llaylla', 10, '2023-01-18 13:48:02'),
(4796, 62, 'Huancayo', 10, '2023-01-18 13:48:02'),
(4797, 62, 'Mazamari', 10, '2023-01-18 13:48:02'),
(4798, 62, 'Satipo', 10, '2023-01-18 13:48:02'),
(4799, 62, 'Chupaca', 10, '2023-01-18 13:48:02'),
(4800, 62, 'Concepcion', 10, '2023-01-18 13:48:02'),
(4801, 62, 'Sapallanga', 10, '2023-01-18 13:48:02'),
(4802, 62, 'San Jeronimo de Tunan', 10, '2023-01-18 13:48:02'),
(4803, 62, 'Huayucachi', 10, '2023-01-18 13:48:02'),
(4804, 62, 'Acolla', 10, '2023-01-18 13:48:02'),
(4805, 62, 'Coviriali', 10, '2023-01-18 13:48:02'),
(4806, 62, 'Chilca', 10, '2023-01-18 13:48:02'),
(4807, 62, 'Pangoa', 10, '2023-01-18 13:48:02'),
(4808, 62, 'Rio Negro', 10, '2023-01-18 13:48:03'),
(4809, 62, 'Huancan', 10, '2023-01-18 13:48:03'),
(4810, 62, 'Jauja', 10, '2023-01-18 13:48:03'),
(4811, 62, 'San Agustin', 10, '2023-01-18 13:48:03'),
(4812, 62, 'Junin', 10, '2023-01-18 13:48:03'),
(4813, 62, 'Sicaya', 10, '2023-01-18 13:48:03'),
(4814, 62, 'San Luis de Shuaro', 10, '2023-01-18 13:48:03'),
(4815, 62, 'San Jose de Quero', 10, '2023-01-18 13:48:03'),
(4816, 62, 'Perene', 10, '2023-01-18 13:48:03'),
(4817, 62, 'Rio Tambo', 10, '2023-01-18 13:48:03'),
(4818, 62, 'San Ramon', 10, '2023-01-18 13:48:03'),
(4819, 62, 'Pilcomayo', 10, '2023-01-18 13:48:03'),
(4820, 62, 'La Oroya', 10, '2023-01-18 13:48:03'),
(4821, 62, 'Santa Rosa de Sacco', 10, '2023-01-18 13:48:03'),
(4822, 62, 'Palcamayo', 10, '2023-01-18 13:48:03'),
(4823, 62, 'Carhuamayo', 10, '2023-01-18 13:48:03'),
(4824, 62, 'Comas', 10, '2023-01-18 13:48:03'),
(4825, 62, 'Tapo', 10, '2023-01-18 13:48:04'),
(4826, 63, 'Trujillo', 10, '2023-01-18 13:48:04'),
(4827, 63, 'Ascope', 10, '2023-01-18 13:48:04'),
(4828, 63, 'Bolívar', 10, '2023-01-18 13:48:04'),
(4829, 63, 'Chepén', 10, '2023-01-18 13:48:04'),
(4830, 63, 'Julcán', 10, '2023-01-18 13:48:04'),
(4831, 63, 'Otuzco', 10, '2023-01-18 13:48:04'),
(4832, 63, 'San Pedro de Lloc', 10, '2023-01-18 13:48:04'),
(4833, 63, 'Tayabamba', 10, '2023-01-18 13:48:04'),
(4834, 63, 'Huamachuco', 10, '2023-01-18 13:48:04'),
(4835, 63, 'Santiago de Chuco', 10, '2023-01-18 13:48:04'),
(4836, 63, 'Cascas', 10, '2023-01-18 13:48:04'),
(4837, 63, 'Virú', 10, '2023-01-18 13:48:04'),
(4838, 64, 'Cañaris', 10, '2023-01-18 13:48:04'),
(4839, 64, 'Cayalti', 10, '2023-01-18 13:48:04'),
(4840, 64, 'Chiclayo', 10, '2023-01-18 13:48:04'),
(4841, 64, 'Chochope', 10, '2023-01-18 13:48:04'),
(4842, 64, 'Chongoyape', 10, '2023-01-18 13:48:04'),
(4843, 64, 'Eten', 10, '2023-01-18 13:48:05'),
(4844, 64, 'Eten Puerto', 10, '2023-01-18 13:48:05'),
(4845, 64, 'Ferreñafe', 10, '2023-01-18 13:48:05'),
(4846, 64, 'Illimo', 10, '2023-01-18 13:48:05'),
(4847, 64, 'Incahuasi', 10, '2023-01-18 13:48:05'),
(4848, 64, 'Jayanca', 10, '2023-01-18 13:48:05'),
(4849, 64, 'Jose Leonardo Ortiz', 10, '2023-01-18 13:48:05'),
(4850, 64, 'Lagunas', 10, '2023-01-18 13:48:05'),
(4851, 64, 'Lambayeque', 10, '2023-01-18 13:48:05'),
(4852, 64, 'La Victoria', 10, '2023-01-18 13:48:05'),
(4853, 64, 'Manuel Antonio Mesones Muro', 10, '2023-01-18 13:48:05'),
(4854, 64, 'Mochumi', 10, '2023-01-18 13:48:05'),
(4855, 64, 'Monsefu', 10, '2023-01-18 13:48:05'),
(4856, 64, 'Morrope', 10, '2023-01-18 13:48:05'),
(4857, 64, 'Motupe', 10, '2023-01-18 13:48:05'),
(4858, 64, 'Nueva Arica', 10, '2023-01-18 13:48:05'),
(4859, 64, 'Olmos', 10, '2023-01-18 13:48:05'),
(4860, 64, 'Oyotun', 10, '2023-01-18 13:48:05'),
(4861, 64, 'Pacora', 10, '2023-01-18 13:48:05'),
(4862, 64, 'Patapo', 10, '2023-01-18 13:48:06'),
(4863, 64, 'Picsi', 10, '2023-01-18 13:48:06'),
(4864, 64, 'Pimentel', 10, '2023-01-18 13:48:06'),
(4865, 64, 'Pitipo', 10, '2023-01-18 13:48:06'),
(4866, 64, 'Pomalca', 10, '2023-01-18 13:48:06'),
(4867, 64, 'Pucala', 10, '2023-01-18 13:48:06'),
(4868, 64, 'Pueblo Nuevo', 10, '2023-01-18 13:48:06'),
(4869, 64, 'Reque', 10, '2023-01-18 13:48:06'),
(4870, 64, 'Salas', 10, '2023-01-18 13:48:06'),
(4871, 64, 'Saña', 10, '2023-01-18 13:48:06'),
(4872, 64, 'San Jose', 10, '2023-01-18 13:48:06'),
(4873, 64, 'Santa Rosa', 10, '2023-01-18 13:48:06'),
(4874, 64, 'Tucume', 10, '2023-01-18 13:48:06'),
(4875, 64, 'Tuman', 10, '2023-01-18 13:48:06'),
(4876, 65, 'Alto Nanay', 10, '2023-01-18 13:48:06'),
(4877, 65, 'Alto Tapiche', 10, '2023-01-18 13:48:06'),
(4878, 65, 'Andoas', 10, '2023-01-18 13:48:06'),
(4879, 65, 'Balsapuerto', 10, '2023-01-18 13:48:06'),
(4880, 65, 'Barranca', 10, '2023-01-18 13:48:06'),
(4881, 65, 'Belen', 10, '2023-01-18 13:48:07'),
(4882, 65, 'Cahuapanas', 10, '2023-01-18 13:48:07'),
(4883, 65, 'Capelo', 10, '2023-01-18 13:48:07'),
(4884, 65, 'Contamana', 10, '2023-01-18 13:48:07'),
(4885, 65, 'Emilio San Martin', 10, '2023-01-18 13:48:07'),
(4886, 65, 'Fernando Lores', 10, '2023-01-18 13:48:07'),
(4887, 65, 'Inahuaya', 10, '2023-01-18 13:48:07'),
(4888, 65, 'Indiana', 10, '2023-01-18 13:48:07'),
(4889, 65, 'Iquitos', 10, '2023-01-18 13:48:07'),
(4890, 65, 'Jeberos', 10, '2023-01-18 13:48:07'),
(4891, 65, 'Jenaro Herrera', 10, '2023-01-18 13:48:07'),
(4892, 65, 'Lagunas', 10, '2023-01-18 13:48:07'),
(4893, 65, 'Las Amazonas', 10, '2023-01-18 13:48:07'),
(4894, 65, 'Manseriche', 10, '2023-01-18 13:48:07'),
(4895, 65, 'Maquia', 10, '2023-01-18 13:48:07'),
(4896, 65, 'Mazan', 10, '2023-01-18 13:48:07'),
(4897, 65, 'Morona', 10, '2023-01-18 13:48:07'),
(4898, 65, 'Napo', 10, '2023-01-18 13:48:07'),
(4899, 65, 'Nauta', 10, '2023-01-18 13:48:07'),
(4900, 65, 'Padre Marquez', 10, '2023-01-18 13:48:08'),
(4901, 65, 'Pampa Hermosa', 10, '2023-01-18 13:48:08'),
(4902, 65, 'Parinari', 10, '2023-01-18 13:48:08'),
(4903, 65, 'Pastaza', 10, '2023-01-18 13:48:08'),
(4904, 65, 'Pebas', 10, '2023-01-18 13:48:08'),
(4905, 65, 'Puinahua', 10, '2023-01-18 13:48:08'),
(4906, 65, 'Punchana', 10, '2023-01-18 13:48:08'),
(4907, 65, 'Putumayo', 10, '2023-01-18 13:48:08'),
(4908, 65, 'Ramon Castilla', 10, '2023-01-18 13:48:08'),
(4909, 65, 'Requena', 10, '2023-01-18 13:48:08'),
(4910, 65, 'Rosa Panduro', 10, '2023-01-18 13:48:08'),
(4911, 65, 'San Juan Bautista', 10, '2023-01-18 13:48:08'),
(4912, 65, 'San Pablo', 10, '2023-01-18 13:48:08'),
(4913, 65, 'Santa Cruz', 10, '2023-01-18 13:48:08'),
(4914, 65, 'Saquena', 10, '2023-01-18 13:48:08'),
(4915, 65, 'Sarayacu', 10, '2023-01-18 13:48:08'),
(4916, 65, 'Soplin', 10, '2023-01-18 13:48:08'),
(4917, 65, 'Tapiche', 10, '2023-01-18 13:48:09'),
(4918, 65, 'Teniente Cesar Lopez Rojas', 10, '2023-01-18 13:48:09'),
(4919, 65, 'Teniente Manuel Clavero', 10, '2023-01-18 13:48:09'),
(4920, 65, 'Tigre', 10, '2023-01-18 13:48:09'),
(4921, 65, 'Torres Causana', 10, '2023-01-18 13:48:09'),
(4922, 65, 'Trompeteros', 10, '2023-01-18 13:48:09'),
(4923, 65, 'Urarinas', 10, '2023-01-18 13:48:09'),
(4924, 65, 'Vargas Guerra', 10, '2023-01-18 13:48:09'),
(4925, 65, 'Yaguas', 10, '2023-01-18 13:48:09'),
(4926, 65, 'Yaquerana', 10, '2023-01-18 13:48:09'),
(4927, 65, 'Yavari', 10, '2023-01-18 13:48:09'),
(4928, 65, 'Yurimaguas', 10, '2023-01-18 13:48:09'),
(4929, 66, 'Fitzcarrald', 10, '2023-01-18 13:48:09'),
(4930, 66, 'Huepetuhe', 10, '2023-01-18 13:48:09'),
(4931, 66, 'Iberia', 10, '2023-01-18 13:48:09'),
(4932, 66, 'Inambari', 10, '2023-01-18 13:48:09'),
(4933, 66, 'Iñapari', 10, '2023-01-18 13:48:09'),
(4934, 66, 'Laberinto', 10, '2023-01-18 13:48:09'),
(4935, 66, 'Las Piedras', 10, '2023-01-18 13:48:10'),
(4936, 66, 'Madre de Dios', 10, '2023-01-18 13:48:10'),
(4937, 66, 'Manu', 10, '2023-01-18 13:48:10'),
(4938, 66, 'Tahuamanu', 10, '2023-01-18 13:48:10'),
(4939, 66, 'Tambopata', 10, '2023-01-18 13:48:10'),
(4940, 67, 'Carumas', 10, '2023-01-18 13:48:10'),
(4941, 67, 'Chojata', 10, '2023-01-18 13:48:10'),
(4942, 67, 'Coalaque', 10, '2023-01-18 13:48:10'),
(4943, 67, 'Cuchumbaya', 10, '2023-01-18 13:48:10'),
(4944, 67, 'El Algarrobal', 10, '2023-01-18 13:48:10'),
(4945, 67, 'Ichuña', 10, '2023-01-18 13:48:10'),
(4946, 67, 'Ilo', 10, '2023-01-18 13:48:10'),
(4947, 67, 'La Capilla', 10, '2023-01-18 13:48:10'),
(4948, 67, 'Lloque', 10, '2023-01-18 13:48:10'),
(4949, 67, 'Matalaque', 10, '2023-01-18 13:48:10'),
(4950, 67, 'Moquegua', 10, '2023-01-18 13:48:10'),
(4951, 67, 'Omate', 10, '2023-01-18 13:48:11'),
(4952, 67, 'Pacocha', 10, '2023-01-18 13:48:11'),
(4953, 67, 'Puquina', 10, '2023-01-18 13:48:11'),
(4954, 67, 'Quinistaquillas', 10, '2023-01-18 13:48:11'),
(4955, 67, 'Samegua', 10, '2023-01-18 13:48:11'),
(4956, 67, 'San Cristobal', 10, '2023-01-18 13:48:11'),
(4957, 67, 'Torata', 10, '2023-01-18 13:48:11'),
(4958, 67, 'Ubinas', 10, '2023-01-18 13:48:11'),
(4959, 67, 'Yunga', 10, '2023-01-18 13:48:11'),
(4960, 68, 'Chacayan', 10, '2023-01-18 13:48:11'),
(4961, 68, 'Chaupimarca', 10, '2023-01-18 13:48:11'),
(4962, 68, 'Chontabamba', 10, '2023-01-18 13:48:11'),
(4963, 68, 'Constitucion', 10, '2023-01-18 13:48:11'),
(4964, 68, 'Goyllarisquizga', 10, '2023-01-18 13:48:11'),
(4965, 68, 'Huachon', 10, '2023-01-18 13:48:12'),
(4966, 68, 'Huancabamba', 10, '2023-01-18 13:48:12'),
(4967, 68, 'Huariaca', 10, '2023-01-18 13:48:12'),
(4968, 68, 'Huayllay', 10, '2023-01-18 13:48:12'),
(4969, 68, 'Ninacaca', 10, '2023-01-18 13:48:12'),
(4970, 68, 'Oxapampa', 10, '2023-01-18 13:48:12'),
(4971, 68, 'Palcazu', 10, '2023-01-18 13:48:12'),
(4972, 68, 'Pallanchacra', 10, '2023-01-18 13:48:12');
INSERT INTO `nivelGeografico3` (`nivelGeografico3`, `idNivelGeografico2`, `nomNivelGeografico3`, `estadoNivelGeografico3`, `creacionNivelGeografico3`) VALUES
(4973, 68, 'Paucar', 10, '2023-01-18 13:48:12'),
(4974, 68, 'Paucartambo', 10, '2023-01-18 13:48:12'),
(4975, 68, 'Pozuzo', 10, '2023-01-18 13:48:12'),
(4976, 68, 'Puerto Bermudez', 10, '2023-01-18 13:48:12'),
(4977, 68, 'San Francisco de Asis de Yarusyacan', 10, '2023-01-18 13:48:12'),
(4978, 68, 'San Pedro de Pillao', 10, '2023-01-18 13:48:12'),
(4979, 68, 'Santa Ana de Tusi', 10, '2023-01-18 13:48:12'),
(4980, 68, 'Simon Bolivar', 10, '2023-01-18 13:48:12'),
(4981, 68, 'Tapuc', 10, '2023-01-18 13:48:12'),
(4982, 68, 'Ticlacayan', 10, '2023-01-18 13:48:12'),
(4983, 68, 'Tinyahuarco', 10, '2023-01-18 13:48:12'),
(4984, 68, 'Vicco', 10, '2023-01-18 13:48:13'),
(4985, 68, 'Vilcabamba', 10, '2023-01-18 13:48:13'),
(4986, 68, 'Villa Rica', 10, '2023-01-18 13:48:13'),
(4987, 68, 'Yanacancha', 10, '2023-01-18 13:48:13'),
(4988, 68, 'Yanahuanca', 10, '2023-01-18 13:48:13'),
(4989, 69, 'Amotape', 10, '2023-01-18 13:48:13'),
(4990, 69, 'Arenal', 10, '2023-01-18 13:48:13'),
(4991, 69, 'Ayabaca', 10, '2023-01-18 13:48:13'),
(4992, 69, 'Bellavista', 10, '2023-01-18 13:48:13'),
(4993, 69, 'Bellavista de la Union', 10, '2023-01-18 13:48:13'),
(4994, 69, 'Bernal', 10, '2023-01-18 13:48:13'),
(4995, 69, 'Buenos Aires', 10, '2023-01-18 13:48:13'),
(4996, 69, 'Canchaque', 10, '2023-01-18 13:48:13'),
(4997, 69, 'Castilla', 10, '2023-01-18 13:48:13'),
(4998, 69, 'Catacaos', 10, '2023-01-18 13:48:13'),
(4999, 69, 'Chalaco', 10, '2023-01-18 13:48:13'),
(5000, 69, 'Chulucanas', 10, '2023-01-18 13:48:14'),
(5001, 69, 'Colan', 10, '2023-01-18 13:48:14'),
(5002, 69, 'Cristo Nos Valga', 10, '2023-01-18 13:48:14'),
(5003, 69, 'Cura Mori', 10, '2023-01-18 13:48:14'),
(5004, 69, 'El Alto', 10, '2023-01-18 13:48:14'),
(5005, 69, 'El Carmen de la Frontera', 10, '2023-01-18 13:48:14'),
(5006, 69, 'El Tallan', 10, '2023-01-18 13:48:14'),
(5007, 69, 'Frias', 10, '2023-01-18 13:48:14'),
(5008, 69, 'Huancabamba', 10, '2023-01-18 13:48:14'),
(5009, 69, 'Huarmaca', 10, '2023-01-18 13:48:14'),
(5010, 69, 'Ignacio Escudero', 10, '2023-01-18 13:48:14'),
(5011, 69, 'Jilili', 10, '2023-01-18 13:48:14'),
(5012, 69, 'La Arena', 10, '2023-01-18 13:48:14'),
(5013, 69, 'La Brea', 10, '2023-01-18 13:48:14'),
(5014, 69, 'Lagunas', 10, '2023-01-18 13:48:14'),
(5015, 69, 'La Huaca', 10, '2023-01-18 13:48:14'),
(5016, 69, 'Lalaquiz', 10, '2023-01-18 13:48:14'),
(5017, 69, 'La Matanza', 10, '2023-01-18 13:48:14'),
(5018, 69, 'Lancones', 10, '2023-01-18 13:48:15'),
(5019, 69, 'Las Lomas', 10, '2023-01-18 13:48:15'),
(5020, 69, 'La Uniòn', 10, '2023-01-18 13:48:15'),
(5021, 69, 'Lobitos', 10, '2023-01-18 13:48:15'),
(5022, 69, 'Los Organos', 10, '2023-01-18 13:48:15'),
(5023, 69, 'Mancora', 10, '2023-01-18 13:48:15'),
(5024, 69, 'Marcavelica', 10, '2023-01-18 13:48:15'),
(5025, 69, 'Miguel Checa', 10, '2023-01-18 13:48:15'),
(5026, 69, 'Montero', 10, '2023-01-18 13:48:15'),
(5027, 69, 'Morropon', 10, '2023-01-18 13:48:15'),
(5028, 69, 'Pacaipampa', 10, '2023-01-18 13:48:15'),
(5029, 69, 'Paimas', 10, '2023-01-18 13:48:15'),
(5030, 69, 'Paita', 10, '2023-01-18 13:48:15'),
(5031, 69, 'Pariñas', 10, '2023-01-18 13:48:15'),
(5032, 69, 'Piura', 10, '2023-01-18 13:48:15'),
(5033, 69, 'Querecotillo', 10, '2023-01-18 13:48:15'),
(5034, 69, 'Rinconada Llicuar', 10, '2023-01-18 13:48:15'),
(5035, 69, 'Salitral', 10, '2023-01-18 13:48:16'),
(5036, 69, 'Salitral', 10, '2023-01-18 13:48:16'),
(5037, 69, 'San Juan de Bigote', 10, '2023-01-18 13:48:16'),
(5038, 69, 'San Miguel de El Faique', 10, '2023-01-18 13:48:16'),
(5039, 69, 'Santa Catalina de Mossa', 10, '2023-01-18 13:48:16'),
(5040, 69, 'Santo Domingo', 10, '2023-01-18 13:48:16'),
(5041, 69, 'Sapillica', 10, '2023-01-18 13:48:16'),
(5042, 69, 'Sechura', 10, '2023-01-18 13:48:16'),
(5043, 69, 'Sicchez', 10, '2023-01-18 13:48:16'),
(5044, 69, 'Sondor', 10, '2023-01-18 13:48:16'),
(5045, 69, 'Sondorillo', 10, '2023-01-18 13:48:16'),
(5046, 69, 'Sullana', 10, '2023-01-18 13:48:16'),
(5047, 69, 'Suyo', 10, '2023-01-18 13:48:16'),
(5048, 69, 'Tamarindo', 10, '2023-01-18 13:48:16'),
(5049, 69, 'Tambo Grande', 10, '2023-01-18 13:48:16'),
(5050, 69, 'Veintiseis de Octubre', 10, '2023-01-18 13:48:16'),
(5051, 69, 'Vice', 10, '2023-01-18 13:48:16'),
(5052, 69, 'Vichayal', 10, '2023-01-18 13:48:17'),
(5053, 69, 'Yamango', 10, '2023-01-18 13:48:17'),
(5054, 70, 'Juliaca', 10, '2023-01-18 13:48:17'),
(5055, 70, 'Desaguadero', 10, '2023-01-18 13:48:17'),
(5056, 70, 'Putina', 10, '2023-01-18 13:48:17'),
(5057, 70, 'Ayaviri', 10, '2023-01-18 13:48:17'),
(5058, 70, 'Asillo', 10, '2023-01-18 13:48:17'),
(5059, 70, 'Saman', 10, '2023-01-18 13:48:17'),
(5060, 70, 'San Juan Del Oro', 10, '2023-01-18 13:48:17'),
(5061, 70, 'Sandia', 10, '2023-01-18 13:48:17'),
(5062, 70, 'Orurillo', 10, '2023-01-18 13:48:17'),
(5063, 70, 'Alto Inambari', 10, '2023-01-18 13:48:17'),
(5064, 70, 'Puno', 10, '2023-01-18 13:48:17'),
(5065, 70, 'Azangaro', 10, '2023-01-18 13:48:17'),
(5066, 70, 'Kelluyo', 10, '2023-01-18 13:48:17'),
(5067, 70, 'Juli', 10, '2023-01-18 13:48:17'),
(5068, 70, 'Pomata', 10, '2023-01-18 13:48:17'),
(5069, 70, 'Taraco', 10, '2023-01-18 13:48:17'),
(5070, 70, 'Chupa', 10, '2023-01-18 13:48:17'),
(5071, 70, 'Ayapata', 10, '2023-01-18 13:48:17'),
(5072, 70, 'Lampa', 10, '2023-01-18 13:48:18'),
(5073, 70, 'Crucero', 10, '2023-01-18 13:48:18'),
(5074, 70, 'Ilave', 10, '2023-01-18 13:48:18'),
(5075, 70, 'Acora', 10, '2023-01-18 13:48:18'),
(5076, 70, 'Usicayos', 10, '2023-01-18 13:48:18'),
(5077, 70, 'Zepita', 10, '2023-01-18 13:48:18'),
(5078, 70, 'Coasa', 10, '2023-01-18 13:48:18'),
(5079, 70, 'Pisacoma', 10, '2023-01-18 13:48:18'),
(5080, 70, 'Macusani', 10, '2023-01-18 13:48:18'),
(5081, 70, 'Capachica', 10, '2023-01-18 13:48:18'),
(5082, 70, 'Huata', 10, '2023-01-18 13:48:18'),
(5083, 70, 'Paratia', 10, '2023-01-18 13:48:19'),
(5084, 70, 'Ananea', 10, '2023-01-18 13:48:19'),
(5085, 70, 'Yunguyo', 10, '2023-01-18 13:48:19'),
(5086, 70, 'Huacullani', 10, '2023-01-18 13:48:19'),
(5087, 70, 'Huancane', 10, '2023-01-18 13:48:19'),
(5088, 70, 'Moho', 10, '2023-01-18 13:48:19'),
(5089, 70, 'San Pedro de Putina Punco', 10, '2023-01-18 13:48:19'),
(5090, 70, 'Pilcuyo', 10, '2023-01-18 13:48:19'),
(5091, 70, 'Nuñoa', 10, '2023-01-18 13:48:19'),
(5092, 70, 'San Anton', 10, '2023-01-18 13:48:19'),
(5093, 70, 'Macari', 10, '2023-01-18 13:48:19'),
(5094, 71, 'Agua Blanca', 10, '2023-01-18 13:48:19'),
(5095, 71, 'Alberto Leveau', 10, '2023-01-18 13:48:19'),
(5096, 71, 'Alonso de Alvarado', 10, '2023-01-18 13:48:19'),
(5097, 71, 'Alto Biavo', 10, '2023-01-18 13:48:19'),
(5098, 71, 'Alto Saposoa', 10, '2023-01-18 13:48:19'),
(5099, 71, 'Awajun', 10, '2023-01-18 13:48:19'),
(5100, 71, 'Bajo Biavo', 10, '2023-01-18 13:48:19'),
(5101, 71, 'Barranquita', 10, '2023-01-18 13:48:20'),
(5102, 71, 'Bellavista', 10, '2023-01-18 13:48:20'),
(5103, 71, 'Buenos Aires', 10, '2023-01-18 13:48:20'),
(5104, 71, 'Cacatachi', 10, '2023-01-18 13:48:20'),
(5105, 71, 'Calzada', 10, '2023-01-18 13:48:20'),
(5106, 71, 'Campanilla', 10, '2023-01-18 13:48:20'),
(5107, 71, 'Caspisapa', 10, '2023-01-18 13:48:20'),
(5108, 71, 'Caynarachi', 10, '2023-01-18 13:48:20'),
(5109, 71, 'Chazuta', 10, '2023-01-18 13:48:20'),
(5110, 71, 'Chipurana', 10, '2023-01-18 13:48:20'),
(5111, 71, 'Cuñumbuqui', 10, '2023-01-18 13:48:20'),
(5112, 71, 'El Eslabon', 10, '2023-01-18 13:48:20'),
(5113, 71, 'Elias Soplin Vargas', 10, '2023-01-18 13:48:20'),
(5114, 71, 'El Porvenir', 10, '2023-01-18 13:48:20'),
(5115, 71, 'Habana', 10, '2023-01-18 13:48:20'),
(5116, 71, 'Huallaga', 10, '2023-01-18 13:48:20'),
(5117, 71, 'Huicungo', 10, '2023-01-18 13:48:20'),
(5118, 71, 'Huimbayoc', 10, '2023-01-18 13:48:20'),
(5119, 71, 'Jepelacio', 10, '2023-01-18 13:48:20'),
(5120, 71, 'Juan Guerra', 10, '2023-01-18 13:48:21'),
(5121, 71, 'Juanjui', 10, '2023-01-18 13:48:21'),
(5122, 71, 'La Banda de Shilcayo', 10, '2023-01-18 13:48:21'),
(5123, 71, 'Lamas', 10, '2023-01-18 13:48:21'),
(5124, 71, 'Morales', 10, '2023-01-18 13:48:21'),
(5125, 71, 'Moyobamba', 10, '2023-01-18 13:48:21'),
(5126, 71, 'Nueva Cajamarca', 10, '2023-01-18 13:48:21'),
(5127, 71, 'Nuevo Progreso', 10, '2023-01-18 13:48:21'),
(5128, 71, 'Pachiza', 10, '2023-01-18 13:48:21'),
(5129, 71, 'Pajarillo', 10, '2023-01-18 13:48:21'),
(5130, 71, 'Papaplaya', 10, '2023-01-18 13:48:21'),
(5131, 71, 'Pardo Miguel', 10, '2023-01-18 13:48:21'),
(5132, 71, 'Picota', 10, '2023-01-18 13:48:21'),
(5133, 71, 'Pilluana', 10, '2023-01-18 13:48:21'),
(5134, 71, 'Pinto Recodo', 10, '2023-01-18 13:48:21'),
(5135, 71, 'Piscoyacu', 10, '2023-01-18 13:48:21'),
(5136, 71, 'Polvora', 10, '2023-01-18 13:48:21'),
(5137, 71, 'Posic', 10, '2023-01-18 13:48:22'),
(5138, 71, 'Pucacaca', 10, '2023-01-18 13:48:22'),
(5139, 71, 'Rioja', 10, '2023-01-18 13:48:22'),
(5140, 71, 'Rumisapa', 10, '2023-01-18 13:48:22'),
(5141, 71, 'Sacanche', 10, '2023-01-18 13:48:22'),
(5142, 71, 'San Antonio', 10, '2023-01-18 13:48:22'),
(5143, 71, 'San Cristobal', 10, '2023-01-18 13:48:22'),
(5144, 71, 'San Fernando', 10, '2023-01-18 13:48:22'),
(5145, 71, 'San Hilarion', 10, '2023-01-18 13:48:22'),
(5146, 71, 'San Jose de Sisa', 10, '2023-01-18 13:48:22'),
(5147, 71, 'San Martin', 10, '2023-01-18 13:48:22'),
(5148, 71, 'San Pablo', 10, '2023-01-18 13:48:22'),
(5149, 71, 'San Rafael', 10, '2023-01-18 13:48:22'),
(5150, 71, 'San Roque de Cumbaza', 10, '2023-01-18 13:48:22'),
(5151, 71, 'Santa Rosa', 10, '2023-01-18 13:48:22'),
(5152, 71, 'Saposoa', 10, '2023-01-18 13:48:23'),
(5153, 71, 'Sauce', 10, '2023-01-18 13:48:23'),
(5154, 71, 'Shamboyacu', 10, '2023-01-18 13:48:23'),
(5155, 71, 'Shanao', 10, '2023-01-18 13:48:23'),
(5156, 71, 'Shapaja', 10, '2023-01-18 13:48:23'),
(5157, 71, 'Shatoja', 10, '2023-01-18 13:48:23'),
(5158, 71, 'Shunte', 10, '2023-01-18 13:48:23'),
(5159, 71, 'Soritor', 10, '2023-01-18 13:48:23'),
(5160, 71, 'Tabalosos', 10, '2023-01-18 13:48:23'),
(5161, 71, 'Tarapoto', 10, '2023-01-18 13:48:23'),
(5162, 71, 'Tingo de Ponasa', 10, '2023-01-18 13:48:23'),
(5163, 71, 'Tingo de Saposoa', 10, '2023-01-18 13:48:23'),
(5164, 71, 'Tocache', 10, '2023-01-18 13:48:23'),
(5165, 71, 'Tres Unidos', 10, '2023-01-18 13:48:23'),
(5166, 71, 'Uchiza', 10, '2023-01-18 13:48:23'),
(5167, 71, 'Yantalo', 10, '2023-01-18 13:48:23'),
(5168, 71, 'Yorongos', 10, '2023-01-18 13:48:23'),
(5169, 71, 'Yuracyacu', 10, '2023-01-18 13:48:23'),
(5170, 71, 'Zapatero', 10, '2023-01-18 13:48:23'),
(5171, 72, 'Alto de la Alianza', 10, '2023-01-18 13:48:23'),
(5172, 72, 'Cairani', 10, '2023-01-18 13:48:24'),
(5173, 72, 'Calana', 10, '2023-01-18 13:48:24'),
(5174, 72, 'Camilaca', 10, '2023-01-18 13:48:24'),
(5175, 72, 'Candarave', 10, '2023-01-18 13:48:24'),
(5176, 72, 'Ciudad Nueva', 10, '2023-01-18 13:48:24'),
(5177, 72, 'Coronel Gregorio Albarracin Lanchipa', 10, '2023-01-18 13:48:24'),
(5178, 72, 'Curibaya', 10, '2023-01-18 13:48:24'),
(5179, 72, 'Estique', 10, '2023-01-18 13:48:24'),
(5180, 72, 'Estique-pampa', 10, '2023-01-18 13:48:24'),
(5181, 72, 'Heroes Albarracin', 10, '2023-01-18 13:48:24'),
(5182, 72, 'Huanuara', 10, '2023-01-18 13:48:24'),
(5183, 72, 'Ilabaya', 10, '2023-01-18 13:48:24'),
(5184, 72, 'Inclan', 10, '2023-01-18 13:48:24'),
(5185, 72, 'Ite', 10, '2023-01-18 13:48:24'),
(5186, 72, 'La Yarada Los Palos', 10, '2023-01-18 13:48:24'),
(5187, 72, 'Locumba', 10, '2023-01-18 13:48:24'),
(5188, 72, 'Pachia', 10, '2023-01-18 13:48:24'),
(5189, 72, 'Palca', 10, '2023-01-18 13:48:24'),
(5190, 72, 'Pocollay', 10, '2023-01-18 13:48:24'),
(5191, 72, 'Quilahuani', 10, '2023-01-18 13:48:24'),
(5192, 72, 'Sama', 10, '2023-01-18 13:48:24'),
(5193, 72, 'Sitajara', 10, '2023-01-18 13:48:25'),
(5194, 72, 'Susapaya', 10, '2023-01-18 13:48:25'),
(5195, 72, 'Tacna', 10, '2023-01-18 13:48:25'),
(5196, 72, 'Tarata', 10, '2023-01-18 13:48:25'),
(5197, 72, 'Tarucachi', 10, '2023-01-18 13:48:25'),
(5198, 72, 'Ticaco', 10, '2023-01-18 13:48:25'),
(5199, 73, 'Aguas Verdes', 10, '2023-01-18 13:48:25'),
(5200, 73, 'Canoas de Punta Sal', 10, '2023-01-18 13:48:25'),
(5201, 73, 'Casitas', 10, '2023-01-18 13:48:25'),
(5202, 73, 'Corrales', 10, '2023-01-18 13:48:25'),
(5203, 73, 'La Cruz', 10, '2023-01-18 13:48:25'),
(5204, 73, 'Matapalo', 10, '2023-01-18 13:48:25'),
(5205, 73, 'Pampas de Hospital', 10, '2023-01-18 13:48:25'),
(5206, 73, 'Papayal', 10, '2023-01-18 13:48:25'),
(5207, 73, 'San Jacinto', 10, '2023-01-18 13:48:25'),
(5208, 73, 'San Juan de la Virgen', 10, '2023-01-18 13:48:25'),
(5209, 73, 'Tumbes', 10, '2023-01-18 13:48:26'),
(5210, 73, 'Zarumilla', 10, '2023-01-18 13:48:26'),
(5211, 73, 'Zorritos', 10, '2023-01-18 13:48:26'),
(5212, 74, 'Alexander Von Humboldt', 10, '2023-01-18 13:48:26'),
(5213, 74, 'Calleria', 10, '2023-01-18 13:48:26'),
(5214, 74, 'Campoverde', 10, '2023-01-18 13:48:26'),
(5215, 74, 'Curimana', 10, '2023-01-18 13:48:26'),
(5216, 74, 'Iparia', 10, '2023-01-18 13:48:26'),
(5217, 74, 'Irazola', 10, '2023-01-18 13:48:26'),
(5218, 74, 'Manantay', 10, '2023-01-18 13:48:26'),
(5219, 74, 'Masisea', 10, '2023-01-18 13:48:26'),
(5220, 74, 'Neshuya', 10, '2023-01-18 13:48:26'),
(5221, 74, 'Nueva Requena', 10, '2023-01-18 13:48:26'),
(5222, 74, 'Padre Abad', 10, '2023-01-18 13:48:26'),
(5223, 74, 'Purus', 10, '2023-01-18 13:48:26'),
(5224, 74, 'Raymondi', 10, '2023-01-18 13:48:26'),
(5225, 74, 'Sepahua', 10, '2023-01-18 13:48:26'),
(5226, 74, 'Tahuania', 10, '2023-01-18 13:48:26'),
(5227, 74, 'Yarinacocha', 10, '2023-01-18 13:48:26'),
(5228, 74, 'Yurua', 10, '2023-01-18 13:48:26'),
(5229, 39, 'Sao Paulo', 10, '2023-01-18 13:48:27'),
(5230, 39, 'Sao José dos Campos', 10, '2023-01-18 13:48:27'),
(5231, 39, 'Sorocaba', 10, '2023-01-18 13:48:27'),
(5232, 39, 'Santos', 10, '2023-01-18 13:48:27'),
(5233, 39, 'Carapicuíba', 10, '2023-01-18 13:48:27'),
(5234, 39, 'Franca', 10, '2023-01-18 13:48:27'),
(5235, 39, 'Limeira', 10, '2023-01-18 13:48:27'),
(5236, 39, 'Barueri', 10, '2023-01-18 13:48:27'),
(5237, 39, 'Cotia', 10, '2023-01-18 13:48:27'),
(5238, 39, 'Araraquara', 10, '2023-01-18 13:48:27'),
(5239, 39, 'Guarulhos', 10, '2023-01-18 13:48:27'),
(5240, 39, 'Santo André', 10, '2023-01-18 13:48:27'),
(5241, 39, 'Mauá', 10, '2023-01-18 13:48:27'),
(5242, 39, 'Diadema', 10, '2023-01-18 13:48:27'),
(5243, 39, 'Bauru', 10, '2023-01-18 13:48:27'),
(5244, 39, 'Praia Grande', 10, '2023-01-18 13:48:27'),
(5245, 39, 'Suzano', 10, '2023-01-18 13:48:27'),
(5246, 39, 'Embu das Artes', 10, '2023-01-18 13:48:28'),
(5247, 39, 'Americana', 10, '2023-01-18 13:48:28'),
(5248, 39, 'Jacareí', 10, '2023-01-18 13:48:28'),
(5249, 39, 'Campinas', 10, '2023-01-18 13:48:28'),
(5250, 39, 'Ribeirao Preto', 10, '2023-01-18 13:48:28'),
(5251, 39, 'Sao José do Rio Preto', 10, '2023-01-18 13:48:28'),
(5252, 39, 'Jundiaí', 10, '2023-01-18 13:48:28'),
(5253, 39, 'Itaquaquecetuba', 10, '2023-01-18 13:48:28'),
(5254, 39, 'Guarujá', 10, '2023-01-18 13:48:28'),
(5255, 39, 'Taboao da Serra', 10, '2023-01-18 13:48:28'),
(5256, 39, 'Sao Carlos', 10, '2023-01-18 13:48:28'),
(5257, 39, 'Marília', 10, '2023-01-18 13:48:28'),
(5258, 39, 'Presidente Prudente', 10, '2023-01-18 13:48:28'),
(5259, 39, 'Sao Bernardo do Campo', 10, '2023-01-18 13:48:28'),
(5260, 39, 'Osasco', 10, '2023-01-18 13:48:28'),
(5261, 39, 'Mogi das Cruzes', 10, '2023-01-18 13:48:28'),
(5262, 39, 'Piracicaba', 10, '2023-01-18 13:48:28'),
(5263, 39, 'Sao Vicente', 10, '2023-01-18 13:48:29'),
(5264, 39, 'Taubaté', 10, '2023-01-18 13:48:29'),
(5265, 39, 'Sumaré', 10, '2023-01-18 13:48:29'),
(5266, 39, 'Indaiatuba', 10, '2023-01-18 13:48:29'),
(5267, 39, 'Itapevi', 10, '2023-01-18 13:48:29'),
(5268, 39, 'Hortolandia', 10, '2023-01-18 13:48:29'),
(5269, 40, 'Angra dos Reis', 10, '2023-01-18 13:48:29'),
(5270, 40, 'Aperibé', 10, '2023-01-18 13:48:29'),
(5271, 40, 'Araruama', 10, '2023-01-18 13:48:29'),
(5272, 40, 'Areal', 10, '2023-01-18 13:48:29'),
(5273, 40, 'Búzios', 10, '2023-01-18 13:48:29'),
(5274, 40, 'Arraial do Cabo', 10, '2023-01-18 13:48:29'),
(5275, 40, 'Barra do Piraí', 10, '2023-01-18 13:48:29'),
(5276, 40, 'Barra Mansa', 10, '2023-01-18 13:48:29'),
(5277, 40, 'Belford Roxo', 10, '2023-01-18 13:48:29'),
(5278, 40, 'Bom Jardim', 10, '2023-01-18 13:48:30'),
(5279, 40, 'Bom Jesus do Itabapoana', 10, '2023-01-18 13:48:30'),
(5280, 40, 'Cabo Frío', 10, '2023-01-18 13:48:30'),
(5281, 40, 'Cachoeiras de Macacu', 10, '2023-01-18 13:48:30'),
(5282, 40, 'Cambuci', 10, '2023-01-18 13:48:30'),
(5283, 40, 'Campos dos Goytacazes', 10, '2023-01-18 13:48:30'),
(5284, 40, 'Cantagalo', 10, '2023-01-18 13:48:30'),
(5285, 40, 'Carapebus', 10, '2023-01-18 13:48:30'),
(5286, 40, 'Cardoso Moreira', 10, '2023-01-18 13:48:30'),
(5287, 40, 'Carmo', 10, '2023-01-18 13:48:30'),
(5288, 40, 'Casimiro de Abreu', 10, '2023-01-18 13:48:30'),
(5289, 40, 'Comendador Levy Gasparian', 10, '2023-01-18 13:48:30'),
(5290, 40, 'Conceicao de Macabu', 10, '2023-01-18 13:48:30'),
(5291, 40, 'Cordeiro', 10, '2023-01-18 13:48:30'),
(5292, 40, 'Duas Barras', 10, '2023-01-18 13:48:30'),
(5293, 40, 'Duque de Caxias', 10, '2023-01-18 13:48:30'),
(5294, 40, 'Engenheiro Paulo de Frontin', 10, '2023-01-18 13:48:30'),
(5295, 40, 'Guapimirim', 10, '2023-01-18 13:48:30'),
(5296, 40, 'Iguaba Grande', 10, '2023-01-18 13:48:30'),
(5297, 40, 'Itaboraí', 10, '2023-01-18 13:48:31'),
(5298, 40, 'Itaguaí', 10, '2023-01-18 13:48:31'),
(5299, 40, 'Italva', 10, '2023-01-18 13:48:31'),
(5300, 40, 'Itaocara', 10, '2023-01-18 13:48:31'),
(5301, 40, 'Itaperuna', 10, '2023-01-18 13:48:31'),
(5302, 40, 'Itatiaia', 10, '2023-01-18 13:48:31'),
(5303, 40, 'Japeri', 10, '2023-01-18 13:48:31'),
(5304, 40, 'Laje do Muriaé', 10, '2023-01-18 13:48:31'),
(5305, 40, 'Macaé', 10, '2023-01-18 13:48:31'),
(5306, 40, 'Macuco', 10, '2023-01-18 13:48:31'),
(5307, 40, 'Magé', 10, '2023-01-18 13:48:31'),
(5308, 40, 'Mangaratiba', 10, '2023-01-18 13:48:31'),
(5309, 40, 'Maricá', 10, '2023-01-18 13:48:31'),
(5310, 40, 'Mendes', 10, '2023-01-18 13:48:31'),
(5311, 40, 'Mesquita', 10, '2023-01-18 13:48:31'),
(5312, 40, 'Miguel Pereira', 10, '2023-01-18 13:48:31'),
(5313, 40, 'Miracema', 10, '2023-01-18 13:48:31'),
(5314, 40, 'Natividade', 10, '2023-01-18 13:48:31'),
(5315, 40, 'Nilópolis', 10, '2023-01-18 13:48:32'),
(5316, 40, 'Niterói', 10, '2023-01-18 13:48:32'),
(5317, 40, 'Nueva Friburgo', 10, '2023-01-18 13:48:32'),
(5318, 40, 'Nova Iguacu', 10, '2023-01-18 13:48:32'),
(5319, 40, 'Paracambi', 10, '2023-01-18 13:48:32'),
(5320, 40, 'Paraíba do Sul', 10, '2023-01-18 13:48:32'),
(5321, 40, 'Parati', 10, '2023-01-18 13:48:32'),
(5322, 40, 'Paty do Alferes', 10, '2023-01-18 13:48:32'),
(5323, 40, 'Petrópolis', 10, '2023-01-18 13:48:32'),
(5324, 40, 'Pinheiral', 10, '2023-01-18 13:48:32'),
(5325, 40, 'Piraí', 10, '2023-01-18 13:48:32'),
(5326, 40, 'Porciúncula', 10, '2023-01-18 13:48:32'),
(5327, 40, 'Porto Real', 10, '2023-01-18 13:48:32'),
(5328, 40, 'Quatis', 10, '2023-01-18 13:48:32'),
(5329, 40, 'Queimados', 10, '2023-01-18 13:48:32'),
(5330, 40, 'Quissama', 10, '2023-01-18 13:48:33'),
(5331, 40, 'Resende', 10, '2023-01-18 13:48:33'),
(5332, 40, 'Rio Bonito', 10, '2023-01-18 13:48:33'),
(5333, 40, 'Rio Claro', 10, '2023-01-18 13:48:33'),
(5334, 40, 'Rio das Flores', 10, '2023-01-18 13:48:33'),
(5335, 40, 'Rio das Ostras', 10, '2023-01-18 13:48:33'),
(5336, 40, 'Río de Janeiro', 10, '2023-01-18 13:48:33'),
(5337, 40, 'Santa Maria Madalena', 10, '2023-01-18 13:48:33'),
(5338, 40, 'Santo Antonio de Pádua', 10, '2023-01-18 13:48:33'),
(5339, 40, 'Sao Fidélis', 10, '2023-01-18 13:48:33'),
(5340, 40, 'Sao Francisco de Itabapoana', 10, '2023-01-18 13:48:33'),
(5341, 40, 'Sao Goncalo', 10, '2023-01-18 13:48:33'),
(5342, 40, 'Sao Joao da Barra', 10, '2023-01-18 13:48:33'),
(5343, 40, 'Sao Joao de Meriti', 10, '2023-01-18 13:48:33'),
(5344, 40, 'Sao José de Ubá', 10, '2023-01-18 13:48:33'),
(5345, 40, 'Sao José do Vale do Rio Preto', 10, '2023-01-18 13:48:33'),
(5346, 40, 'Sao Pedro da Aldeia', 10, '2023-01-18 13:48:33'),
(5347, 40, 'Sao Sebastiao do Alto', 10, '2023-01-18 13:48:33'),
(5348, 40, 'Sapucaia', 10, '2023-01-18 13:48:33'),
(5349, 40, 'Saquarema', 10, '2023-01-18 13:48:33'),
(5350, 40, 'Seropédica', 10, '2023-01-18 13:48:33'),
(5351, 40, 'Silva Jardim', 10, '2023-01-18 13:48:33'),
(5352, 40, 'Sumidouro', 10, '2023-01-18 13:48:34'),
(5353, 40, 'Tanguá', 10, '2023-01-18 13:48:34'),
(5354, 40, 'Teresópolis', 10, '2023-01-18 13:48:34'),
(5355, 40, 'Trajano de Moraes', 10, '2023-01-18 13:48:34'),
(5356, 40, 'Tres Rios', 10, '2023-01-18 13:48:34'),
(5357, 40, 'Valenca', 10, '2023-01-18 13:48:34'),
(5358, 40, 'Varre-Sai', 10, '2023-01-18 13:48:34'),
(5359, 40, 'Vassouras', 10, '2023-01-18 13:48:34'),
(5360, 40, 'Volta Redonda', 10, '2023-01-18 13:48:34'),
(5361, 123, 'Salvador de Bahía', 10, '2023-01-18 13:48:34'),
(5362, 123, 'Juazeiro', 10, '2023-01-18 13:48:34'),
(5363, 123, 'Teixeira de Freitas', 10, '2023-01-18 13:48:34'),
(5364, 123, 'Porto Seguro', 10, '2023-01-18 13:48:34'),
(5365, 123, 'Santo Antonio de Jesus', 10, '2023-01-18 13:48:34'),
(5366, 123, 'Guanambi', 10, '2023-01-18 13:48:34'),
(5367, 123, 'Senhor do Bonfim', 10, '2023-01-18 13:48:34'),
(5368, 123, 'Campo Formoso', 10, '2023-01-18 13:48:34'),
(5369, 123, 'Itaberaba', 10, '2023-01-18 13:48:34'),
(5370, 123, 'Santo Amaro', 10, '2023-01-18 13:48:35'),
(5371, 123, 'Feira de Santana', 10, '2023-01-18 13:48:35'),
(5372, 123, 'Itabuna', 10, '2023-01-18 13:48:35'),
(5373, 123, 'Jequié', 10, '2023-01-18 13:48:35'),
(5374, 123, 'Simoes Filho', 10, '2023-01-18 13:48:35'),
(5375, 123, 'Valenca', 10, '2023-01-18 13:48:35'),
(5376, 123, 'Dias dÁvila', 10, '2023-01-18 13:48:35'),
(5377, 123, 'Itapetinga', 10, '2023-01-18 13:48:35'),
(5378, 123, 'Bom Jesus da Lapa', 10, '2023-01-18 13:48:35'),
(5379, 123, 'Itamaraju', 10, '2023-01-18 13:48:35'),
(5380, 123, 'Ipirá', 10, '2023-01-18 13:48:35'),
(5381, 123, 'Vitória da Conquista', 10, '2023-01-18 13:48:35'),
(5382, 123, 'Lauro de Freitas', 10, '2023-01-18 13:48:35'),
(5383, 123, 'Barreiras', 10, '2023-01-18 13:48:35'),
(5384, 123, 'Paulo Afonso', 10, '2023-01-18 13:48:35'),
(5385, 123, 'Luís Eduardo Magalhaes', 10, '2023-01-18 13:48:35'),
(5386, 123, 'Serrinha', 10, '2023-01-18 13:48:36'),
(5387, 123, 'Irece', 10, '2023-01-18 13:48:36'),
(5388, 123, 'Brumado', 10, '2023-01-18 13:48:36'),
(5389, 123, 'Cruz das Almas', 10, '2023-01-18 13:48:36'),
(5390, 123, 'Catu', 10, '2023-01-18 13:48:36'),
(5391, 123, 'Camacari', 10, '2023-01-18 13:48:36'),
(5392, 123, 'Ilhéus', 10, '2023-01-18 13:48:36'),
(5393, 123, 'Alagoinhas', 10, '2023-01-18 13:48:36'),
(5394, 123, 'Eunápolis', 10, '2023-01-18 13:48:36'),
(5395, 123, 'Candeias', 10, '2023-01-18 13:48:36'),
(5396, 123, 'Jacobina', 10, '2023-01-18 13:48:36'),
(5397, 123, 'Casa Nova', 10, '2023-01-18 13:48:36'),
(5398, 123, 'Conceicao do Coité', 10, '2023-01-18 13:48:36'),
(5399, 123, 'Euclides da Cunha', 10, '2023-01-18 13:48:36'),
(5400, 123, 'Jaguaquara', 10, '2023-01-18 13:48:36'),
(5401, 124, 'Fortaleza', 10, '2023-01-18 13:48:36'),
(5402, 124, 'Sobral', 10, '2023-01-18 13:48:36'),
(5403, 124, 'Iguatu', 10, '2023-01-18 13:48:37'),
(5404, 124, 'Aquiraz', 10, '2023-01-18 13:48:37'),
(5405, 124, 'Crateús', 10, '2023-01-18 13:48:37'),
(5406, 124, 'Icó', 10, '2023-01-18 13:48:37'),
(5407, 124, 'Morada Nova', 10, '2023-01-18 13:48:37'),
(5408, 124, 'Tauá', 10, '2023-01-18 13:48:37'),
(5409, 124, 'Acopiara', 10, '2023-01-18 13:48:37'),
(5410, 124, 'Brejo Santo', 10, '2023-01-18 13:48:37'),
(5411, 124, 'Caucaia', 10, '2023-01-18 13:48:37'),
(5412, 124, 'Crato', 10, '2023-01-18 13:48:37'),
(5413, 124, 'Quixadá', 10, '2023-01-18 13:48:37'),
(5414, 124, 'Russas', 10, '2023-01-18 13:48:37'),
(5415, 124, 'Aracati', 10, '2023-01-18 13:48:37'),
(5416, 124, 'Horizonte', 10, '2023-01-18 13:48:37'),
(5417, 124, 'Vicosa do Ceará', 10, '2023-01-18 13:48:37'),
(5418, 124, 'Trairi', 10, '2023-01-18 13:48:37'),
(5419, 124, 'Eusébio', 10, '2023-01-18 13:48:37'),
(5420, 124, 'Sao Goncalo do Amarante', 10, '2023-01-18 13:48:37'),
(5421, 124, 'Juazeiro do Norte', 10, '2023-01-18 13:48:37'),
(5422, 124, 'Itapipoca', 10, '2023-01-18 13:48:38'),
(5423, 124, 'Pacatuba', 10, '2023-01-18 13:48:38'),
(5424, 124, 'Canindé', 10, '2023-01-18 13:48:38'),
(5425, 124, 'Pacajus', 10, '2023-01-18 13:48:38'),
(5426, 124, 'Camocim', 10, '2023-01-18 13:48:38'),
(5427, 124, 'Barbalha', 10, '2023-01-18 13:48:38'),
(5428, 124, 'Granja', 10, '2023-01-18 13:48:38'),
(5429, 124, 'Beberibe', 10, '2023-01-18 13:48:38'),
(5430, 124, 'Mauriti', 10, '2023-01-18 13:48:38'),
(5431, 124, 'Maracanaú', 10, '2023-01-18 13:48:38'),
(5432, 124, 'Maranguape', 10, '2023-01-18 13:48:38'),
(5433, 124, 'Quixeramobim', 10, '2023-01-18 13:48:38'),
(5434, 124, 'Tianguá', 10, '2023-01-18 13:48:38'),
(5435, 124, 'Cascavel', 10, '2023-01-18 13:48:38'),
(5436, 124, 'Acaraú', 10, '2023-01-18 13:48:38'),
(5437, 124, 'Limoeiro do Norte', 10, '2023-01-18 13:48:38'),
(5438, 124, 'Boa Viagem', 10, '2023-01-18 13:48:38'),
(5439, 124, 'Itapajé', 10, '2023-01-18 13:48:39'),
(5440, 124, 'Sao Benedito', 10, '2023-01-18 13:48:39'),
(5441, 125, 'Belo Horizonte', 10, '2023-01-18 13:48:39'),
(5442, 125, 'Betim', 10, '2023-01-18 13:48:39'),
(5443, 125, 'Governador Valadares', 10, '2023-01-18 13:48:39'),
(5444, 125, 'Santa Luzia', 10, '2023-01-18 13:48:39'),
(5445, 125, 'Pouso Alegre', 10, '2023-01-18 13:48:39'),
(5446, 125, 'Varginha', 10, '2023-01-18 13:48:39'),
(5447, 125, 'Araguari', 10, '2023-01-18 13:48:39'),
(5448, 125, 'Muriaé', 10, '2023-01-18 13:48:39'),
(5449, 125, 'Nova Serrana', 10, '2023-01-18 13:48:39'),
(5450, 125, 'Itaúna', 10, '2023-01-18 13:48:39'),
(5451, 125, 'Uberlandia', 10, '2023-01-18 13:48:39'),
(5452, 125, 'Montes Claros', 10, '2023-01-18 13:48:39'),
(5453, 125, 'Ipatinga', 10, '2023-01-18 13:48:39'),
(5454, 125, 'Ibirité', 10, '2023-01-18 13:48:39'),
(5455, 125, 'Teófilo Otoni', 10, '2023-01-18 13:48:39'),
(5456, 125, 'Conselheiro Lafaiete', 10, '2023-01-18 13:48:39'),
(5457, 125, 'Ubá', 10, '2023-01-18 13:48:39'),
(5458, 125, 'Araxá', 10, '2023-01-18 13:48:40'),
(5459, 125, 'Itajubá', 10, '2023-01-18 13:48:40'),
(5460, 125, 'Paracatu', 10, '2023-01-18 13:48:40'),
(5461, 125, 'Contagem', 10, '2023-01-18 13:48:40'),
(5462, 125, 'Ribeirao das Neves', 10, '2023-01-18 13:48:40'),
(5463, 125, 'Sete Lagoas', 10, '2023-01-18 13:48:40'),
(5464, 125, 'Pocos de Caldas', 10, '2023-01-18 13:48:40'),
(5465, 125, 'Barbacena', 10, '2023-01-18 13:48:40'),
(5466, 125, 'Vespasiano', 10, '2023-01-18 13:48:40'),
(5467, 125, 'Passos', 10, '2023-01-18 13:48:40'),
(5468, 125, 'Ituiutaba', 10, '2023-01-18 13:48:40'),
(5469, 125, 'Nova Lima', 10, '2023-01-18 13:48:40'),
(5470, 125, 'Caratinga', 10, '2023-01-18 13:48:40'),
(5471, 125, 'Juiz de Fora', 10, '2023-01-18 13:48:40'),
(5472, 125, 'Uberaba', 10, '2023-01-18 13:48:40'),
(5473, 125, 'Divinópolis', 10, '2023-01-18 13:48:40'),
(5474, 125, 'Patos de Minas', 10, '2023-01-18 13:48:40'),
(5475, 125, 'Sabará', 10, '2023-01-18 13:48:40'),
(5476, 125, 'Itabira', 10, '2023-01-18 13:48:40'),
(5477, 125, 'Coronel Fabriciano', 10, '2023-01-18 13:48:40'),
(5478, 125, 'Lavras', 10, '2023-01-18 13:48:41'),
(5479, 125, 'Pará de Minas', 10, '2023-01-18 13:48:41'),
(5480, 125, 'Manhuacu', 10, '2023-01-18 13:48:41'),
(5481, 126, 'Alvaraes', 10, '2023-01-18 13:48:41'),
(5482, 126, 'Amaturá', 10, '2023-01-18 13:48:41'),
(5483, 126, 'Anama', 10, '2023-01-18 13:48:41'),
(5484, 126, 'Anori', 10, '2023-01-18 13:48:41'),
(5485, 126, 'Apuí', 10, '2023-01-18 13:48:41'),
(5486, 126, 'Atalaia do Norte', 10, '2023-01-18 13:48:41'),
(5487, 126, 'Autazes', 10, '2023-01-18 13:48:41'),
(5488, 126, 'Barcelos', 10, '2023-01-18 13:48:41'),
(5489, 126, 'Barreirinha', 10, '2023-01-18 13:48:41'),
(5490, 126, 'Benjamin Constant', 10, '2023-01-18 13:48:41'),
(5491, 126, 'Beruri', 10, '2023-01-18 13:48:41'),
(5492, 126, 'Boa Vista do Ramos', 10, '2023-01-18 13:48:41'),
(5493, 126, 'Boca do Acre', 10, '2023-01-18 13:48:41'),
(5494, 126, 'Borba', 10, '2023-01-18 13:48:41'),
(5495, 126, 'Caapiranga', 10, '2023-01-18 13:48:41'),
(5496, 126, 'Canutama', 10, '2023-01-18 13:48:41'),
(5497, 126, 'Carauari', 10, '2023-01-18 13:48:42'),
(5498, 126, 'Careiro', 10, '2023-01-18 13:48:42'),
(5499, 126, 'Careiro da Várzea', 10, '2023-01-18 13:48:42'),
(5500, 126, 'Coari', 10, '2023-01-18 13:48:42'),
(5501, 126, 'Codajás', 10, '2023-01-18 13:48:42'),
(5502, 126, 'Eirunepé', 10, '2023-01-18 13:48:42'),
(5503, 126, 'Envira', 10, '2023-01-18 13:48:42'),
(5504, 126, 'Fonte Boa', 10, '2023-01-18 13:48:42'),
(5505, 126, 'Guajará', 10, '2023-01-18 13:48:42'),
(5506, 126, 'Humaitá', 10, '2023-01-18 13:48:42'),
(5507, 126, 'Ipixuna', 10, '2023-01-18 13:48:42'),
(5508, 126, 'Iranduba', 10, '2023-01-18 13:48:42'),
(5509, 126, 'Itacoatiara', 10, '2023-01-18 13:48:42'),
(5510, 126, 'Itamarati', 10, '2023-01-18 13:48:42'),
(5511, 126, 'Itapiranga', 10, '2023-01-18 13:48:42'),
(5512, 126, 'Japurá', 10, '2023-01-18 13:48:42'),
(5513, 126, 'Juruá', 10, '2023-01-18 13:48:42'),
(5514, 126, 'Jutaí', 10, '2023-01-18 13:48:43'),
(5515, 126, 'Lábrea', 10, '2023-01-18 13:48:43'),
(5516, 126, 'Manacapuru', 10, '2023-01-18 13:48:43'),
(5517, 126, 'Manaquiri', 10, '2023-01-18 13:48:43'),
(5518, 126, 'Manaos', 10, '2023-01-18 13:48:43'),
(5519, 126, 'Manicoré', 10, '2023-01-18 13:48:43'),
(5520, 126, 'Maraa', 10, '2023-01-18 13:48:43'),
(5521, 126, 'Maués', 10, '2023-01-18 13:48:43'),
(5522, 126, 'Nhamundá', 10, '2023-01-18 13:48:43'),
(5523, 126, 'Nova Olinda do Norte', 10, '2023-01-18 13:48:43'),
(5524, 126, 'Novo Airao', 10, '2023-01-18 13:48:43'),
(5525, 126, 'Novo Aripuana', 10, '2023-01-18 13:48:43'),
(5526, 126, 'Parintins', 10, '2023-01-18 13:48:43'),
(5527, 126, 'Pauini', 10, '2023-01-18 13:48:43'),
(5528, 126, 'Presidente Figueiredo', 10, '2023-01-18 13:48:43'),
(5529, 126, 'Rio Preto da Eva', 10, '2023-01-18 13:48:43'),
(5530, 126, 'Santa Isabel do Rio Negro', 10, '2023-01-18 13:48:43'),
(5531, 126, 'Santo Antônio do Icá', 10, '2023-01-18 13:48:43'),
(5532, 126, 'Sao Gabriel da Cachoeira', 10, '2023-01-18 13:48:44'),
(5533, 126, 'Sao Paulo de Olivenca', 10, '2023-01-18 13:48:44'),
(5534, 126, 'Sao Sebastiao do Uatuma', 10, '2023-01-18 13:48:44'),
(5535, 126, 'Silves', 10, '2023-01-18 13:48:44'),
(5536, 126, 'Tabatinga', 10, '2023-01-18 13:48:44'),
(5537, 126, 'Tapauá', 10, '2023-01-18 13:48:44'),
(5538, 126, 'Tefé', 10, '2023-01-18 13:48:44'),
(5539, 126, 'Tonantins', 10, '2023-01-18 13:48:44'),
(5540, 126, 'Uarini', 10, '2023-01-18 13:48:44'),
(5541, 126, 'Urucará', 10, '2023-01-18 13:48:45'),
(5542, 126, 'Urucurituba', 10, '2023-01-18 13:48:45'),
(5543, 127, 'Curitiba', 10, '2023-01-18 13:48:45'),
(5544, 127, 'Cascavel', 10, '2023-01-18 13:48:45'),
(5545, 127, 'Guarapuava', 10, '2023-01-18 13:48:45'),
(5546, 127, 'Apucarana', 10, '2023-01-18 13:48:45'),
(5547, 127, 'Almirante Tamandaré', 10, '2023-01-18 13:48:45'),
(5548, 127, 'Fazenda Rio Grande', 10, '2023-01-18 13:48:45'),
(5549, 127, 'Paranavaí', 10, '2023-01-18 13:48:45'),
(5550, 127, 'Castro', 10, '2023-01-18 13:48:45'),
(5551, 127, 'Ibipora', 10, '2023-01-18 13:48:45'),
(5552, 127, 'Lapa', 10, '2023-01-18 13:48:45'),
(5553, 127, 'Londrina', 10, '2023-01-18 13:48:45'),
(5554, 127, 'Sao José dos Pinhais', 10, '2023-01-18 13:48:45'),
(5555, 127, 'Paranaguá', 10, '2023-01-18 13:48:45'),
(5556, 127, 'Pinhais', 10, '2023-01-18 13:48:45'),
(5557, 127, 'Piraquara', 10, '2023-01-18 13:48:45'),
(5558, 127, 'Sarandi', 10, '2023-01-18 13:48:45'),
(5559, 127, 'Pato Branco', 10, '2023-01-18 13:48:45'),
(5560, 127, 'Rolandia', 10, '2023-01-18 13:48:46'),
(5561, 127, 'Marechal Candido Rondon', 10, '2023-01-18 13:48:46'),
(5562, 127, 'Cornélio Procópio', 10, '2023-01-18 13:48:46'),
(5563, 127, 'Maringá', 10, '2023-01-18 13:48:46'),
(5564, 127, 'Foz do Iguacu', 10, '2023-01-18 13:48:46'),
(5565, 127, 'Araucária', 10, '2023-01-18 13:48:46'),
(5566, 127, 'Campo Largo', 10, '2023-01-18 13:48:46'),
(5567, 127, 'Umuarama', 10, '2023-01-18 13:48:46'),
(5568, 127, 'Campo Mourao', 10, '2023-01-18 13:48:46'),
(5569, 127, 'Cianorte', 10, '2023-01-18 13:48:46'),
(5570, 127, 'Irati', 10, '2023-01-18 13:48:46'),
(5571, 127, 'Prudentópolis', 10, '2023-01-18 13:48:46'),
(5572, 127, 'Sao Mateus do Sul', 10, '2023-01-18 13:48:46'),
(5573, 127, 'Ponta Grossa', 10, '2023-01-18 13:48:46'),
(5574, 127, 'Colombo', 10, '2023-01-18 13:48:46'),
(5575, 127, 'Toledo', 10, '2023-01-18 13:48:46'),
(5576, 127, 'Arapongas', 10, '2023-01-18 13:48:46'),
(5577, 127, 'Cambé', 10, '2023-01-18 13:48:46'),
(5578, 127, 'Francisco Beltrao', 10, '2023-01-18 13:48:47'),
(5579, 127, 'Telemaco Borba', 10, '2023-01-18 13:48:47'),
(5580, 127, 'Uniao da Vitória', 10, '2023-01-18 13:48:47'),
(5581, 127, 'Palmas', 10, '2023-01-18 13:48:47'),
(5582, 127, 'Medianeira', 10, '2023-01-18 13:48:47'),
(5583, 128, 'Recife', 10, '2023-01-18 13:48:47'),
(5584, 128, 'Petrolina', 10, '2023-01-18 13:48:47'),
(5585, 128, 'Garanhuns', 10, '2023-01-18 13:48:47'),
(5586, 128, 'Santa Cruz do Capibaribe', 10, '2023-01-18 13:48:47'),
(5587, 128, 'Araripina', 10, '2023-01-18 13:48:47'),
(5588, 128, 'Belo Jardim', 10, '2023-01-18 13:48:47'),
(5589, 128, 'Pesqueira', 10, '2023-01-18 13:48:47'),
(5590, 128, 'Salgueiro', 10, '2023-01-18 13:48:47'),
(5591, 128, 'Paudalho', 10, '2023-01-18 13:48:47'),
(5592, 128, 'Bom Conselho', 10, '2023-01-18 13:48:47'),
(5593, 128, 'Jaboatao dos Guararapes', 10, '2023-01-18 13:48:47'),
(5594, 128, 'Paulista', 10, '2023-01-18 13:48:47'),
(5595, 128, 'Vitória de Santo Antao', 10, '2023-01-18 13:48:47'),
(5596, 128, 'Abreu e Lima', 10, '2023-01-18 13:48:47'),
(5597, 128, 'Gravatá', 10, '2023-01-18 13:48:48'),
(5598, 128, 'Arcoverde', 10, '2023-01-18 13:48:48'),
(5599, 128, 'Surubim', 10, '2023-01-18 13:48:48'),
(5600, 128, 'Bezerros', 10, '2023-01-18 13:48:48'),
(5601, 128, 'Limoeiro', 10, '2023-01-18 13:48:48'),
(5602, 128, 'Ribeirao', 10, '2023-01-18 13:48:48'),
(5603, 128, 'Olinda', 10, '2023-01-18 13:48:48'),
(5604, 128, 'Cabo de Consolación', 10, '2023-01-18 13:48:48'),
(5605, 128, 'Igarassu', 10, '2023-01-18 13:48:48'),
(5606, 128, 'Ipojuca', 10, '2023-01-18 13:48:48'),
(5607, 128, 'Carpina', 10, '2023-01-18 13:48:48'),
(5608, 128, 'Ouricuri', 10, '2023-01-18 13:48:48'),
(5609, 128, 'Palmares', 10, '2023-01-18 13:48:48'),
(5610, 128, 'Sao Bento do Una', 10, '2023-01-18 13:48:48'),
(5611, 128, 'Timbaúba', 10, '2023-01-18 13:48:48'),
(5612, 128, 'Sirinhaém', 10, '2023-01-18 13:48:48'),
(5613, 128, 'Caruaru', 10, '2023-01-18 13:48:48'),
(5614, 128, 'Camaragibe', 10, '2023-01-18 13:48:49'),
(5615, 128, 'Sao Lourenço da Mata', 10, '2023-01-18 13:48:49'),
(5616, 128, 'Serra Talhada', 10, '2023-01-18 13:48:49'),
(5617, 128, 'Goiana', 10, '2023-01-18 13:48:49'),
(5618, 128, 'Escada', 10, '2023-01-18 13:48:49'),
(5619, 128, 'Moreno', 10, '2023-01-18 13:48:49'),
(5620, 128, 'Buíque', 10, '2023-01-18 13:48:49'),
(5621, 128, 'Brejo da Madre de Deus', 10, '2023-01-18 13:48:49'),
(5622, 128, 'Toritama', 10, '2023-01-18 13:48:49'),
(5623, 129, 'Porto Alegre', 10, '2023-01-18 13:48:49'),
(5624, 129, 'Santa Maria', 10, '2023-01-18 13:48:49'),
(5625, 129, 'Sao Leopoldo', 10, '2023-01-18 13:48:49'),
(5626, 129, 'Sapucaia do Sul', 10, '2023-01-18 13:48:49'),
(5627, 129, 'Bagé', 10, '2023-01-18 13:48:49'),
(5628, 129, 'Lajeado', 10, '2023-01-18 13:48:49'),
(5629, 129, 'Sapiranga', 10, '2023-01-18 13:48:49'),
(5630, 129, 'Santa Rosa', 10, '2023-01-18 13:48:50'),
(5631, 129, 'Camaqua', 10, '2023-01-18 13:48:50'),
(5632, 129, 'Sao Gabriel', 10, '2023-01-18 13:48:50'),
(5633, 129, 'Caxias do Sul', 10, '2023-01-18 13:48:50'),
(5634, 129, 'Gravataí', 10, '2023-01-18 13:48:50'),
(5635, 129, 'Río Grande', 10, '2023-01-18 13:48:50'),
(5636, 129, 'Santa Cruz do Sul', 10, '2023-01-18 13:48:50'),
(5637, 129, 'Bento Goncalves', 10, '2023-01-18 13:48:50'),
(5638, 129, 'Ijuí', 10, '2023-01-18 13:48:50'),
(5639, 129, 'Santo angelo', 10, '2023-01-18 13:48:50'),
(5640, 129, 'Farroupilha', 10, '2023-01-18 13:48:50'),
(5641, 129, 'Vacaria', 10, '2023-01-18 13:48:50'),
(5642, 129, 'Cruz Alta', 10, '2023-01-18 13:48:50'),
(5643, 129, 'Canoas', 10, '2023-01-18 13:48:50'),
(5644, 129, 'Viamao', 10, '2023-01-18 13:48:50'),
(5645, 129, 'Alvorada', 10, '2023-01-18 13:48:50'),
(5646, 129, 'Cachoeirinha', 10, '2023-01-18 13:48:50'),
(5647, 129, 'Erechim', 10, '2023-01-18 13:48:50'),
(5648, 129, 'Esteio', 10, '2023-01-18 13:48:50'),
(5649, 129, 'Santana do Livramento', 10, '2023-01-18 13:48:51'),
(5650, 129, 'Venancio Aires', 10, '2023-01-18 13:48:51'),
(5651, 129, 'Montenegro', 10, '2023-01-18 13:48:51'),
(5652, 129, 'Sao Borja', 10, '2023-01-18 13:48:51'),
(5653, 129, 'Pelotas', 10, '2023-01-18 13:48:51'),
(5654, 129, 'Novo Hamburgo', 10, '2023-01-18 13:48:51'),
(5655, 129, 'Passo Fundo', 10, '2023-01-18 13:48:51'),
(5656, 129, 'Uruguayana', 10, '2023-01-18 13:48:51'),
(5657, 129, 'Guaíba', 10, '2023-01-18 13:48:51'),
(5658, 129, 'Cachoeira do Sul', 10, '2023-01-18 13:48:51'),
(5659, 129, 'Alegrete', 10, '2023-01-18 13:48:51'),
(5660, 129, 'Campo Bom', 10, '2023-01-18 13:48:51'),
(5661, 129, 'Carazinho', 10, '2023-01-18 13:48:51'),
(5662, 129, 'Parobé', 10, '2023-01-18 13:48:51'),
(5663, 130, 'Belém', 10, '2023-01-18 13:48:51'),
(5664, 130, 'Parauapebas', 10, '2023-01-18 13:48:51'),
(5665, 130, 'Marituba', 10, '2023-01-18 13:48:51'),
(5666, 130, 'Paragominas', 10, '2023-01-18 13:48:52'),
(5667, 130, 'Breves', 10, '2023-01-18 13:48:52'),
(5668, 130, 'Novo Repartimento', 10, '2023-01-18 13:48:52'),
(5669, 130, 'Capanema', 10, '2023-01-18 13:48:52'),
(5670, 130, 'Benevides', 10, '2023-01-18 13:48:52'),
(5671, 130, 'Dom Eliseu', 10, '2023-01-18 13:48:52'),
(5672, 130, 'Monte Alegre', 10, '2023-01-18 13:48:52'),
(5673, 130, 'Ananindeua', 10, '2023-01-18 13:48:52'),
(5674, 130, 'Castanhal', 10, '2023-01-18 13:48:52'),
(5675, 130, 'Sao Félix do Xingu', 10, '2023-01-18 13:48:52'),
(5676, 130, 'Altamira', 10, '2023-01-18 13:48:52'),
(5677, 130, 'Itaituba', 10, '2023-01-18 13:48:52'),
(5678, 130, 'Oriximiná', 10, '2023-01-18 13:48:52'),
(5679, 130, 'Breu Branco', 10, '2023-01-18 13:48:52'),
(5680, 130, 'Igarapé-Miri', 10, '2023-01-18 13:48:52'),
(5681, 130, 'Ulianópolis', 10, '2023-01-18 13:48:52'),
(5682, 130, 'Juruti', 10, '2023-01-18 13:48:52'),
(5683, 130, 'Santarém', 10, '2023-01-18 13:48:52'),
(5684, 130, 'Abaetetuba', 10, '2023-01-18 13:48:53'),
(5685, 130, 'Braganca', 10, '2023-01-18 13:48:53'),
(5686, 130, 'Tucuruí', 10, '2023-01-18 13:48:53'),
(5687, 130, 'Redencao', 10, '2023-01-18 13:48:53'),
(5688, 130, 'Santana do Araguaia', 10, '2023-01-18 13:48:53'),
(5689, 130, 'Ipixuna do Pará', 10, '2023-01-18 13:48:53'),
(5690, 130, 'Portel', 10, '2023-01-18 13:48:53'),
(5691, 130, 'Jacundá', 10, '2023-01-18 13:48:53'),
(5692, 130, 'Alenquer', 10, '2023-01-18 13:48:53'),
(5693, 130, 'Marabá', 10, '2023-01-18 13:48:53'),
(5694, 130, 'Cametá', 10, '2023-01-18 13:48:53'),
(5695, 130, 'Barcarena', 10, '2023-01-18 13:48:53'),
(5696, 130, 'Tailandia', 10, '2023-01-18 13:48:53'),
(5697, 130, 'Moju', 10, '2023-01-18 13:48:53'),
(5698, 130, 'Santa Isabel do Pará', 10, '2023-01-18 13:48:53'),
(5699, 130, 'Tomé-Acu', 10, '2023-01-18 13:48:53'),
(5700, 130, 'Viseu', 10, '2023-01-18 13:48:53'),
(5701, 130, 'Sao Miguel do Guamá', 10, '2023-01-18 13:48:53'),
(5702, 130, 'Acará', 10, '2023-01-18 13:48:54'),
(5703, 131, 'Goiania', 10, '2023-01-18 13:48:54'),
(5704, 131, 'Águas Lindas de Goiás', 10, '2023-01-18 13:48:54'),
(5705, 131, 'Formosa', 10, '2023-01-18 13:48:54'),
(5706, 131, 'Itumbiara', 10, '2023-01-18 13:48:54'),
(5707, 131, 'Santo Antônio do Descoberto', 10, '2023-01-18 13:48:54'),
(5708, 131, 'Cristalina', 10, '2023-01-18 13:48:54'),
(5709, 131, 'Niquelandia', 10, '2023-01-18 13:48:54'),
(5710, 131, 'Itaberaí', 10, '2023-01-18 13:48:54'),
(5711, 131, 'Goiatuba', 10, '2023-01-18 13:48:54'),
(5712, 131, 'Pires do Rio', 10, '2023-01-18 13:48:54'),
(5713, 131, 'Aparecida de Goiania', 10, '2023-01-18 13:48:54'),
(5714, 131, 'Luziania', 10, '2023-01-18 13:48:54'),
(5715, 131, 'Novo Gama', 10, '2023-01-18 13:48:54'),
(5716, 131, 'Jataí', 10, '2023-01-18 13:48:54'),
(5717, 131, 'Cidade Ocidental', 10, '2023-01-18 13:48:54'),
(5718, 131, 'Inhumas', 10, '2023-01-18 13:48:54'),
(5719, 131, 'Morrinhos', 10, '2023-01-18 13:48:55'),
(5720, 131, 'Uruacu', 10, '2023-01-18 13:48:55'),
(5721, 131, 'Padre Bernardo', 10, '2023-01-18 13:48:55'),
(5722, 131, 'Bela Vista de Goiás', 10, '2023-01-18 13:48:55'),
(5723, 131, 'Anápolis', 10, '2023-01-18 13:48:55'),
(5724, 131, 'Valparaíso de Goiás', 10, '2023-01-18 13:48:55'),
(5725, 131, 'Senador Canedo', 10, '2023-01-18 13:48:55'),
(5726, 131, 'Caldas Novas', 10, '2023-01-18 13:48:55'),
(5727, 131, 'Goianésia', 10, '2023-01-18 13:48:55'),
(5728, 131, 'Jaraguá', 10, '2023-01-18 13:48:55'),
(5729, 131, 'Porangatu', 10, '2023-01-18 13:48:55'),
(5730, 131, 'Santa Helena de Goiás', 10, '2023-01-18 13:48:55'),
(5731, 131, 'Sao Luís de Montes Belos', 10, '2023-01-18 13:48:55'),
(5732, 131, 'Nerópolis', 10, '2023-01-18 13:48:55'),
(5733, 131, 'Rio Verde', 10, '2023-01-18 13:48:55'),
(5734, 131, 'Trindade', 10, '2023-01-18 13:48:55'),
(5735, 131, 'Catalao', 10, '2023-01-18 13:48:55'),
(5736, 131, 'Planaltina', 10, '2023-01-18 13:48:56'),
(5737, 131, 'Mineiros', 10, '2023-01-18 13:48:56'),
(5738, 131, 'Quirinópolis', 10, '2023-01-18 13:48:56'),
(5739, 131, 'Goianira', 10, '2023-01-18 13:48:56'),
(5740, 131, 'Posse', 10, '2023-01-18 13:48:56'),
(5741, 131, 'Iporá', 10, '2023-01-18 13:48:56'),
(5742, 131, 'Minacu', 10, '2023-01-18 13:48:56'),
(5743, 132, 'Sao Luís', 10, '2023-01-18 13:48:56'),
(5744, 132, 'Caxias', 10, '2023-01-18 13:48:56'),
(5745, 132, 'Bacabal', 10, '2023-01-18 13:48:56'),
(5746, 132, 'Pinheiro', 10, '2023-01-18 13:48:56'),
(5747, 132, 'Grajaú', 10, '2023-01-18 13:48:56'),
(5748, 132, 'Tutóia', 10, '2023-01-18 13:48:56'),
(5749, 132, 'Lago da Pedra', 10, '2023-01-18 13:48:56'),
(5750, 132, 'Sao Bento', 10, '2023-01-18 13:48:56'),
(5751, 132, 'Tuntum', 10, '2023-01-18 13:48:56'),
(5752, 132, 'Colinas', 10, '2023-01-18 13:48:56'),
(5753, 132, 'Imperatriz', 10, '2023-01-18 13:48:57'),
(5754, 132, 'Codó', 10, '2023-01-18 13:48:57'),
(5755, 132, 'Balsas', 10, '2023-01-18 13:48:57'),
(5756, 132, 'Chapadinha', 10, '2023-01-18 13:48:57'),
(5757, 132, 'Itapecuru Mirim', 10, '2023-01-18 13:48:57'),
(5758, 132, 'Vargem Grande', 10, '2023-01-18 13:48:57'),
(5759, 132, 'Coelho Neto', 10, '2023-01-18 13:48:57'),
(5760, 132, 'Rosário', 10, '2023-01-18 13:48:57'),
(5761, 132, 'Bom Jardim', 10, '2023-01-18 13:48:57'),
(5762, 132, 'Pedreiras', 10, '2023-01-18 13:48:57'),
(5763, 132, 'Sao José de Ribamar', 10, '2023-01-18 13:48:57'),
(5764, 132, 'Paco do Lumiar', 10, '2023-01-18 13:48:57'),
(5765, 132, 'Santa Ines', 10, '2023-01-18 13:48:57'),
(5766, 132, 'Santa Luzia', 10, '2023-01-18 13:48:57'),
(5767, 132, 'Coroatá', 10, '2023-01-18 13:48:57'),
(5768, 132, 'Viana', 10, '2023-01-18 13:48:57'),
(5769, 132, 'Presidente Dutra', 10, '2023-01-18 13:48:57'),
(5770, 132, 'Santa Helena', 10, '2023-01-18 13:48:58'),
(5771, 132, 'Sao Mateus do Maranhao', 10, '2023-01-18 13:48:58'),
(5772, 132, 'Penalva', 10, '2023-01-18 13:48:58'),
(5773, 132, 'Timon', 10, '2023-01-18 13:48:58'),
(5774, 132, 'Acailândia', 10, '2023-01-18 13:48:58'),
(5775, 132, 'Barra do Corda', 10, '2023-01-18 13:48:58'),
(5776, 132, 'Buriticupu', 10, '2023-01-18 13:48:58'),
(5777, 132, 'Barreirinhas', 10, '2023-01-18 13:48:58'),
(5778, 132, 'Zé Doca', 10, '2023-01-18 13:48:58'),
(5779, 132, 'Araioses', 10, '2023-01-18 13:48:58'),
(5780, 132, 'Estreito', 10, '2023-01-18 13:48:58'),
(5781, 132, 'Amarante do Maranhao', 10, '2023-01-18 13:48:58'),
(5782, 132, 'Santa Rita', 10, '2023-01-18 13:48:58'),
(5783, 133, 'Maceió', 10, '2023-01-18 13:48:58'),
(5784, 133, 'Uniao dos Palmares', 10, '2023-01-18 13:48:58'),
(5785, 133, 'Coruripe', 10, '2023-01-18 13:48:58'),
(5786, 133, 'Atalaia', 10, '2023-01-18 13:48:58'),
(5787, 133, 'Sao Luís do Quitunde', 10, '2023-01-18 13:48:59'),
(5788, 133, 'Limoeiro de Anadia', 10, '2023-01-18 13:48:59'),
(5789, 133, 'Porto Calvo', 10, '2023-01-18 13:48:59'),
(5790, 133, 'Piranhas', 10, '2023-01-18 13:48:59'),
(5791, 133, 'Pao de Acúcar', 10, '2023-01-18 13:48:59'),
(5792, 133, 'Feira Grande', 10, '2023-01-18 13:48:59'),
(5793, 133, 'Arapiraca', 10, '2023-01-18 13:48:59'),
(5794, 133, 'Penedo', 10, '2023-01-18 13:48:59'),
(5795, 133, 'Delmiro Gouveia', 10, '2023-01-18 13:48:59'),
(5796, 133, 'Teotonio Vilela', 10, '2023-01-18 13:48:59'),
(5797, 133, 'Sao Sebastiao', 10, '2023-01-18 13:48:59'),
(5798, 133, 'Murici', 10, '2023-01-18 13:48:59'),
(5799, 133, 'Vicosa', 10, '2023-01-18 13:48:59'),
(5800, 133, 'Junqueiro', 10, '2023-01-18 13:48:59'),
(5801, 133, 'Craíbas', 10, '2023-01-18 13:48:59'),
(5802, 133, 'Colonia Leopoldina', 10, '2023-01-18 13:48:59'),
(5803, 133, 'Rio Largo', 10, '2023-01-18 13:48:59'),
(5804, 133, 'Sao Miguel dos Campos', 10, '2023-01-18 13:49:00'),
(5805, 133, 'Marechal Deodoro', 10, '2023-01-18 13:49:00'),
(5806, 133, 'Girau do Ponciano', 10, '2023-01-18 13:49:00'),
(5807, 133, 'Maragogi', 10, '2023-01-18 13:49:00'),
(5808, 133, 'Traipu', 10, '2023-01-18 13:49:00'),
(5809, 133, 'Igaci', 10, '2023-01-18 13:49:00'),
(5810, 133, 'Matriz de Camaragibe', 10, '2023-01-18 13:49:00'),
(5811, 133, 'Joaquim Gomes', 10, '2023-01-18 13:49:00'),
(5812, 133, 'Olho dÁgua das Flores', 10, '2023-01-18 13:49:00'),
(5813, 133, 'Palmeira dos Índios', 10, '2023-01-18 13:49:00'),
(5814, 133, 'Campo Alegre', 10, '2023-01-18 13:49:00'),
(5815, 133, 'Santana do Ipanema', 10, '2023-01-18 13:49:00'),
(5816, 133, 'Pilar', 10, '2023-01-18 13:49:00'),
(5817, 133, 'Sao José da Tapera', 10, '2023-01-18 13:49:00'),
(5818, 133, 'Boca da Mata', 10, '2023-01-18 13:49:00'),
(5819, 133, 'Mata Grande', 10, '2023-01-18 13:49:00'),
(5820, 133, 'Igreja Nova', 10, '2023-01-18 13:49:00'),
(5821, 133, 'Sao José da Laje', 10, '2023-01-18 13:49:00'),
(5822, 133, 'Cajueiro', 10, '2023-01-18 13:49:01'),
(5823, 135, 'Natal', 10, '2023-01-18 13:49:01'),
(5824, 135, 'Macaíba', 10, '2023-01-18 13:49:01'),
(5825, 135, 'Currais Novos', 10, '2023-01-18 13:49:01'),
(5826, 135, 'Apodi', 10, '2023-01-18 13:49:01'),
(5827, 135, 'Macau', 10, '2023-01-18 13:49:01'),
(5828, 135, 'Areia Branca', 10, '2023-01-18 13:49:01'),
(5829, 135, 'Sao Miguel', 10, '2023-01-18 13:49:01'),
(5830, 135, 'Jucurutu', 10, '2023-01-18 13:49:01'),
(5831, 135, 'Lagoa Nova', 10, '2023-01-18 13:49:01'),
(5832, 135, 'Jardim de Piranhas', 10, '2023-01-18 13:49:01'),
(5833, 135, 'Mossoró', 10, '2023-01-18 13:49:01'),
(5834, 135, 'Ceará-Mirim', 10, '2023-01-18 13:49:01'),
(5835, 135, 'Sao José de Mipibu', 10, '2023-01-18 13:49:01'),
(5836, 135, 'Joao Camara', 10, '2023-01-18 13:49:01'),
(5837, 135, 'Pau dos Ferros', 10, '2023-01-18 13:49:01'),
(5838, 135, 'Nísia Floresta', 10, '2023-01-18 13:49:01'),
(5839, 135, 'Monte Alegre', 10, '2023-01-18 13:49:01'),
(5840, 135, 'Sao Paulo do Potengi', 10, '2023-01-18 13:49:01'),
(5841, 135, 'Ipanguacu', 10, '2023-01-18 13:49:02'),
(5842, 135, 'Pedro Velho', 10, '2023-01-18 13:49:02'),
(5843, 135, 'Parnamirim', 10, '2023-01-18 13:49:02'),
(5844, 135, 'Caicó', 10, '2023-01-18 13:49:02'),
(5845, 135, 'Santa Cruz', 10, '2023-01-18 13:49:02'),
(5846, 135, 'Canguaretama', 10, '2023-01-18 13:49:02'),
(5847, 135, 'Extremoz', 10, '2023-01-18 13:49:02'),
(5848, 135, 'Goianinha', 10, '2023-01-18 13:49:02'),
(5849, 135, 'Parelhas', 10, '2023-01-18 13:49:02'),
(5850, 135, 'Tangará', 10, '2023-01-18 13:49:02'),
(5851, 135, 'Poco Branco', 10, '2023-01-18 13:49:02'),
(5852, 135, 'Upanema', 10, '2023-01-18 13:49:02'),
(5853, 135, 'Sao Goncalo do Amarante', 10, '2023-01-18 13:49:02'),
(5854, 135, 'Assu', 10, '2023-01-18 13:49:02'),
(5855, 135, 'Nova Cruz', 10, '2023-01-18 13:49:02'),
(5856, 135, 'Touros', 10, '2023-01-18 13:49:02'),
(5857, 135, 'Baraúna', 10, '2023-01-18 13:49:03'),
(5858, 135, 'Santo Antônio', 10, '2023-01-18 13:49:03'),
(5859, 135, 'Caraúbas', 10, '2023-01-18 13:49:03'),
(5860, 135, 'Guamaré', 10, '2023-01-18 13:49:03'),
(5861, 135, 'Pendencias', 10, '2023-01-18 13:49:03'),
(5862, 135, 'Alto do Rodrigues', 10, '2023-01-18 13:49:03'),
(5863, 136, 'Água Clara', 10, '2023-01-18 13:49:03'),
(5864, 136, 'Alcinópolis', 10, '2023-01-18 13:49:03'),
(5865, 136, 'Amambai', 10, '2023-01-18 13:49:03'),
(5866, 136, 'Anastácio', 10, '2023-01-18 13:49:03'),
(5867, 136, 'Anaurilandia', 10, '2023-01-18 13:49:03'),
(5868, 136, 'Angélica', 10, '2023-01-18 13:49:03'),
(5869, 136, 'Antônio Joao', 10, '2023-01-18 13:49:03'),
(5870, 136, 'Aparecida do Taboado', 10, '2023-01-18 13:49:03'),
(5871, 136, 'Aquidauana', 10, '2023-01-18 13:49:03'),
(5872, 136, 'Aral Moreira', 10, '2023-01-18 13:49:03'),
(5873, 136, 'Bandeirantes', 10, '2023-01-18 13:49:03'),
(5874, 136, 'Bataguassu', 10, '2023-01-18 13:49:04'),
(5875, 136, 'Bataipora', 10, '2023-01-18 13:49:04'),
(5876, 136, 'Bela Vista', 10, '2023-01-18 13:49:04'),
(5877, 136, 'Bodoquena', 10, '2023-01-18 13:49:04'),
(5878, 136, 'Bonito', 10, '2023-01-18 13:49:04'),
(5879, 136, 'Brasilandia', 10, '2023-01-18 13:49:04'),
(5880, 136, 'Caarapó', 10, '2023-01-18 13:49:04'),
(5881, 136, 'Camapua', 10, '2023-01-18 13:49:04'),
(5882, 136, 'Campo Grande', 10, '2023-01-18 13:49:04'),
(5883, 136, 'Caracol', 10, '2023-01-18 13:49:04'),
(5884, 136, 'Cassilandia', 10, '2023-01-18 13:49:04'),
(5885, 136, 'Chapadao do Sul', 10, '2023-01-18 13:49:04'),
(5886, 136, 'Corguinho', 10, '2023-01-18 13:49:04'),
(5887, 136, 'Coronel Sapucaia', 10, '2023-01-18 13:49:04'),
(5888, 136, 'Corumbá', 10, '2023-01-18 13:49:04'),
(5889, 136, 'Costa Rica', 10, '2023-01-18 13:49:04'),
(5890, 136, 'Coxim', 10, '2023-01-18 13:49:04'),
(5891, 136, 'Deodápolis', 10, '2023-01-18 13:49:05'),
(5892, 136, 'Dois Irmaos do Buriti', 10, '2023-01-18 13:49:05'),
(5893, 136, 'Douradina', 10, '2023-01-18 13:49:05'),
(5894, 136, 'Dourados', 10, '2023-01-18 13:49:05'),
(5895, 136, 'Eldorado', 10, '2023-01-18 13:49:05'),
(5896, 136, 'Fátima do Sul', 10, '2023-01-18 13:49:05'),
(5897, 136, 'Figueirao', 10, '2023-01-18 13:49:05'),
(5898, 136, 'Glória de Dourados', 10, '2023-01-18 13:49:05'),
(5899, 136, 'Guia Lopes da Laguna', 10, '2023-01-18 13:49:05'),
(5900, 136, 'Iguatemi', 10, '2023-01-18 13:49:05'),
(5901, 136, 'Inocencia', 10, '2023-01-18 13:49:05'),
(5902, 136, 'Itapora', 10, '2023-01-18 13:49:05'),
(5903, 136, 'Itaquiraí', 10, '2023-01-18 13:49:05'),
(5904, 136, 'Ivinhema', 10, '2023-01-18 13:49:05'),
(5905, 136, 'Japora', 10, '2023-01-18 13:49:05'),
(5906, 136, 'Jaraguari', 10, '2023-01-18 13:49:05'),
(5907, 136, 'Jardim', 10, '2023-01-18 13:49:05'),
(5908, 136, 'Jateí', 10, '2023-01-18 13:49:06'),
(5909, 136, 'Juti', 10, '2023-01-18 13:49:06'),
(5910, 136, 'Ladário', 10, '2023-01-18 13:49:06'),
(5911, 136, 'Laguna Carapa', 10, '2023-01-18 13:49:06'),
(5912, 136, 'Maracaju', 10, '2023-01-18 13:49:06'),
(5913, 136, 'Miranda', 10, '2023-01-18 13:49:06'),
(5914, 136, 'Mundo Novo', 10, '2023-01-18 13:49:06'),
(5915, 136, 'Naviraí', 10, '2023-01-18 13:49:06'),
(5916, 136, 'Nioaque', 10, '2023-01-18 13:49:06'),
(5917, 136, 'Nova Alvorada do Sul', 10, '2023-01-18 13:49:06'),
(5918, 136, 'Nova Andradina', 10, '2023-01-18 13:49:06'),
(5919, 136, 'Novo Horizonte do Sul', 10, '2023-01-18 13:49:06'),
(5920, 136, 'Paraíso das Águas', 10, '2023-01-18 13:49:06'),
(5921, 136, 'Paranaíba', 10, '2023-01-18 13:49:06'),
(5922, 136, 'Paranhos', 10, '2023-01-18 13:49:06'),
(5923, 136, 'Pedro Gomes', 10, '2023-01-18 13:49:06'),
(5924, 136, 'Punta Porá', 10, '2023-01-18 13:49:06'),
(5925, 136, 'Porto Murtinho', 10, '2023-01-18 13:49:07'),
(5926, 136, 'Ribas do Rio Pardo', 10, '2023-01-18 13:49:07'),
(5927, 136, 'Rio Brilhante', 10, '2023-01-18 13:49:07'),
(5928, 136, 'Río Negro', 10, '2023-01-18 13:49:07'),
(5929, 136, 'Rio Verde de Mato Grosso', 10, '2023-01-18 13:49:07'),
(5930, 136, 'Rochedo', 10, '2023-01-18 13:49:07'),
(5931, 136, 'Santa Rita do Pardo', 10, '2023-01-18 13:49:07'),
(5932, 136, 'Sao Gabriel do Oeste', 10, '2023-01-18 13:49:07'),
(5933, 136, 'Selvíria', 10, '2023-01-18 13:49:07');
INSERT INTO `nivelGeografico3` (`nivelGeografico3`, `idNivelGeografico2`, `nomNivelGeografico3`, `estadoNivelGeografico3`, `creacionNivelGeografico3`) VALUES
(5934, 136, 'Sete Quedas', 10, '2023-01-18 13:49:07'),
(5935, 136, 'Sidrolandia', 10, '2023-01-18 13:49:07'),
(5936, 136, 'Sonora', 10, '2023-01-18 13:49:07'),
(5937, 136, 'Tacuru', 10, '2023-01-18 13:49:07'),
(5938, 136, 'Taquarussu', 10, '2023-01-18 13:49:07'),
(5939, 136, 'Terenos', 10, '2023-01-18 13:49:07'),
(5940, 136, 'Tres Lagoas', 10, '2023-01-18 13:49:07'),
(5941, 136, 'Vicentina', 10, '2023-01-18 13:49:07'),
(5942, 138, 'Curitiba', 10, '2023-01-18 13:49:07'),
(5943, 138, 'Cascavel', 10, '2023-01-18 13:49:08'),
(5944, 138, 'Guarapuava', 10, '2023-01-18 13:49:08'),
(5945, 138, 'Apucarana', 10, '2023-01-18 13:49:08'),
(5946, 138, 'Almirante Tamandaré', 10, '2023-01-18 13:49:08'),
(5947, 138, 'Fazenda Rio Grande', 10, '2023-01-18 13:49:08'),
(5948, 138, 'Paranavaí', 10, '2023-01-18 13:49:08'),
(5949, 138, 'Castro', 10, '2023-01-18 13:49:08'),
(5950, 138, 'Ibipora', 10, '2023-01-18 13:49:08'),
(5951, 138, 'Lapa', 10, '2023-01-18 13:49:08'),
(5952, 138, 'Londrina', 10, '2023-01-18 13:49:08'),
(5953, 138, 'Sao José dos Pinhais', 10, '2023-01-18 13:49:08'),
(5954, 138, 'Paranaguá', 10, '2023-01-18 13:49:08'),
(5955, 138, 'Pinhais', 10, '2023-01-18 13:49:08'),
(5956, 138, 'Piraquara', 10, '2023-01-18 13:49:08'),
(5957, 138, 'Sarandi', 10, '2023-01-18 13:49:08'),
(5958, 138, 'Pato Branco', 10, '2023-01-18 13:49:08'),
(5959, 138, 'Rolandia', 10, '2023-01-18 13:49:08'),
(5960, 138, 'Marechal Candido Rondon', 10, '2023-01-18 13:49:08'),
(5961, 138, 'Cornélio Procópio', 10, '2023-01-18 13:49:09'),
(5962, 138, 'Maringá', 10, '2023-01-18 13:49:09'),
(5963, 138, 'Foz do Iguaçu', 10, '2023-01-18 13:49:09'),
(5964, 138, 'Araucária', 10, '2023-01-18 13:49:09'),
(5965, 138, 'Campo Largo', 10, '2023-01-18 13:49:09'),
(5966, 138, 'Umuarama', 10, '2023-01-18 13:49:09'),
(5967, 138, 'Campo Mourao', 10, '2023-01-18 13:49:09'),
(5968, 138, 'Cianorte', 10, '2023-01-18 13:49:09'),
(5969, 138, 'Irati', 10, '2023-01-18 13:49:09'),
(5970, 138, 'Prudentópolis', 10, '2023-01-18 13:49:09'),
(5971, 138, 'Sao Mateus do Sul', 10, '2023-01-18 13:49:09'),
(5972, 138, 'Ponta Grossa', 10, '2023-01-18 13:49:09'),
(5973, 138, 'Colombo', 10, '2023-01-18 13:49:09'),
(5974, 138, 'Toledo', 10, '2023-01-18 13:49:09'),
(5975, 138, 'Arapongas', 10, '2023-01-18 13:49:09'),
(5976, 138, 'Cambé', 10, '2023-01-18 13:49:09'),
(5977, 138, 'Francisco Beltrao', 10, '2023-01-18 13:49:09'),
(5978, 138, 'Telemaco Borba', 10, '2023-01-18 13:49:09'),
(5979, 138, 'Uniao da Vitória', 10, '2023-01-18 13:49:09'),
(5980, 138, 'Palmas', 10, '2023-01-18 13:49:09'),
(5981, 138, 'Medianeira', 10, '2023-01-18 13:49:10'),
(5982, 134, 'Teresina', 10, '2023-01-18 13:49:10'),
(5983, 134, 'Parnaíba', 10, '2023-01-18 13:49:10'),
(5984, 134, 'Picos', 10, '2023-01-18 13:49:10'),
(5985, 134, 'Piripiri', 10, '2023-01-18 13:49:10'),
(5986, 134, 'Floriano', 10, '2023-01-18 13:49:10'),
(5987, 134, 'Barras', 10, '2023-01-18 13:49:10'),
(5988, 134, 'Campo Maior', 10, '2023-01-18 13:49:10'),
(5989, 134, 'Uniao', 10, '2023-01-18 13:49:10'),
(5990, 134, 'Altos', 10, '2023-01-18 13:49:10'),
(5991, 134, 'Esperantina', 10, '2023-01-18 13:49:10'),
(5992, 137, 'Bayeux', 10, '2023-01-18 13:49:10'),
(5993, 137, 'Cabedelo', 10, '2023-01-18 13:49:10'),
(5994, 137, 'Conde', 10, '2023-01-18 13:49:10'),
(5995, 137, 'Joao Pessoa', 10, '2023-01-18 13:49:10'),
(5996, 137, 'Lucena', 10, '2023-01-18 13:49:10'),
(5997, 137, 'Santa Rita', 10, '2023-01-18 13:49:10'),
(5998, 138, 'Aracaju', 10, '2023-01-18 13:49:11'),
(5999, 138, 'Nossa Senhora do Socorro', 10, '2023-01-18 13:49:11'),
(6000, 138, 'Lagarto', 10, '2023-01-18 13:49:11'),
(6001, 138, 'Itabaiana', 10, '2023-01-18 13:49:11'),
(6002, 138, 'Sao Cristóvao', 10, '2023-01-18 13:49:11'),
(6003, 138, 'Estancia', 10, '2023-01-18 13:49:11'),
(6004, 138, 'Tobias Barreto', 10, '2023-01-18 13:49:11'),
(6005, 138, 'Itabaianinha', 10, '2023-01-18 13:49:11'),
(6006, 138, 'Simao Dias', 10, '2023-01-18 13:49:11'),
(6007, 138, 'Nossa Senhora da Glória', 10, '2023-01-18 13:49:11'),
(6008, 140, 'Porto Velho', 10, '2023-01-18 13:49:11'),
(6009, 140, 'Ji-Paraná', 10, '2023-01-18 13:49:11'),
(6010, 140, 'Ariquemes', 10, '2023-01-18 13:49:11'),
(6011, 140, 'Vilhena', 10, '2023-01-18 13:49:11'),
(6012, 140, 'Cacoal', 10, '2023-01-18 13:49:12'),
(6013, 140, 'Rolim de Moura', 10, '2023-01-18 13:49:12'),
(6014, 140, 'Jaru', 10, '2023-01-18 13:49:12'),
(6015, 140, 'Guajará-Mirim', 10, '2023-01-18 13:49:12'),
(6016, 140, 'Ouro Preto do Oeste', 10, '2023-01-18 13:49:12'),
(6017, 140, 'Pimenta Bueno', 10, '2023-01-18 13:49:12'),
(6018, 141, 'Joinville ', 10, '2023-01-18 13:49:12'),
(6019, 141, 'Florianópolis', 10, '2023-01-18 13:49:12'),
(6020, 141, 'Blumenau ', 10, '2023-01-18 13:49:12'),
(6021, 141, 'Sao José', 10, '2023-01-18 13:49:12'),
(6022, 141, 'Criciúma', 10, '2023-01-18 13:49:12'),
(6023, 141, 'Chapecó', 10, '2023-01-18 13:49:12'),
(6024, 141, 'Lages', 10, '2023-01-18 13:49:12'),
(6025, 141, 'Itajaí', 10, '2023-01-18 13:49:12'),
(6026, 141, 'Jaraguá do Sul', 10, '2023-01-18 13:49:12'),
(6027, 141, 'Palhoca ', 10, '2023-01-18 13:49:12'),
(6028, 142, 'Amapá', 10, '2023-01-18 13:49:12'),
(6029, 142, 'Calcoene', 10, '2023-01-18 13:49:12'),
(6030, 142, 'Cutias', 10, '2023-01-18 13:49:12'),
(6031, 142, 'Ferreira Gomes', 10, '2023-01-18 13:49:12'),
(6032, 142, 'Itaubal', 10, '2023-01-18 13:49:12'),
(6033, 142, 'Laranjal do Jari', 10, '2023-01-18 13:49:12'),
(6034, 142, 'Macapá', 10, '2023-01-18 13:49:13'),
(6035, 142, 'Mazagao', 10, '2023-01-18 13:49:13'),
(6036, 142, 'Oiapoque', 10, '2023-01-18 13:49:13'),
(6037, 142, 'Pedra Branca do Amapari', 10, '2023-01-18 13:49:13'),
(6038, 142, 'Porto Grande', 10, '2023-01-18 13:49:13'),
(6039, 142, 'Pracuúba', 10, '2023-01-18 13:49:13'),
(6040, 142, 'Santana', 10, '2023-01-18 13:49:13'),
(6041, 142, 'Serra do Navio', 10, '2023-01-18 13:49:13'),
(6042, 142, 'Tartarugalzinho', 10, '2023-01-18 13:49:13'),
(6043, 142, 'Vitória do Jari', 10, '2023-01-18 13:49:13'),
(6044, 143, 'Aceguá', 10, '2023-01-18 13:49:13'),
(6045, 143, 'Arbolito', 10, '2023-01-18 13:49:13'),
(6046, 143, 'Arévalo', 10, '2023-01-18 13:49:13'),
(6047, 143, 'Bañado de Medina', 10, '2023-01-18 13:49:13'),
(6048, 143, 'Centurión', 10, '2023-01-18 13:49:13'),
(6049, 143, 'Cerro de las Cuentas', 10, '2023-01-18 13:49:13'),
(6050, 143, 'Fraile Muerto', 10, '2023-01-18 13:49:13'),
(6051, 143, 'Isidoro Noblía', 10, '2023-01-18 13:49:13'),
(6052, 143, 'Las Cañas', 10, '2023-01-18 13:49:13'),
(6053, 143, 'Plácido Rosas', 10, '2023-01-18 13:49:13'),
(6054, 143, 'Municipio de Quebracho', 10, '2023-01-18 13:49:13'),
(6055, 143, 'Ramón Trigo', 10, '2023-01-18 13:49:13'),
(6056, 143, 'Río Branco', 10, '2023-01-18 13:49:13'),
(6057, 143, 'Tres Islas', 10, '2023-01-18 13:49:14'),
(6058, 143, 'Tupambaé', 10, '2023-01-18 13:49:14'),
(6059, 145, 'Boa Vista', 10, '2023-01-18 13:49:14'),
(6060, 145, 'Rorainópolis', 10, '2023-01-18 13:49:14'),
(6061, 145, 'Caracaraí', 10, '2023-01-18 13:49:14'),
(6062, 145, 'Mucajaí', 10, '2023-01-18 13:49:14'),
(6063, 145, 'Cantá', 10, '2023-01-18 13:49:14'),
(6064, 145, 'Alto Alegre', 10, '2023-01-18 13:49:14'),
(6065, 145, 'Pacaraima', 10, '2023-01-18 13:49:14'),
(6066, 145, 'Bonfim', 10, '2023-01-18 13:49:14'),
(6067, 145, 'Amajari', 10, '2023-01-18 13:49:14'),
(6068, 145, 'Iracema', 10, '2023-01-18 13:49:14'),
(6069, 145, 'Normandia', 10, '2023-01-18 13:49:14'),
(6070, 145, 'Uiramuta', 10, '2023-01-18 13:49:14'),
(6071, 145, 'Caroebe', 10, '2023-01-18 13:49:14'),
(6072, 145, 'Sao Joao da Baliza', 10, '2023-01-18 13:49:14'),
(6073, 145, 'Sao Luís', 10, '2023-01-18 13:49:14'),
(6074, 146, 'Palmas', 10, '2023-01-18 13:49:14'),
(6075, 146, 'Araguaína', 10, '2023-01-18 13:49:14'),
(6076, 146, 'Gurupi', 10, '2023-01-18 13:49:14'),
(6077, 146, 'Porto Nacional', 10, '2023-01-18 13:49:14'),
(6078, 146, 'Paraíso do Tocantins', 10, '2023-01-18 13:49:14'),
(6079, 146, 'Araguatins', 10, '2023-01-18 13:49:14'),
(6080, 146, 'Colinas do Tocantins', 10, '2023-01-18 13:49:15'),
(6081, 146, 'Guaraí', 10, '2023-01-18 13:49:15'),
(6082, 146, 'Tocantinópolis', 10, '2023-01-18 13:49:15'),
(6083, 146, 'Dianópolis', 10, '2023-01-18 13:49:15'),
(6084, 144, 'Vitória', 10, '2023-01-18 13:49:15'),
(6085, 144, 'Aracruz', 10, '2023-01-18 13:49:15'),
(6086, 144, 'Cariacica', 10, '2023-01-18 13:49:15'),
(6087, 144, 'Cascada de Itapemirín', 10, '2023-01-18 13:49:15'),
(6088, 144, 'Colatina', 10, '2023-01-18 13:49:15'),
(6089, 144, 'Guaraparí', 10, '2023-01-18 13:49:15'),
(6090, 144, 'Liñares', 10, '2023-01-18 13:49:15'),
(6091, 144, 'San Mateo', 10, '2023-01-18 13:49:15'),
(6092, 144, 'Sierra', 10, '2023-01-18 13:49:15'),
(6093, 144, 'Viana y Villa Vieja', 10, '2023-01-18 13:49:15'),
(6094, 147, 'Aguascalientes', 10, '2023-01-18 17:31:49'),
(6095, 147, 'Asientos', 10, '2023-01-18 17:31:49'),
(6096, 147, 'Calvillo', 10, '2023-01-18 17:31:49'),
(6097, 147, 'Cosío', 10, '2023-01-18 17:31:49'),
(6098, 147, 'El Llano', 10, '2023-01-18 17:31:49'),
(6099, 147, 'Jesús María', 10, '2023-01-18 17:31:49'),
(6100, 147, 'Pabellón de Arteaga', 10, '2023-01-18 17:31:49'),
(6101, 147, 'Rincón de Romos', 10, '2023-01-18 17:31:49'),
(6102, 147, 'San Francisco de los Romo', 10, '2023-01-18 17:31:49'),
(6103, 147, 'San José de Gracia', 10, '2023-01-18 17:31:49'),
(6104, 147, 'Tepezalá', 10, '2023-01-18 17:31:49'),
(6105, 148, 'Ensenada', 10, '2023-01-18 17:31:49'),
(6106, 148, 'Mexicali', 10, '2023-01-18 17:31:49'),
(6107, 148, 'Tecate', 10, '2023-01-18 17:31:49'),
(6108, 148, 'Tijuana', 10, '2023-01-18 17:31:49'),
(6109, 148, 'Playas de Rosarito', 10, '2023-01-18 17:31:49'),
(6110, 148, 'San Quintín', 10, '2023-01-18 17:31:49'),
(6111, 148, 'San Felipe', 10, '2023-01-18 17:31:50'),
(6112, 149, 'Comondú', 10, '2023-01-18 17:31:50'),
(6113, 149, 'Mulegé', 10, '2023-01-18 17:31:50'),
(6114, 149, 'La Paz', 10, '2023-01-18 17:31:50'),
(6115, 149, 'Los Cabos', 10, '2023-01-18 17:31:50'),
(6116, 149, 'Loreto', 10, '2023-01-18 17:31:50'),
(6117, 150, 'Campeche', 10, '2023-01-18 17:31:50'),
(6118, 150, 'Carmen', 10, '2023-01-18 17:31:50'),
(6119, 150, 'Champotón', 10, '2023-01-18 17:31:50'),
(6120, 150, 'Escárcega', 10, '2023-01-18 17:31:50'),
(6121, 150, 'Calkiní', 10, '2023-01-18 17:31:50'),
(6122, 150, 'Dzitbalché', 10, '2023-01-18 17:31:50'),
(6123, 150, 'Hecelchakán', 10, '2023-01-18 17:31:51'),
(6124, 150, 'Candelaria', 10, '2023-01-18 17:31:51'),
(6125, 150, 'Seybaplaya', 10, '2023-01-18 17:31:51'),
(6126, 150, 'Tenabo', 10, '2023-01-18 17:31:51'),
(6127, 150, 'Hopelchén', 10, '2023-01-18 17:31:51'),
(6128, 150, 'Calkiní', 10, '2023-01-18 17:31:51'),
(6129, 150, 'Calakmul', 10, '2023-01-18 17:31:51'),
(6130, 150, 'Palizada', 10, '2023-01-18 17:31:51'),
(6131, 151, 'Tuxtla Gutiérrez', 10, '2023-01-18 17:31:51'),
(6132, 151, 'Tapachula', 10, '2023-01-18 17:31:51'),
(6133, 151, 'San Cristóbal de las Casas', 10, '2023-01-18 17:31:51'),
(6134, 151, 'Comitán de Domínguez', 10, '2023-01-18 17:31:51'),
(6135, 151, 'Cintalapa de Figueroa', 10, '2023-01-18 17:31:51'),
(6136, 151, 'Chiapa de Corzo', 10, '2023-01-18 17:31:51'),
(6137, 151, 'Palenque', 10, '2023-01-18 17:31:51'),
(6138, 151, 'Ocosingo', 10, '2023-01-18 17:31:51'),
(6139, 151, 'Ocozocoautla de Espinosa', 10, '2023-01-18 17:31:51'),
(6140, 151, 'Villaflores', 10, '2023-01-18 17:31:51'),
(6141, 152, 'Ahumada', 10, '2023-01-18 17:31:52'),
(6142, 152, 'Aldama', 10, '2023-01-18 17:31:52'),
(6143, 152, 'Allende', 10, '2023-01-18 17:31:52'),
(6144, 152, 'Aquiles Serdán', 10, '2023-01-18 17:31:52'),
(6145, 152, 'Ascensión', 10, '2023-01-18 17:31:52'),
(6146, 152, 'Bachíniva', 10, '2023-01-18 17:31:52'),
(6147, 152, 'Balleza', 10, '2023-01-18 17:31:52'),
(6148, 152, 'Batopilas', 10, '2023-01-18 17:31:52'),
(6149, 152, 'Bocoyna', 10, '2023-01-18 17:31:52'),
(6150, 152, 'Buenaventura', 10, '2023-01-18 17:31:52'),
(6151, 152, 'Camargo', 10, '2023-01-18 17:31:52'),
(6152, 152, 'Carichí', 10, '2023-01-18 17:31:52'),
(6153, 152, 'Casas Grandes', 10, '2023-01-18 17:31:52'),
(6154, 152, 'Chihuahua', 10, '2023-01-18 17:31:52'),
(6155, 152, 'Chínipas', 10, '2023-01-18 17:31:52'),
(6156, 152, 'Coronado', 10, '2023-01-18 17:31:52'),
(6157, 152, 'Coyame del Sotol', 10, '2023-01-18 17:31:53'),
(6158, 152, 'Cuauhtémoc', 10, '2023-01-18 17:31:53'),
(6159, 152, 'Cusihuiriachi', 10, '2023-01-18 17:31:53'),
(6160, 152, 'Delicias', 10, '2023-01-18 17:31:53'),
(6161, 152, 'Dr. Belisario Domínguez', 10, '2023-01-18 17:31:53'),
(6162, 152, 'El Tule', 10, '2023-01-18 17:31:53'),
(6163, 152, 'Galeana', 10, '2023-01-18 17:31:53'),
(6164, 152, 'Gómez Farías', 10, '2023-01-18 17:31:53'),
(6165, 152, 'Gran Morelos', 10, '2023-01-18 17:31:53'),
(6166, 152, 'Guachochi', 10, '2023-01-18 17:31:53'),
(6167, 152, 'Guadalupe', 10, '2023-01-18 17:31:53'),
(6168, 152, 'Guadalupe y Calvo', 10, '2023-01-18 17:31:53'),
(6169, 152, 'Guazapares', 10, '2023-01-18 17:31:53'),
(6170, 152, 'Guerrero', 10, '2023-01-18 17:31:53'),
(6171, 152, 'Hidalgo del Parral', 10, '2023-01-18 17:31:53'),
(6172, 152, 'Huejotitán', 10, '2023-01-18 17:31:53'),
(6173, 152, 'Ignacio Zaragoza', 10, '2023-01-18 17:31:53'),
(6174, 152, 'Janos', 10, '2023-01-18 17:31:53'),
(6175, 152, 'Jiménez', 10, '2023-01-18 17:31:53'),
(6176, 152, 'Juárez', 10, '2023-01-18 17:31:53'),
(6177, 152, 'Julimes', 10, '2023-01-18 17:31:54'),
(6178, 152, 'La Cruz', 10, '2023-01-18 17:31:54'),
(6179, 152, 'López', 10, '2023-01-18 17:31:54'),
(6180, 152, 'Madera', 10, '2023-01-18 17:31:54'),
(6181, 152, 'Maguarichi', 10, '2023-01-18 17:31:54'),
(6182, 152, 'Manuel Benavides', 10, '2023-01-18 17:31:54'),
(6183, 152, 'Matachí', 10, '2023-01-18 17:31:54'),
(6184, 152, 'Matamoros', 10, '2023-01-18 17:31:54'),
(6185, 152, 'Meoqui', 10, '2023-01-18 17:31:54'),
(6186, 152, 'Morelos', 10, '2023-01-18 17:31:54'),
(6187, 152, 'Moris', 10, '2023-01-18 17:31:54'),
(6188, 152, 'Namiquipa', 10, '2023-01-18 17:31:54'),
(6189, 152, 'Nonoava', 10, '2023-01-18 17:31:54'),
(6190, 152, 'Nuevo Casas Grandes', 10, '2023-01-18 17:31:54'),
(6191, 152, 'Ocampo', 10, '2023-01-18 17:31:54'),
(6192, 152, 'Ojinaga', 10, '2023-01-18 17:31:54'),
(6193, 152, 'Práxedis G. Guerrero', 10, '2023-01-18 17:31:54'),
(6194, 152, 'Riva Palacio', 10, '2023-01-18 17:31:54'),
(6195, 152, 'Rosales', 10, '2023-01-18 17:31:54'),
(6196, 152, 'Rosario', 10, '2023-01-18 17:31:55'),
(6197, 152, 'San Francisco de Borja', 10, '2023-01-18 17:31:55'),
(6198, 152, 'San Francisco de Conchos', 10, '2023-01-18 17:31:55'),
(6199, 152, 'San Francisco del Oro', 10, '2023-01-18 17:31:55'),
(6200, 152, 'Santa Bárbara', 10, '2023-01-18 17:31:55'),
(6201, 152, 'Santa Isabel', 10, '2023-01-18 17:31:55'),
(6202, 152, 'Satevó', 10, '2023-01-18 17:31:55'),
(6203, 152, 'Saucillo', 10, '2023-01-18 17:31:55'),
(6204, 152, 'Temósachi', 10, '2023-01-18 17:31:55'),
(6205, 152, 'Urique', 10, '2023-01-18 17:31:55'),
(6206, 152, 'Uruachi', 10, '2023-01-18 17:31:55'),
(6207, 152, 'Valle de Zaragoza', 10, '2023-01-18 17:31:55'),
(6208, 153, 'Azcapotzalco', 10, '2023-01-18 17:31:55'),
(6209, 153, 'Coyoacán', 10, '2023-01-18 17:31:55'),
(6210, 153, 'Cuajimalpa de Morelos', 10, '2023-01-18 17:31:55'),
(6211, 153, 'Gustavo A. Madero', 10, '2023-01-18 17:31:55'),
(6212, 153, 'Iztacalco', 10, '2023-01-18 17:31:55'),
(6213, 153, 'Iztapalapa', 10, '2023-01-18 17:31:55'),
(6214, 153, 'La Magdalena Contreras', 10, '2023-01-18 17:31:55'),
(6215, 153, 'Milpa Alta', 10, '2023-01-18 17:31:55'),
(6216, 153, 'Álvaro Obregón', 10, '2023-01-18 17:31:55'),
(6217, 153, 'Tláhuac', 10, '2023-01-18 17:31:55'),
(6218, 153, 'Tlalpan', 10, '2023-01-18 17:31:56'),
(6219, 153, 'Xochimilco', 10, '2023-01-18 17:31:56'),
(6220, 153, 'Benito Juárez', 10, '2023-01-18 17:31:56'),
(6221, 153, 'Cuauhtémoc', 10, '2023-01-18 17:31:56'),
(6222, 153, 'Miguel Hidalgo', 10, '2023-01-18 17:31:56'),
(6223, 153, 'Venustiano Carranza', 10, '2023-01-18 17:31:56'),
(6224, 154, 'Abasolo', 10, '2023-01-18 17:31:56'),
(6225, 154, 'Acuña', 10, '2023-01-18 17:31:56'),
(6226, 154, 'Allende', 10, '2023-01-18 17:31:56'),
(6227, 154, 'Arteaga', 10, '2023-01-18 17:31:56'),
(6228, 154, 'Candela', 10, '2023-01-18 17:31:56'),
(6229, 154, 'Castaños', 10, '2023-01-18 17:31:56'),
(6230, 154, 'Cuatro Ciénegas', 10, '2023-01-18 17:31:56'),
(6231, 154, 'Escobedo', 10, '2023-01-18 17:31:56'),
(6232, 154, 'Francisco I. Madero', 10, '2023-01-18 17:31:56'),
(6233, 154, 'Frontera', 10, '2023-01-18 17:31:56'),
(6234, 154, 'General Cepeda', 10, '2023-01-18 17:31:56'),
(6235, 154, 'Guerrero', 10, '2023-01-18 17:31:56'),
(6236, 154, 'Hidalgo', 10, '2023-01-18 17:31:56'),
(6237, 154, 'Jiménez', 10, '2023-01-18 17:31:56'),
(6238, 154, 'Juárez', 10, '2023-01-18 17:31:56'),
(6239, 154, 'Lamadrid', 10, '2023-01-18 17:31:57'),
(6240, 154, 'Matamoros', 10, '2023-01-18 17:31:57'),
(6241, 154, 'Monclova', 10, '2023-01-18 17:31:57'),
(6242, 154, 'Morelos', 10, '2023-01-18 17:31:57'),
(6243, 154, 'Múzquiz', 10, '2023-01-18 17:31:57'),
(6244, 154, 'Nadadores', 10, '2023-01-18 17:31:57'),
(6245, 154, 'Nava', 10, '2023-01-18 17:31:57'),
(6246, 154, 'Ocampo', 10, '2023-01-18 17:31:57'),
(6247, 154, 'Parras', 10, '2023-01-18 17:31:57'),
(6248, 154, 'Piedras Negras', 10, '2023-01-18 17:31:57'),
(6249, 154, 'Progreso', 10, '2023-01-18 17:31:57'),
(6250, 154, 'Ramos Arizpe', 10, '2023-01-18 17:31:57'),
(6251, 154, 'Sabinas', 10, '2023-01-18 17:31:57'),
(6252, 154, 'Sacramento', 10, '2023-01-18 17:31:57'),
(6253, 154, 'Saltillo', 10, '2023-01-18 17:31:57'),
(6254, 154, 'San Buenaventura', 10, '2023-01-18 17:31:57'),
(6255, 154, 'San Juan de Sabinas', 10, '2023-01-18 17:31:57'),
(6256, 154, 'San Pedro', 10, '2023-01-18 17:31:57'),
(6257, 154, 'Sierra Mojada', 10, '2023-01-18 17:31:57'),
(6258, 154, 'Torreón', 10, '2023-01-18 17:31:58'),
(6259, 154, 'Viesca', 10, '2023-01-18 17:31:58'),
(6260, 154, 'Villa Unión', 10, '2023-01-18 17:31:58'),
(6261, 154, 'Zaragoza', 10, '2023-01-18 17:31:58'),
(6262, 155, 'Armería', 10, '2023-01-18 17:31:58'),
(6263, 155, 'Colima', 10, '2023-01-18 17:31:58'),
(6264, 155, 'Comala', 10, '2023-01-18 17:31:58'),
(6265, 155, 'Coquimatlán', 10, '2023-01-18 17:31:58'),
(6266, 155, 'Cuauhtémoc', 10, '2023-01-18 17:31:58'),
(6267, 155, 'Ixtlahuacán', 10, '2023-01-18 17:31:58'),
(6268, 155, 'Manzanillo', 10, '2023-01-18 17:31:58'),
(6269, 155, 'Minatitlán', 10, '2023-01-18 17:31:58'),
(6270, 155, 'Tecomán', 10, '2023-01-18 17:31:58'),
(6271, 155, 'Villa de Álvarez', 10, '2023-01-18 17:31:58'),
(6272, 156, 'Canatlán', 10, '2023-01-18 17:31:58'),
(6273, 156, 'Canelas', 10, '2023-01-18 17:31:58'),
(6274, 156, 'Coneto de Comonfort', 10, '2023-01-18 17:31:58'),
(6275, 156, 'Cuencamé', 10, '2023-01-18 17:31:58'),
(6276, 156, 'Durango', 10, '2023-01-18 17:31:59'),
(6277, 156, 'El Oro', 10, '2023-01-18 17:31:59'),
(6278, 156, 'General Simón Bolívar', 10, '2023-01-18 17:31:59'),
(6279, 156, 'Gómez Palacio', 10, '2023-01-18 17:31:59'),
(6280, 156, 'Guadalupe Victoria', 10, '2023-01-18 17:31:59'),
(6281, 156, 'Guanaceví', 10, '2023-01-18 17:31:59'),
(6282, 156, 'Hidalgo', 10, '2023-01-18 17:31:59'),
(6283, 156, 'Indé', 10, '2023-01-18 17:31:59'),
(6284, 156, 'Lerdo', 10, '2023-01-18 17:31:59'),
(6285, 156, 'Mapimí', 10, '2023-01-18 17:31:59'),
(6286, 156, 'Mezquital', 10, '2023-01-18 17:31:59'),
(6287, 156, 'Nazas', 10, '2023-01-18 17:31:59'),
(6288, 156, 'Nombre de Dios', 10, '2023-01-18 17:31:59'),
(6289, 156, 'Nuevo Ideal', 10, '2023-01-18 17:31:59'),
(6290, 156, 'Ocampo', 10, '2023-01-18 17:31:59'),
(6291, 156, 'Otáez', 10, '2023-01-18 17:31:59'),
(6292, 156, 'Pánuco de Coronado', 10, '2023-01-18 17:31:59'),
(6293, 156, 'Peñón Blanco', 10, '2023-01-18 17:31:59'),
(6294, 156, 'Poanas', 10, '2023-01-18 17:32:00'),
(6295, 156, 'Pueblo Nuevo', 10, '2023-01-18 17:32:00'),
(6296, 156, 'Rodeo', 10, '2023-01-18 17:32:00'),
(6297, 156, 'San Bernardo', 10, '2023-01-18 17:32:00'),
(6298, 156, 'San Dimas', 10, '2023-01-18 17:32:00'),
(6299, 156, 'San Juan de Guadalupe', 10, '2023-01-18 17:32:00'),
(6300, 156, 'San Juan del Río', 10, '2023-01-18 17:32:00'),
(6301, 156, 'San Luis del Cordero', 10, '2023-01-18 17:32:00'),
(6302, 156, 'San Pedro del Gallo', 10, '2023-01-18 17:32:00'),
(6303, 156, 'Santa Clara', 10, '2023-01-18 17:32:00'),
(6304, 156, 'Santiago Papasquiaro', 10, '2023-01-18 17:32:00'),
(6305, 156, 'Súchil', 10, '2023-01-18 17:32:00'),
(6306, 156, 'Tamazula', 10, '2023-01-18 17:32:00'),
(6307, 156, 'Tepehuanes', 10, '2023-01-18 17:32:00'),
(6308, 156, 'Tlahualilo', 10, '2023-01-18 17:32:00'),
(6309, 156, 'Topia', 10, '2023-01-18 17:32:00'),
(6310, 156, 'Vicente Guerrero', 10, '2023-01-18 17:32:00'),
(6311, 157, 'Abasolo', 10, '2023-01-18 17:32:00'),
(6312, 157, 'Acámbaro', 10, '2023-01-18 17:32:00'),
(6313, 157, 'Apaseo el Alto', 10, '2023-01-18 17:32:00'),
(6314, 157, 'Apaseo el Grande', 10, '2023-01-18 17:32:01'),
(6315, 157, 'Atarjea', 10, '2023-01-18 17:32:01'),
(6316, 157, 'Celaya', 10, '2023-01-18 17:32:01'),
(6317, 157, 'Comonfort', 10, '2023-01-18 17:32:01'),
(6318, 157, 'Coroneo', 10, '2023-01-18 17:32:01'),
(6319, 157, 'Cortázar', 10, '2023-01-18 17:32:01'),
(6320, 157, 'Cuerámaro', 10, '2023-01-18 17:32:01'),
(6321, 157, 'Doctor Mora', 10, '2023-01-18 17:32:01'),
(6322, 157, 'Dolores Hidalgo Cuna de la Independencia Nacional', 10, '2023-01-18 17:32:01'),
(6323, 157, 'Guanajuato', 10, '2023-01-18 17:32:01'),
(6324, 157, 'Huanímaro', 10, '2023-01-18 17:32:01'),
(6325, 157, 'Irapuato', 10, '2023-01-18 17:32:01'),
(6326, 157, 'Jaral del Progreso', 10, '2023-01-18 17:32:01'),
(6327, 157, 'Jerécuaro', 10, '2023-01-18 17:32:01'),
(6328, 157, 'León', 10, '2023-01-18 17:32:02'),
(6329, 157, 'Manuel Doblado', 10, '2023-01-18 17:32:02'),
(6330, 157, 'Moroleón', 10, '2023-01-18 17:32:02'),
(6331, 157, 'Ocampo', 10, '2023-01-18 17:32:02'),
(6332, 157, 'Pénjamo', 10, '2023-01-18 17:32:02'),
(6333, 157, 'Pueblo Nuevo', 10, '2023-01-18 17:32:02'),
(6334, 157, 'Purísima del Rincón', 10, '2023-01-18 17:32:02'),
(6335, 157, 'Romita', 10, '2023-01-18 17:32:02'),
(6336, 157, 'Salamanca', 10, '2023-01-18 17:32:02'),
(6337, 157, 'Salvatierra', 10, '2023-01-18 17:32:02'),
(6338, 157, 'San Diego de la Unión', 10, '2023-01-18 17:32:02'),
(6339, 157, 'San Felipe', 10, '2023-01-18 17:32:02'),
(6340, 157, 'San Francisco del Rincón', 10, '2023-01-18 17:32:02'),
(6341, 157, 'San José Iturbide', 10, '2023-01-18 17:32:02'),
(6342, 157, 'San Luis de la Paz', 10, '2023-01-18 17:32:02'),
(6343, 157, 'San Miguel de Allende', 10, '2023-01-18 17:32:02'),
(6344, 157, 'Santa Catarina', 10, '2023-01-18 17:32:02'),
(6345, 157, 'Santa Cruz de Juventino Rosas', 10, '2023-01-18 17:32:02'),
(6346, 157, 'Santiago Maravatío', 10, '2023-01-18 17:32:02'),
(6347, 157, 'Silao', 10, '2023-01-18 17:32:03'),
(6348, 157, 'Tarandacuao', 10, '2023-01-18 17:32:03'),
(6349, 157, 'Tarimoro', 10, '2023-01-18 17:32:03'),
(6350, 157, 'Tierra Blanca', 10, '2023-01-18 17:32:03'),
(6351, 157, 'Uriangato', 10, '2023-01-18 17:32:03'),
(6352, 157, 'Valle de Santiago', 10, '2023-01-18 17:32:03'),
(6353, 157, 'Victoria', 10, '2023-01-18 17:32:03'),
(6354, 157, 'Villagrán', 10, '2023-01-18 17:32:03'),
(6355, 157, 'Xichú', 10, '2023-01-18 17:32:03'),
(6356, 157, 'Yuriria', 10, '2023-01-18 17:32:03'),
(6357, 158, 'Acapulco de Juárez', 10, '2023-01-18 17:32:03'),
(6358, 158, 'Acatepec', 10, '2023-01-18 17:32:03'),
(6359, 158, 'Ahuacuotzingo', 10, '2023-01-18 17:32:03'),
(6360, 158, 'Ajuchitlán del Progreso', 10, '2023-01-18 17:32:03'),
(6361, 158, 'Alcozauca de Guerrero', 10, '2023-01-18 17:32:03'),
(6362, 158, 'Alpoyeca', 10, '2023-01-18 17:32:03'),
(6363, 158, 'Apaxtla', 10, '2023-01-18 17:32:03'),
(6364, 158, 'Arcelia', 10, '2023-01-18 17:32:03'),
(6365, 158, 'Atenango del Río', 10, '2023-01-18 17:32:03'),
(6366, 158, 'Atlamajalcingo del Monte', 10, '2023-01-18 17:32:03'),
(6367, 158, 'Atlixtac', 10, '2023-01-18 17:32:03'),
(6368, 158, 'Atoyac de Álvarez', 10, '2023-01-18 17:32:03'),
(6369, 158, 'Ayutla de los Libres', 10, '2023-01-18 17:32:03'),
(6370, 158, 'Azoyú', 10, '2023-01-18 17:32:04'),
(6371, 158, 'Benito Juárez', 10, '2023-01-18 17:32:04'),
(6372, 158, 'Buenavista de Cuéllar', 10, '2023-01-18 17:32:04'),
(6373, 158, 'Chilapa de Álvarez', 10, '2023-01-18 17:32:04'),
(6374, 158, 'Chilpancingo de los Bravo', 10, '2023-01-18 17:32:04'),
(6375, 158, 'Coahuayutla de José María Izazaga', 10, '2023-01-18 17:32:04'),
(6376, 158, 'Cochoapa el Grande', 10, '2023-01-18 17:32:04'),
(6377, 158, 'Cocula', 10, '2023-01-18 17:32:04'),
(6378, 158, 'Copala', 10, '2023-01-18 17:32:04'),
(6379, 158, 'Copalillo', 10, '2023-01-18 17:32:04'),
(6380, 158, 'Copanatoyac', 10, '2023-01-18 17:32:04'),
(6381, 158, 'Coyuca de Benítez', 10, '2023-01-18 17:32:04'),
(6382, 158, 'Coyuca de Catalán', 10, '2023-01-18 17:32:04'),
(6383, 158, 'Cuajinicuilapa', 10, '2023-01-18 17:32:04'),
(6384, 158, 'Cualác', 10, '2023-01-18 17:32:04'),
(6385, 158, 'Cuautepec', 10, '2023-01-18 17:32:04'),
(6386, 158, 'Cuetzala del Progreso', 10, '2023-01-18 17:32:04'),
(6387, 158, 'Cutzamala de Pinzón', 10, '2023-01-18 17:32:04'),
(6388, 158, 'Eduardo Neri', 10, '2023-01-18 17:32:04'),
(6389, 158, 'Florencio Villarreal', 10, '2023-01-18 17:32:04'),
(6390, 158, 'General Canuto A. Neri', 10, '2023-01-18 17:32:05'),
(6391, 158, 'General Heliodoro Castillo', 10, '2023-01-18 17:32:05'),
(6392, 158, 'Huamuxtitlán', 10, '2023-01-18 17:32:05'),
(6393, 158, 'Huitzuco de los Figueroa', 10, '2023-01-18 17:32:05'),
(6394, 158, 'Iguala de la Independencia', 10, '2023-01-18 17:32:05'),
(6395, 158, 'Igualapa', 10, '2023-01-18 17:32:05'),
(6396, 158, 'Iliatenco', 10, '2023-01-18 17:32:05'),
(6397, 158, 'Ixcateopan de Cuauhtémoc', 10, '2023-01-18 17:32:05'),
(6398, 158, 'José Joaquín de Herrera', 10, '2023-01-18 17:32:05'),
(6399, 158, 'Juan R. Escudero', 10, '2023-01-18 17:32:05'),
(6400, 158, 'Juchitán', 10, '2023-01-18 17:32:05'),
(6401, 158, 'La Unión de Isidoro Montes de Oca', 10, '2023-01-18 17:32:06'),
(6402, 158, 'Leonardo Bravo', 10, '2023-01-18 17:32:06'),
(6403, 158, 'Malinaltepec', 10, '2023-01-18 17:32:06'),
(6404, 158, 'Marquelia', 10, '2023-01-18 17:32:06'),
(6405, 158, 'Mártir de Cuilapan', 10, '2023-01-18 17:32:06'),
(6406, 158, 'Metlatónoc', 10, '2023-01-18 17:32:06'),
(6407, 158, 'Mochitlán', 10, '2023-01-18 17:32:06'),
(6408, 158, 'Olinalá', 10, '2023-01-18 17:32:06'),
(6409, 158, 'Ometepec', 10, '2023-01-18 17:32:06'),
(6410, 158, 'Pedro Ascencio Alquisiras', 10, '2023-01-18 17:32:06'),
(6411, 158, 'Petatlán', 10, '2023-01-18 17:32:06'),
(6412, 158, 'Pilcaya', 10, '2023-01-18 17:32:06'),
(6413, 158, 'Pungarabato', 10, '2023-01-18 17:32:06'),
(6414, 158, 'Quechultenango', 10, '2023-01-18 17:32:06'),
(6415, 158, 'San Luis Acatlán', 10, '2023-01-18 17:32:06'),
(6416, 158, 'San Marcos', 10, '2023-01-18 17:32:07'),
(6417, 158, 'San Miguel Totolapan', 10, '2023-01-18 17:32:07'),
(6418, 158, 'Taxco de Alarcón', 10, '2023-01-18 17:32:07'),
(6419, 158, 'Tecoanapa', 10, '2023-01-18 17:32:07'),
(6420, 158, 'Técpan de Galeana', 10, '2023-01-18 17:32:07'),
(6421, 158, 'Teloloapan', 10, '2023-01-18 17:32:07'),
(6422, 158, 'Tepecoacuilco de Trujano', 10, '2023-01-18 17:32:07'),
(6423, 158, 'Tetipac', 10, '2023-01-18 17:32:07'),
(6424, 158, 'Tixtla de Guerrero', 10, '2023-01-18 17:32:07'),
(6425, 158, 'Tlacoachistlahuaca', 10, '2023-01-18 17:32:07'),
(6426, 158, 'Tlacoapa', 10, '2023-01-18 17:32:07'),
(6427, 158, 'Tlalchapa', 10, '2023-01-18 17:32:08'),
(6428, 158, 'Tlalixtaquilla de Maldonado', 10, '2023-01-18 17:32:08'),
(6429, 158, 'Tlapa de Comonfort', 10, '2023-01-18 17:32:08'),
(6430, 158, 'Tlapehuala', 10, '2023-01-18 17:32:08'),
(6431, 158, 'Xalpatláhuac', 10, '2023-01-18 17:32:08'),
(6432, 158, 'Xochihuehuetlán', 10, '2023-01-18 17:32:08'),
(6433, 158, 'Xochistlahuaca', 10, '2023-01-18 17:32:08'),
(6434, 158, 'Zapotitlán Tablas', 10, '2023-01-18 17:32:08'),
(6435, 158, 'Zihuatanejo de Azueta', 10, '2023-01-18 17:32:08'),
(6436, 158, 'Zirándaro', 10, '2023-01-18 17:32:08'),
(6437, 158, 'Zitlala', 10, '2023-01-18 17:32:08'),
(6438, 159, 'Acatlán', 10, '2023-01-18 17:32:09'),
(6439, 159, 'Acaxochitlán', 10, '2023-01-18 17:32:09'),
(6440, 159, 'Actopan', 10, '2023-01-18 17:32:09'),
(6441, 159, 'Agua Blanca de Iturbide', 10, '2023-01-18 17:32:09'),
(6442, 159, 'Ajacuba', 10, '2023-01-18 17:32:09'),
(6443, 159, 'Alfajayucan', 10, '2023-01-18 17:32:09'),
(6444, 159, 'Almoloya', 10, '2023-01-18 17:32:09'),
(6445, 159, 'Apan', 10, '2023-01-18 17:32:09'),
(6446, 159, 'Atitalaquia', 10, '2023-01-18 17:32:09'),
(6447, 159, 'Atlapexco', 10, '2023-01-18 17:32:09'),
(6448, 159, 'Atotonilco de Tula', 10, '2023-01-18 17:32:10'),
(6449, 159, 'Atotonilco el Grande', 10, '2023-01-18 17:32:10'),
(6450, 159, 'Calnali', 10, '2023-01-18 17:32:10'),
(6451, 159, 'Cardonal', 10, '2023-01-18 17:32:10'),
(6452, 159, 'Chapantongo', 10, '2023-01-18 17:32:10'),
(6453, 159, 'Chapulhuacán', 10, '2023-01-18 17:32:10'),
(6454, 159, 'Chilcuautla', 10, '2023-01-18 17:32:10'),
(6455, 159, 'Cuautepec de Hinojosa', 10, '2023-01-18 17:32:10'),
(6456, 159, 'El Arenal', 10, '2023-01-18 17:32:10'),
(6457, 159, 'Eloxochitlán', 10, '2023-01-18 17:32:10'),
(6458, 159, 'Emiliano Zapata', 10, '2023-01-18 17:32:10'),
(6459, 159, 'Epazoyucan', 10, '2023-01-18 17:32:10'),
(6460, 159, 'Francisco I. Madero', 10, '2023-01-18 17:32:11'),
(6461, 159, 'Huasca de Ocampo', 10, '2023-01-18 17:32:11'),
(6462, 159, 'Huautla', 10, '2023-01-18 17:32:11'),
(6463, 159, 'Huazalingo', 10, '2023-01-18 17:32:11'),
(6464, 159, 'Huehuetla', 10, '2023-01-18 17:32:11'),
(6465, 159, 'Huejutla de Reyes', 10, '2023-01-18 17:32:11'),
(6466, 159, 'Huichapan', 10, '2023-01-18 17:32:11'),
(6467, 159, 'Ixmiquilpan', 10, '2023-01-18 17:32:11'),
(6468, 159, 'Jacala de Ledezma', 10, '2023-01-18 17:32:11'),
(6469, 159, 'Jaltocán', 10, '2023-01-18 17:32:12'),
(6470, 159, 'Juárez Hidalgo', 10, '2023-01-18 17:32:12'),
(6471, 159, 'La Misión', 10, '2023-01-18 17:32:12'),
(6472, 159, 'Lolotla', 10, '2023-01-18 17:32:12'),
(6473, 159, 'Metepec', 10, '2023-01-18 17:32:12'),
(6474, 159, 'Metztitlán', 10, '2023-01-18 17:32:12'),
(6475, 159, 'Mineral de la Reforma', 10, '2023-01-18 17:32:12'),
(6476, 159, 'Mineral del Chico', 10, '2023-01-18 17:32:12'),
(6477, 159, 'Mineral del Monte', 10, '2023-01-18 17:32:12'),
(6478, 159, 'Mixquiahuala de Juárez', 10, '2023-01-18 17:32:12'),
(6479, 159, 'Molango de Escamilla', 10, '2023-01-18 17:32:12'),
(6480, 159, 'Nicolás Flores', 10, '2023-01-18 17:32:12'),
(6481, 159, 'Nopala de Villagrán', 10, '2023-01-18 17:32:13'),
(6482, 159, 'Omitlán de Juárez', 10, '2023-01-18 17:32:13'),
(6483, 159, 'Pachuca de Soto', 10, '2023-01-18 17:32:13'),
(6484, 159, 'Pacula', 10, '2023-01-18 17:32:13'),
(6485, 159, 'Pisaflores', 10, '2023-01-18 17:32:13'),
(6486, 159, 'Progreso de Obregón', 10, '2023-01-18 17:32:13'),
(6487, 159, 'San Agustín Metzquititlán', 10, '2023-01-18 17:32:13'),
(6488, 159, 'San Agustín Tlaxiaca', 10, '2023-01-18 17:32:13'),
(6489, 159, 'San Bartolo Tutotepec', 10, '2023-01-18 17:32:13'),
(6490, 159, 'San Felipe Orizatlán', 10, '2023-01-18 17:32:13'),
(6491, 159, 'San Salvador', 10, '2023-01-18 17:32:13'),
(6492, 159, 'Santiago de Anaya', 10, '2023-01-18 17:32:14'),
(6493, 159, 'Santiago Tulantepec de Lugo Guerrero', 10, '2023-01-18 17:32:14'),
(6494, 159, 'Singuilucan', 10, '2023-01-18 17:32:14'),
(6495, 159, 'Tasquillo', 10, '2023-01-18 17:32:14'),
(6496, 159, 'Tecozautla', 10, '2023-01-18 17:32:14'),
(6497, 159, 'Tenango de Doria', 10, '2023-01-18 17:32:14'),
(6498, 159, 'Tepeapulco', 10, '2023-01-18 17:32:14'),
(6499, 159, 'Tepehuacán de Guerrero', 10, '2023-01-18 17:32:14'),
(6500, 159, 'Tepeji del Río de Ocampo', 10, '2023-01-18 17:32:14'),
(6501, 159, 'Tepetitlán', 10, '2023-01-18 17:32:14'),
(6502, 159, 'Tetepango', 10, '2023-01-18 17:32:14'),
(6503, 159, 'Tezontepec de Aldama', 10, '2023-01-18 17:32:14'),
(6504, 159, 'Tianguistengo', 10, '2023-01-18 17:32:14'),
(6505, 159, 'Tizayuca', 10, '2023-01-18 17:32:14'),
(6506, 159, 'Tlahuelilpan', 10, '2023-01-18 17:32:15'),
(6507, 159, 'Tlahuiltepa', 10, '2023-01-18 17:32:15'),
(6508, 159, 'Tlanalapa', 10, '2023-01-18 17:32:15'),
(6509, 159, 'Tlanchinol', 10, '2023-01-18 17:32:15'),
(6510, 159, 'Tlaxcoapan', 10, '2023-01-18 17:32:15'),
(6511, 159, 'Tolcayuca', 10, '2023-01-18 17:32:15'),
(6512, 159, 'Tula de Allende', 10, '2023-01-18 17:32:15'),
(6513, 159, 'Tulancingo de Bravo', 10, '2023-01-18 17:32:15'),
(6514, 159, 'Villa de Tezontepec', 10, '2023-01-18 17:32:15'),
(6515, 159, 'Xochiatipan', 10, '2023-01-18 17:32:15'),
(6516, 159, 'Xochicoatlán', 10, '2023-01-18 17:32:15'),
(6517, 159, 'Yahualica', 10, '2023-01-18 17:32:15'),
(6518, 159, 'Zacualtipán de Angeles', 10, '2023-01-18 17:32:15'),
(6519, 159, 'Zapotlán de Juárez', 10, '2023-01-18 17:32:15'),
(6520, 159, 'Zempoala', 10, '2023-01-18 17:32:15'),
(6521, 159, 'Zimapán', 10, '2023-01-18 17:32:15'),
(6522, 160, 'Guadalajara', 10, '2023-01-18 17:32:15'),
(6523, 160, 'Tonalá', 10, '2023-01-18 17:32:16'),
(6524, 160, 'Tepatitlán de Morelos', 10, '2023-01-18 17:32:16'),
(6525, 160, 'Arandas', 10, '2023-01-18 17:32:16'),
(6526, 160, 'Ameca', 10, '2023-01-18 17:32:16'),
(6527, 160, 'Ixtlahuacán de los Membrillos', 10, '2023-01-18 17:32:16'),
(6528, 160, 'Tequila', 10, '2023-01-18 17:32:16'),
(6529, 160, 'Ayotlán', 10, '2023-01-18 17:32:16'),
(6530, 160, 'Jalostotitlán', 10, '2023-01-18 17:32:16'),
(6531, 160, 'Zacoalco de Torres', 10, '2023-01-18 17:32:16'),
(6532, 160, 'Zapopan', 10, '2023-01-18 17:32:16'),
(6533, 160, 'Puerto Vallarta', 10, '2023-01-18 17:32:16'),
(6534, 160, 'Zapotlán el Grande', 10, '2023-01-18 17:32:16'),
(6535, 160, 'San Juan de los Lagos', 10, '2023-01-18 17:32:16'),
(6536, 160, 'Autlán de Navarro', 10, '2023-01-18 17:32:16'),
(6537, 160, 'Poncitlán', 10, '2023-01-18 17:32:16'),
(6538, 160, 'Cihuatlán', 10, '2023-01-18 17:32:16'),
(6539, 160, 'Sayula', 10, '2023-01-18 17:32:16'),
(6540, 160, 'San Miguel el Alto', 10, '2023-01-18 17:32:16'),
(6541, 160, 'San Martín Hidalgo', 10, '2023-01-18 17:32:17'),
(6542, 160, 'Tlaquepaque', 10, '2023-01-18 17:32:17'),
(6543, 160, 'El Salto', 10, '2023-01-18 17:32:17'),
(6544, 160, 'Ocotlán', 10, '2023-01-18 17:32:17'),
(6545, 160, 'Zapotlanejo', 10, '2023-01-18 17:32:17'),
(6546, 160, 'Atotonilco el Alto', 10, '2023-01-18 17:32:17'),
(6547, 160, 'Chapala', 10, '2023-01-18 17:32:17'),
(6548, 160, 'Teocaltiche', 10, '2023-01-18 17:32:17'),
(6549, 160, 'Tomatlán', 10, '2023-01-18 17:32:17'),
(6550, 160, 'Ojuelos de Jalisco', 10, '2023-01-18 17:32:17'),
(6551, 160, 'Cocula', 10, '2023-01-18 17:32:17'),
(6552, 160, 'Tlajomulco de Zúñiga', 10, '2023-01-18 17:32:17'),
(6553, 160, 'Lagos de Moreno', 10, '2023-01-18 17:32:17'),
(6554, 160, 'Tala', 10, '2023-01-18 17:32:17'),
(6555, 160, 'La Barca', 10, '2023-01-18 17:32:17'),
(6556, 160, 'Encarnación de Díaz', 10, '2023-01-18 17:32:17'),
(6557, 160, 'Jocotepec', 10, '2023-01-18 17:32:17'),
(6558, 160, 'Tamazula de Gordiano', 10, '2023-01-18 17:32:17'),
(6559, 160, 'Tuxpan', 10, '2023-01-18 17:32:17'),
(6560, 160, 'Zapotiltic', 10, '2023-01-18 17:32:18'),
(6561, 160, 'Jamay', 10, '2023-01-18 17:32:18'),
(6562, 161, 'Ecatepec de Morelos', 10, '2023-01-18 17:32:18'),
(6563, 161, 'Tlalnepantla de Baz', 10, '2023-01-18 17:32:18'),
(6564, 161, 'Tultitlán', 10, '2023-01-18 17:32:18'),
(6565, 161, 'Valle de Chalco Solidaridad', 10, '2023-01-18 17:32:18'),
(6566, 161, 'Huixquilucan', 10, '2023-01-18 17:32:18'),
(6567, 161, 'Zumpango', 10, '2023-01-18 17:32:18'),
(6568, 161, 'Acolman', 10, '2023-01-18 17:32:18'),
(6569, 161, 'San Felipe del Progreso', 10, '2023-01-18 17:32:18'),
(6570, 161, 'Atlacomulco', 10, '2023-01-18 17:32:18'),
(6571, 161, 'Jilotepec', 10, '2023-01-18 17:32:18'),
(6572, 161, 'Nextlalpan', 10, '2023-01-18 17:32:18'),
(6573, 161, 'Chimalhuacán', 10, '2023-01-18 17:32:18'),
(6574, 161, 'Ixtapaluca', 10, '2023-01-18 17:32:18'),
(6575, 161, 'Chalco', 10, '2023-01-18 17:32:18'),
(6576, 161, 'Texcoco', 10, '2023-01-18 17:32:19'),
(6577, 161, 'Zinacantepec', 10, '2023-01-18 17:32:19'),
(6578, 161, 'Tultepec', 10, '2023-01-18 17:32:19'),
(6579, 161, 'Huehuetoca', 10, '2023-01-18 17:32:19'),
(6580, 161, 'Tenancingo', 10, '2023-01-18 17:32:19'),
(6581, 161, 'Tenango del Valle', 10, '2023-01-18 17:32:19'),
(6582, 161, 'Toluca', 10, '2023-01-18 17:32:19'),
(6583, 161, 'Cuautitlán Izcalli', 10, '2023-01-18 17:32:19'),
(6584, 161, 'Tecámac', 10, '2023-01-18 17:32:19'),
(6585, 161, 'La Paz', 10, '2023-01-18 17:32:19'),
(6586, 161, 'Metepec', 10, '2023-01-18 17:32:19'),
(6587, 161, 'Almoloya de Juárez', 10, '2023-01-18 17:32:19'),
(6588, 161, 'Cuautitlán', 10, '2023-01-18 17:32:19'),
(6589, 161, 'Villa Victoria', 10, '2023-01-18 17:32:19'),
(6590, 161, 'Tepotzotlán', 10, '2023-01-18 17:32:20'),
(6591, 161, 'Otzolotepec', 10, '2023-01-18 17:32:20'),
(6592, 161, 'Naucalpan de Juárez', 10, '2023-01-18 17:32:20'),
(6593, 161, 'Atizapán de Zaragoza', 10, '2023-01-18 17:32:20'),
(6594, 161, 'Nicolás Romero', 10, '2023-01-18 17:32:20'),
(6595, 161, 'Coacalco de Berriozábal', 10, '2023-01-18 17:32:20'),
(6596, 161, 'Chicoloapan', 10, '2023-01-18 17:32:20'),
(6597, 161, 'Ixtlahuaca', 10, '2023-01-18 17:32:20'),
(6598, 161, 'Lerma', 10, '2023-01-18 17:32:20'),
(6599, 161, 'Temoaya', 10, '2023-01-18 17:32:20'),
(6600, 161, 'San José del Rincón', 10, '2023-01-18 17:32:20'),
(6601, 161, 'Tejupilco', 10, '2023-01-18 17:32:20'),
(6602, 162, 'Morelia', 10, '2023-01-18 17:32:20'),
(6603, 162, 'Zitácuaro', 10, '2023-01-18 17:32:20'),
(6604, 162, 'La Piedad', 10, '2023-01-18 17:32:20'),
(6605, 162, 'Suahuayo', 10, '2023-01-18 17:32:20'),
(6606, 162, 'Puruándiro', 10, '2023-01-18 17:32:20'),
(6607, 162, 'Múgica', 10, '2023-01-18 17:32:21'),
(6608, 162, 'Ario', 10, '2023-01-18 17:32:21'),
(6609, 162, 'Jiquilpan', 10, '2023-01-18 17:32:21'),
(6610, 162, 'Cuitzeo', 10, '2023-01-18 17:32:21'),
(6611, 162, 'Peribán', 10, '2023-01-18 17:32:21'),
(6612, 162, 'Uruapan', 10, '2023-01-18 17:32:21'),
(6613, 162, 'Apatzingán', 10, '2023-01-18 17:32:21'),
(6614, 162, 'Pátzcuaro', 10, '2023-01-18 17:32:21'),
(6615, 162, 'Zacapu', 10, '2023-01-18 17:32:21'),
(6616, 162, 'Salvador Escalante', 10, '2023-01-18 17:32:21'),
(6617, 162, 'Huetamo', 10, '2023-01-18 17:32:21'),
(6618, 162, 'La Huacana', 10, '2023-01-18 17:32:21'),
(6619, 162, 'Turicato', 10, '2023-01-18 17:32:21'),
(6620, 162, 'Tangamandapio', 10, '2023-01-18 17:32:21'),
(6621, 162, 'Tlalpujahua', 10, '2023-01-18 17:32:21'),
(6622, 162, 'Zamora', 10, '2023-01-18 17:32:21'),
(6623, 162, 'Hidalgo', 10, '2023-01-18 17:32:21'),
(6624, 162, 'Maravatío', 10, '2023-01-18 17:32:21'),
(6625, 162, 'Jacona', 10, '2023-01-18 17:32:21'),
(6626, 162, 'Buenavista', 10, '2023-01-18 17:32:21'),
(6627, 162, 'Chilchota', 10, '2023-01-18 17:32:22'),
(6628, 162, 'Contepec', 10, '2023-01-18 17:32:22'),
(6629, 162, 'Yurécuaro', 10, '2023-01-18 17:32:22'),
(6630, 162, 'Nahuatzen', 10, '2023-01-18 17:32:22'),
(6631, 162, 'Tuxpan', 10, '2023-01-18 17:32:22'),
(6632, 162, 'Lázaro Cárdenas', 10, '2023-01-18 17:32:22'),
(6633, 162, 'Tarímbaro', 10, '2023-01-18 17:32:22'),
(6634, 162, 'Tacámbaro', 10, '2023-01-18 17:32:22'),
(6635, 162, 'Los Reyes', 10, '2023-01-18 17:32:22'),
(6636, 162, 'Zinapécuaro', 10, '2023-01-18 17:32:22'),
(6637, 162, 'Paracho', 10, '2023-01-18 17:32:22'),
(6638, 162, 'Tangancícuaro', 10, '2023-01-18 17:32:22'),
(6639, 162, 'Tancítaro', 10, '2023-01-18 17:32:22'),
(6640, 162, 'Quiroga', 10, '2023-01-18 17:32:22'),
(6641, 162, 'Parácuaro', 10, '2023-01-18 17:32:22'),
(6642, 163, 'Amacuzac', 10, '2023-01-18 17:32:22'),
(6643, 163, 'Atlatlahucan', 10, '2023-01-18 17:32:22'),
(6644, 163, 'Axochiapan', 10, '2023-01-18 17:32:22'),
(6645, 163, 'Ayala', 10, '2023-01-18 17:32:23'),
(6646, 163, 'Coatetelco', 10, '2023-01-18 17:32:23'),
(6647, 163, 'Coatlán del Río', 10, '2023-01-18 17:32:23'),
(6648, 163, 'Cuautla', 10, '2023-01-18 17:32:23'),
(6649, 163, 'Cuernavaca', 10, '2023-01-18 17:32:23'),
(6650, 163, 'Emiliano Zapata', 10, '2023-01-18 17:32:23'),
(6651, 163, 'Hueyapan', 10, '2023-01-18 17:32:23'),
(6652, 163, 'Huitzilac', 10, '2023-01-18 17:32:23'),
(6653, 163, 'Jantetelco', 10, '2023-01-18 17:32:23'),
(6654, 163, 'Jiutepec', 10, '2023-01-18 17:32:23'),
(6655, 163, 'Jojutla', 10, '2023-01-18 17:32:23'),
(6656, 163, 'Jonacatepec', 10, '2023-01-18 17:32:23'),
(6657, 163, 'Mazatepec', 10, '2023-01-18 17:32:23'),
(6658, 163, 'Miacatlán', 10, '2023-01-18 17:32:23'),
(6659, 163, 'Ocuituco', 10, '2023-01-18 17:32:23'),
(6660, 163, 'Puente de Ixtla', 10, '2023-01-18 17:32:23'),
(6661, 163, 'Temixco', 10, '2023-01-18 17:32:23'),
(6662, 163, 'Temoac', 10, '2023-01-18 17:32:24'),
(6663, 163, 'Tepalcingo', 10, '2023-01-18 17:32:24'),
(6664, 163, 'Tepoztlán', 10, '2023-01-18 17:32:24'),
(6665, 163, 'Tetecala', 10, '2023-01-18 17:32:24'),
(6666, 163, 'Tetela del Volcán', 10, '2023-01-18 17:32:24'),
(6667, 163, 'Tlalnepantla', 10, '2023-01-18 17:32:24'),
(6668, 163, 'Tlaltizapán', 10, '2023-01-18 17:32:24'),
(6669, 163, 'Tlaquiltenango', 10, '2023-01-18 17:32:24'),
(6670, 163, 'Tlayacapan', 10, '2023-01-18 17:32:24'),
(6671, 163, 'Totolapan', 10, '2023-01-18 17:32:24'),
(6672, 163, 'Xochitepec', 10, '2023-01-18 17:32:24'),
(6673, 163, 'Xoxocotla', 10, '2023-01-18 17:32:24'),
(6674, 163, 'Yautepec', 10, '2023-01-18 17:32:24'),
(6675, 163, 'Yecapixtla', 10, '2023-01-18 17:32:24'),
(6676, 163, 'Zacatepec', 10, '2023-01-18 17:32:24'),
(6677, 163, 'Zacualpan', 10, '2023-01-18 17:32:24'),
(6678, 164, 'Acaponeta', 10, '2023-01-18 17:32:24'),
(6679, 164, 'Ahuacatlán', 10, '2023-01-18 17:32:25'),
(6680, 164, 'Amatlán de Cañas', 10, '2023-01-18 17:32:25'),
(6681, 164, 'Bahía de Banderas', 10, '2023-01-18 17:32:25'),
(6682, 164, 'Compostela', 10, '2023-01-18 17:32:25'),
(6683, 164, 'Del Nayar', 10, '2023-01-18 17:32:25'),
(6684, 164, 'Huajicori', 10, '2023-01-18 17:32:25'),
(6685, 164, 'Ixtlán del Río', 10, '2023-01-18 17:32:25'),
(6686, 164, 'Jala', 10, '2023-01-18 17:32:25'),
(6687, 164, 'La Yesca', 10, '2023-01-18 17:32:25'),
(6688, 164, 'Rosamorada', 10, '2023-01-18 17:32:25'),
(6689, 164, 'Ruiz', 10, '2023-01-18 17:32:25'),
(6690, 164, 'San Blas', 10, '2023-01-18 17:32:25'),
(6691, 164, 'San Pedro Lagunillas', 10, '2023-01-18 17:32:25'),
(6692, 164, 'Santa María del Oro', 10, '2023-01-18 17:32:25'),
(6693, 164, 'Santiago Ixcuintla', 10, '2023-01-18 17:32:26'),
(6694, 164, 'Tecuala', 10, '2023-01-18 17:32:26'),
(6695, 164, 'Tepic', 10, '2023-01-18 17:32:26'),
(6696, 164, 'Tuxpan', 10, '2023-01-18 17:32:26'),
(6697, 164, 'Xalisco', 10, '2023-01-18 17:32:26'),
(6698, 165, 'Abasolo', 10, '2023-01-18 17:32:26'),
(6699, 165, 'Agualeguas', 10, '2023-01-18 17:32:26'),
(6700, 165, 'Allende', 10, '2023-01-18 17:32:26'),
(6701, 165, 'Anáhuac', 10, '2023-01-18 17:32:26'),
(6702, 165, 'Apodaca', 10, '2023-01-18 17:32:26'),
(6703, 165, 'Aramberri', 10, '2023-01-18 17:32:26'),
(6704, 165, 'Bustamante', 10, '2023-01-18 17:32:26'),
(6705, 165, 'Cadereyta Jiménez', 10, '2023-01-18 17:32:26'),
(6706, 165, 'Carmen', 10, '2023-01-18 17:32:26'),
(6707, 165, 'Cerralvo', 10, '2023-01-18 17:32:27'),
(6708, 165, 'China', 10, '2023-01-18 17:32:27'),
(6709, 165, 'Ciénega de Flores', 10, '2023-01-18 17:32:27'),
(6710, 165, 'Doctor Arroyo', 10, '2023-01-18 17:32:27'),
(6711, 165, 'Doctor Coss', 10, '2023-01-18 17:32:27'),
(6712, 165, 'Doctor González', 10, '2023-01-18 17:32:27'),
(6713, 165, 'Galeana', 10, '2023-01-18 17:32:27'),
(6714, 165, 'García', 10, '2023-01-18 17:32:27'),
(6715, 165, 'General Bravo', 10, '2023-01-18 17:32:27'),
(6716, 165, 'General Escobedo', 10, '2023-01-18 17:32:27'),
(6717, 165, 'General Terán', 10, '2023-01-18 17:32:27'),
(6718, 165, 'General Treviño', 10, '2023-01-18 17:32:27'),
(6719, 165, 'General Zaragoza', 10, '2023-01-18 17:32:27'),
(6720, 165, 'General Zuazua', 10, '2023-01-18 17:32:27'),
(6721, 165, 'Guadalupe', 10, '2023-01-18 17:32:27'),
(6722, 165, 'Hidalgo', 10, '2023-01-18 17:32:27'),
(6723, 165, 'Higueras', 10, '2023-01-18 17:32:27'),
(6724, 165, 'Hualahuises', 10, '2023-01-18 17:32:28'),
(6725, 165, 'Iturbide', 10, '2023-01-18 17:32:28'),
(6726, 165, 'Juárez', 10, '2023-01-18 17:32:28'),
(6727, 165, 'Lampazos de Naranjo', 10, '2023-01-18 17:32:28'),
(6728, 165, 'Linares', 10, '2023-01-18 17:32:28'),
(6729, 165, 'Los Aldamas', 10, '2023-01-18 17:32:28'),
(6730, 165, 'Los Herreras', 10, '2023-01-18 17:32:28'),
(6731, 165, 'Los Ramones', 10, '2023-01-18 17:32:28'),
(6732, 165, 'Marín', 10, '2023-01-18 17:32:28'),
(6733, 165, 'Melchor Ocampo', 10, '2023-01-18 17:32:28'),
(6734, 165, 'Mier y Noriega', 10, '2023-01-18 17:32:28'),
(6735, 165, 'Mina', 10, '2023-01-18 17:32:28'),
(6736, 165, 'Montemorelos', 10, '2023-01-18 17:32:28'),
(6737, 165, 'Monterrey', 10, '2023-01-18 17:32:28'),
(6738, 165, 'Parás', 10, '2023-01-18 17:32:28'),
(6739, 165, 'Pesquería', 10, '2023-01-18 17:32:28'),
(6740, 165, 'Rayones', 10, '2023-01-18 17:32:28'),
(6741, 165, 'Sabinas Hidalgo', 10, '2023-01-18 17:32:29'),
(6742, 165, 'Salinas Victoria', 10, '2023-01-18 17:32:29'),
(6743, 165, 'San Nicolás de los Garza', 10, '2023-01-18 17:32:29'),
(6744, 165, 'San Pedro Garza García', 10, '2023-01-18 17:32:29'),
(6745, 165, 'Santa Catarina', 10, '2023-01-18 17:32:29'),
(6746, 165, 'Santiago', 10, '2023-01-18 17:32:29'),
(6747, 165, 'Vallecillo', 10, '2023-01-18 17:32:29'),
(6748, 165, 'Villaldama', 10, '2023-01-18 17:32:29'),
(6749, 166, 'Oaxaca de Juárez', 10, '2023-01-18 17:32:29'),
(6750, 166, 'Salina Cruz', 10, '2023-01-18 17:32:29'),
(6751, 166, 'Santa Lucía del Camino', 10, '2023-01-18 17:32:29'),
(6752, 166, 'Acatlán de Pérez Figueroa', 10, '2023-01-18 17:32:29'),
(6753, 166, 'Miahuatlán de Porfirio Díaz', 10, '2023-01-18 17:32:29'),
(6754, 166, 'Santiago Juxtlahuaca', 10, '2023-01-18 17:32:29'),
(6755, 166, 'San Juan Guichicovi', 10, '2023-01-18 17:32:29'),
(6756, 166, 'San Agustín Loxicha', 10, '2023-01-18 17:32:29'),
(6757, 166, 'San Juan Bautista Valle Nacional', 10, '2023-01-18 17:32:29'),
(6758, 166, 'Ejutla de Crespo', 10, '2023-01-18 17:32:29'),
(6759, 166, 'San Juan Bautista Tuxtepec', 10, '2023-01-18 17:32:29'),
(6760, 166, 'Heroica Ciudad de Huajuapan de León', 10, '2023-01-18 17:32:30'),
(6761, 166, 'San Pedro Mixtepec - Distrito 22', 10, '2023-01-18 17:32:30'),
(6762, 166, 'Santa María Huatulco', 10, '2023-01-18 17:32:30'),
(6763, 166, 'Heroica Ciudad de Tlaxiaco', 10, '2023-01-18 17:32:30'),
(6764, 166, 'Santa María Atzompa', 10, '2023-01-18 17:32:30'),
(6765, 166, 'Ciudad Ixtepec', 10, '2023-01-18 17:32:30'),
(6766, 166, 'Santa María Colotepec', 10, '2023-01-18 17:32:30'),
(6767, 166, 'Tlacolula de Matamoros', 10, '2023-01-18 17:32:30'),
(6768, 166, 'Santa María Chilchotla', 10, '2023-01-18 17:32:30'),
(6769, 166, 'Heroica Ciudad de Juchitán de Zaragoza', 10, '2023-01-18 17:32:30'),
(6770, 166, 'Santo Domingo Tehuantepec', 10, '2023-01-18 17:32:30'),
(6771, 166, 'San Pedro Pochutla', 10, '2023-01-18 17:32:30'),
(6772, 166, 'Villa de Zaachila', 10, '2023-01-18 17:32:30'),
(6773, 166, 'Matías Romero', 10, '2023-01-18 17:32:30'),
(6774, 166, 'Putla Villa de Guerrero', 10, '2023-01-18 17:32:30'),
(6775, 166, 'San Felipe Jalapa de Díaz', 10, '2023-01-18 17:32:30'),
(6776, 166, 'San Juan Cotzocón', 10, '2023-01-18 17:32:30'),
(6777, 166, 'Ocotlán de Morelos', 10, '2023-01-18 17:32:30'),
(6778, 166, 'San Lucas Ojitlán', 10, '2023-01-18 17:32:30'),
(6779, 166, 'Santa Cruz Xoxocotlán', 10, '2023-01-18 17:32:30'),
(6780, 166, 'Santiago Pinotepa Nacional', 10, '2023-01-18 17:32:31'),
(6781, 166, 'Villa de Tututepec de Melchor Ocampo', 10, '2023-01-18 17:32:31'),
(6782, 166, 'Loma Bonita', 10, '2023-01-18 17:32:31'),
(6783, 166, 'San Miguel Soyaltepec', 10, '2023-01-18 17:32:31'),
(6784, 166, 'Huautla de Jiménez', 10, '2023-01-18 17:32:31'),
(6785, 166, 'Santa María Tonameca', 10, '2023-01-18 17:32:31'),
(6786, 166, 'San Antonio de la Cal', 10, '2023-01-18 17:32:31'),
(6787, 166, 'Cuilápam de Guerrero', 10, '2023-01-18 17:32:31'),
(6788, 166, 'Zimatlán de Álvarez', 10, '2023-01-18 17:32:31'),
(6789, 167, 'Puebla de Zaragoza', 10, '2023-01-18 17:32:31'),
(6790, 167, 'Atlixco', 10, '2023-01-18 17:32:31'),
(6791, 167, 'Huauchinango', 10, '2023-01-18 17:32:31'),
(6792, 167, 'Tepeaca', 10, '2023-01-18 17:32:31'),
(6793, 167, 'Ajalpan', 10, '2023-01-18 17:32:31'),
(6794, 167, 'Zacapoaxtla', 10, '2023-01-18 17:32:31'),
(6795, 167, 'Cuetzalan del Progreso', 10, '2023-01-18 17:32:31'),
(6796, 167, 'Tlahuapan', 10, '2023-01-18 17:32:32'),
(6797, 167, 'Chignautla', 10, '2023-01-18 17:32:32'),
(6798, 167, 'San Salvador el Seco', 10, '2023-01-18 17:32:32'),
(6799, 167, 'Tehuacán', 10, '2023-01-18 17:32:32'),
(6800, 167, 'San Pedro Cholula', 10, '2023-01-18 17:32:32'),
(6801, 167, 'Teziutlán', 10, '2023-01-18 17:32:32'),
(6802, 167, 'Izúcar de Matamoros', 10, '2023-01-18 17:32:32'),
(6803, 167, 'Acajete', 10, '2023-01-18 17:32:32'),
(6804, 167, 'Tlatlauquitepec', 10, '2023-01-18 17:32:32'),
(6805, 167, 'Chalchicomula de Sesma', 10, '2023-01-18 17:32:32'),
(6806, 167, 'Xiutetelco', 10, '2023-01-18 17:32:32'),
(6807, 167, 'Libres', 10, '2023-01-18 17:32:32'),
(6808, 167, 'Venustiano Carranza', 10, '2023-01-18 17:32:32'),
(6809, 167, 'San Martín Texmelucan', 10, '2023-01-18 17:32:32'),
(6810, 167, 'Amozoc', 10, '2023-01-18 17:32:33'),
(6811, 167, 'Zacatlán', 10, '2023-01-18 17:32:33'),
(6812, 167, 'Tecamachalco', 10, '2023-01-18 17:32:33'),
(6813, 167, 'Chignahuapan', 10, '2023-01-18 17:32:33'),
(6814, 167, 'Tlachichuca', 10, '2023-01-18 17:32:33'),
(6815, 167, 'Palmar de Bravo', 10, '2023-01-18 17:32:33'),
(6816, 167, 'Acatlán', 10, '2023-01-18 17:32:33'),
(6817, 167, 'San Salvador el Verde', 10, '2023-01-18 17:32:33'),
(6818, 167, 'Tlacuilotepec', 10, '2023-01-18 17:32:33'),
(6819, 167, 'San Andrés Cholula', 10, '2023-01-18 17:32:33'),
(6820, 167, 'Cuautlancingo', 10, '2023-01-18 17:32:33'),
(6821, 167, 'Xicotepec', 10, '2023-01-18 17:32:33'),
(6822, 167, 'Huejotzingo', 10, '2023-01-18 17:32:33'),
(6823, 167, 'Acatzingo', 10, '2023-01-18 17:32:33'),
(6824, 167, 'Quecholac', 10, '2023-01-18 17:32:33'),
(6825, 167, 'Coronango', 10, '2023-01-18 17:32:33'),
(6826, 167, 'Chietla', 10, '2023-01-18 17:32:33'),
(6827, 167, 'Nopalucan', 10, '2023-01-18 17:32:33'),
(6828, 167, 'Atempan', 10, '2023-01-18 17:32:33'),
(6829, 168, 'Amealco de Bonfil', 10, '2023-01-18 17:32:33'),
(6830, 168, 'Arroyo Seco', 10, '2023-01-18 17:32:33'),
(6831, 168, 'Cadereyta de Montes', 10, '2023-01-18 17:32:34'),
(6832, 168, 'Colón', 10, '2023-01-18 17:32:34'),
(6833, 168, 'Corregidora', 10, '2023-01-18 17:32:34'),
(6834, 168, 'El Marqués', 10, '2023-01-18 17:32:34'),
(6835, 168, 'Ezequiel Montes', 10, '2023-01-18 17:32:34'),
(6836, 168, 'Huimilpan', 10, '2023-01-18 17:32:34'),
(6837, 168, 'Jalpan de Serra', 10, '2023-01-18 17:32:34'),
(6838, 168, 'Landa de Matamoros', 10, '2023-01-18 17:32:34'),
(6839, 168, 'Pedro Escobedo', 10, '2023-01-18 17:32:34'),
(6840, 168, 'Peñamiller', 10, '2023-01-18 17:32:34'),
(6841, 168, 'Pinal de Amoles', 10, '2023-01-18 17:32:34'),
(6842, 168, 'Querétaro', 10, '2023-01-18 17:32:34'),
(6843, 168, 'San Joaquín', 10, '2023-01-18 17:32:34'),
(6844, 168, 'San Juan del Río', 10, '2023-01-18 17:32:34'),
(6845, 168, 'Tequisquiapan', 10, '2023-01-18 17:32:34'),
(6846, 168, 'Tolimán', 10, '2023-01-18 17:32:34'),
(6847, 169, 'Bacalar', 10, '2023-01-18 17:32:34'),
(6848, 169, 'Benito Juárez', 10, '2023-01-18 17:32:34'),
(6849, 169, 'Cozumel', 10, '2023-01-18 17:32:34'),
(6850, 169, 'Felipe Carrillo Puerto', 10, '2023-01-18 17:32:34'),
(6851, 169, 'Isla Mujeres', 10, '2023-01-18 17:32:34'),
(6852, 169, 'José María Morelos', 10, '2023-01-18 17:32:34'),
(6853, 169, 'Lázaro Cárdenas', 10, '2023-01-18 17:32:34'),
(6854, 169, 'Othón P. Blanco', 10, '2023-01-18 17:32:35'),
(6855, 169, 'Puerto Morelos', 10, '2023-01-18 17:32:35'),
(6856, 169, 'Solidaridad', 10, '2023-01-18 17:32:35'),
(6857, 169, 'Tulum', 10, '2023-01-18 17:32:35'),
(6858, 170, 'Ahualulco', 10, '2023-01-18 17:32:35');
INSERT INTO `nivelGeografico3` (`nivelGeografico3`, `idNivelGeografico2`, `nomNivelGeografico3`, `estadoNivelGeografico3`, `creacionNivelGeografico3`) VALUES
(6859, 170, 'Alaquines', 10, '2023-01-18 17:32:35'),
(6860, 170, 'Aquismón', 10, '2023-01-18 17:32:35'),
(6861, 170, 'Armadillo de los Infante', 10, '2023-01-18 17:32:35'),
(6862, 170, 'Axtla de Terrazas', 10, '2023-01-18 17:32:35'),
(6863, 170, 'Cárdenas', 10, '2023-01-18 17:32:35'),
(6864, 170, 'Catorce', 10, '2023-01-18 17:32:35'),
(6865, 170, 'Cedral', 10, '2023-01-18 17:32:35'),
(6866, 170, 'Cerritos', 10, '2023-01-18 17:32:35'),
(6867, 170, 'Cerro de San Pedro', 10, '2023-01-18 17:32:35'),
(6868, 170, 'Charcas', 10, '2023-01-18 17:32:35'),
(6869, 170, 'Ciudad del Maíz', 10, '2023-01-18 17:32:35'),
(6870, 170, 'Ciudad Fernández', 10, '2023-01-18 17:32:35'),
(6871, 170, 'Ciudad Valles', 10, '2023-01-18 17:32:35'),
(6872, 170, 'Coxcatlán', 10, '2023-01-18 17:32:35'),
(6873, 170, 'Ébano', 10, '2023-01-18 17:32:36'),
(6874, 170, 'El Naranjo', 10, '2023-01-18 17:32:36'),
(6875, 170, 'Guadalcázar', 10, '2023-01-18 17:32:36'),
(6876, 170, 'Huehuetlán', 10, '2023-01-18 17:32:36'),
(6877, 170, 'Lagunillas', 10, '2023-01-18 17:32:36'),
(6878, 170, 'Matehuala', 10, '2023-01-18 17:32:36'),
(6879, 170, 'Matlapa', 10, '2023-01-18 17:32:36'),
(6880, 170, 'Mexquitic de Carmona', 10, '2023-01-18 17:32:36'),
(6881, 170, 'Moctezuma', 10, '2023-01-18 17:32:36'),
(6882, 170, 'Rayón', 10, '2023-01-18 17:32:36'),
(6883, 170, 'Ríoverde', 10, '2023-01-18 17:32:36'),
(6884, 170, 'Salinas', 10, '2023-01-18 17:32:36'),
(6885, 170, 'San Antonio', 10, '2023-01-18 17:32:36'),
(6886, 170, 'San Ciro de Acosta', 10, '2023-01-18 17:32:36'),
(6887, 170, 'San Luis Potosí', 10, '2023-01-18 17:32:36'),
(6888, 170, 'San Martín Chalchicuautla', 10, '2023-01-18 17:32:36'),
(6889, 170, 'San Nicolás Tolentino', 10, '2023-01-18 17:32:36'),
(6890, 170, 'Santa Catarina', 10, '2023-01-18 17:32:36'),
(6891, 170, 'Santa María del Río', 10, '2023-01-18 17:32:36'),
(6892, 170, 'Santo Domingo', 10, '2023-01-18 17:32:36'),
(6893, 170, 'San Vicente Tancuayalab', 10, '2023-01-18 17:32:37'),
(6894, 170, 'Soledad de Graciano Sánchez', 10, '2023-01-18 17:32:37'),
(6895, 170, 'Tamasopo', 10, '2023-01-18 17:32:37'),
(6896, 170, 'Tamazunchale', 10, '2023-01-18 17:32:37'),
(6897, 170, 'Tampacán', 10, '2023-01-18 17:32:37'),
(6898, 170, 'Tampamolón', 10, '2023-01-18 17:32:37'),
(6899, 170, 'Tamuín', 10, '2023-01-18 17:32:37'),
(6900, 170, 'Tancahuitz', 10, '2023-01-18 17:32:37'),
(6901, 170, 'Tanlajás', 10, '2023-01-18 17:32:37'),
(6902, 170, 'Tanquián de Escobedo', 10, '2023-01-18 17:32:37'),
(6903, 170, 'Tierra Nueva', 10, '2023-01-18 17:32:37'),
(6904, 170, 'Vanegas', 10, '2023-01-18 17:32:37'),
(6905, 170, 'Venado', 10, '2023-01-18 17:32:37'),
(6906, 170, 'Villa de Arista', 10, '2023-01-18 17:32:37'),
(6907, 170, 'Villa de Arriaga', 10, '2023-01-18 17:32:38'),
(6908, 170, 'Villa de Guadalupe', 10, '2023-01-18 17:32:38'),
(6909, 170, 'Villa de la Paz', 10, '2023-01-18 17:32:38'),
(6910, 170, 'Villa de Ramos', 10, '2023-01-18 17:32:38'),
(6911, 170, 'Villa de Reyes', 10, '2023-01-18 17:32:38'),
(6912, 170, 'Villa Hidalgo', 10, '2023-01-18 17:32:38'),
(6913, 170, 'Villa Juárez', 10, '2023-01-18 17:32:38'),
(6914, 170, 'Xilitla', 10, '2023-01-18 17:32:38'),
(6915, 170, 'Zaragoza', 10, '2023-01-18 17:32:38'),
(6916, 171, 'Ahome', 10, '2023-01-18 17:32:38'),
(6917, 171, 'Angostura', 10, '2023-01-18 17:32:38'),
(6918, 171, 'Badiraguato', 10, '2023-01-18 17:32:38'),
(6919, 171, 'Choix', 10, '2023-01-18 17:32:38'),
(6920, 171, 'Concordia', 10, '2023-01-18 17:32:38'),
(6921, 171, 'Cosalá', 10, '2023-01-18 17:32:38'),
(6922, 171, 'Culiacán', 10, '2023-01-18 17:32:38'),
(6923, 171, 'El Fuerte', 10, '2023-01-18 17:32:38'),
(6924, 171, 'Elota', 10, '2023-01-18 17:32:38'),
(6925, 171, 'Escuinapa', 10, '2023-01-18 17:32:39'),
(6926, 171, 'Guasave', 10, '2023-01-18 17:32:39'),
(6927, 171, 'Mazatlán', 10, '2023-01-18 17:32:39'),
(6928, 171, 'Mocorito', 10, '2023-01-18 17:32:39'),
(6929, 171, 'Navolato', 10, '2023-01-18 17:32:39'),
(6930, 171, 'Rosario', 10, '2023-01-18 17:32:39'),
(6931, 171, 'Salvador Alvarado', 10, '2023-01-18 17:32:39'),
(6932, 171, 'San Ignacio', 10, '2023-01-18 17:32:39'),
(6933, 171, 'Sinaloa', 10, '2023-01-18 17:32:39'),
(6934, 172, 'Aconchi', 10, '2023-01-18 17:32:39'),
(6935, 172, 'Agua Prieta', 10, '2023-01-18 17:32:39'),
(6936, 172, 'Álamos', 10, '2023-01-18 17:32:39'),
(6937, 172, 'Altar', 10, '2023-01-18 17:32:39'),
(6938, 172, 'Arivechi', 10, '2023-01-18 17:32:39'),
(6939, 172, 'Arizpe', 10, '2023-01-18 17:32:39'),
(6940, 172, 'Atil', 10, '2023-01-18 17:32:39'),
(6941, 172, 'Bacadéhuachi', 10, '2023-01-18 17:32:39'),
(6942, 172, 'Bacanora', 10, '2023-01-18 17:32:39'),
(6943, 172, 'Bacerac', 10, '2023-01-18 17:32:40'),
(6944, 172, 'Bacoachi', 10, '2023-01-18 17:32:40'),
(6945, 172, 'Bácum', 10, '2023-01-18 17:32:40'),
(6946, 172, 'Banámichi', 10, '2023-01-18 17:32:40'),
(6947, 172, 'Baviácora', 10, '2023-01-18 17:32:40'),
(6948, 172, 'Bavispe', 10, '2023-01-18 17:32:40'),
(6949, 172, 'Benito Juárez', 10, '2023-01-18 17:32:40'),
(6950, 172, 'Benjamín Hill', 10, '2023-01-18 17:32:40'),
(6951, 172, 'Caborca', 10, '2023-01-18 17:32:40'),
(6952, 172, 'Cajeme', 10, '2023-01-18 17:32:40'),
(6953, 172, 'Cananea', 10, '2023-01-18 17:32:40'),
(6954, 172, 'Carbó', 10, '2023-01-18 17:32:40'),
(6955, 172, 'Cucurpe', 10, '2023-01-18 17:32:40'),
(6956, 172, 'Cumpas', 10, '2023-01-18 17:32:40'),
(6957, 172, 'Divisaderos', 10, '2023-01-18 17:32:40'),
(6958, 172, 'Empalme', 10, '2023-01-18 17:32:40'),
(6959, 172, 'Etchojoa', 10, '2023-01-18 17:32:40'),
(6960, 172, 'Fronteras', 10, '2023-01-18 17:32:40'),
(6961, 172, 'General Plutarco Elías Calles', 10, '2023-01-18 17:32:40'),
(6962, 172, 'Granados', 10, '2023-01-18 17:32:40'),
(6963, 172, 'Guaymas', 10, '2023-01-18 17:32:41'),
(6964, 172, 'Hermosillo', 10, '2023-01-18 17:32:41'),
(6965, 172, 'Huachinera', 10, '2023-01-18 17:32:41'),
(6966, 172, 'Huásabas', 10, '2023-01-18 17:32:41'),
(6967, 172, 'Huatabampo', 10, '2023-01-18 17:32:41'),
(6968, 172, 'Huépac', 10, '2023-01-18 17:32:41'),
(6969, 172, 'Imuris', 10, '2023-01-18 17:32:41'),
(6970, 172, 'La Colorada', 10, '2023-01-18 17:32:41'),
(6971, 172, 'Magdalena', 10, '2023-01-18 17:32:41'),
(6972, 172, 'Mazatán', 10, '2023-01-18 17:32:41'),
(6973, 172, 'Moctezuma', 10, '2023-01-18 17:32:41'),
(6974, 172, 'Naco', 10, '2023-01-18 17:32:41'),
(6975, 172, 'Nácori Chico', 10, '2023-01-18 17:32:41'),
(6976, 172, 'Nacozari', 10, '2023-01-18 17:32:41'),
(6977, 172, 'Navojoa', 10, '2023-01-18 17:32:41'),
(6978, 172, 'Nogales', 10, '2023-01-18 17:32:41'),
(6979, 172, 'Onavas', 10, '2023-01-18 17:32:41'),
(6980, 172, 'Opodepe', 10, '2023-01-18 17:32:41'),
(6981, 172, 'Oquitoa', 10, '2023-01-18 17:32:41'),
(6982, 172, 'Pitiquito', 10, '2023-01-18 17:32:41'),
(6983, 172, 'Puerto Peñasco', 10, '2023-01-18 17:32:42'),
(6984, 172, 'Quiriego', 10, '2023-01-18 17:32:42'),
(6985, 172, 'Rayón', 10, '2023-01-18 17:32:42'),
(6986, 172, 'Rosario', 10, '2023-01-18 17:32:42'),
(6987, 172, 'Sahuaripa', 10, '2023-01-18 17:32:42'),
(6988, 172, 'San Felipe de Jesús', 10, '2023-01-18 17:32:42'),
(6989, 172, 'San Ignacio Río Muerto', 10, '2023-01-18 17:32:42'),
(6990, 172, 'San Javier', 10, '2023-01-18 17:32:42'),
(6991, 172, 'San Luis Río Colorado', 10, '2023-01-18 17:32:42'),
(6992, 172, 'San Miguel de Horcasitas', 10, '2023-01-18 17:32:42'),
(6993, 172, 'San Pedro de la Cueva', 10, '2023-01-18 17:32:42'),
(6994, 172, 'Santa Ana', 10, '2023-01-18 17:32:42'),
(6995, 172, 'Santa Cruz', 10, '2023-01-18 17:32:42'),
(6996, 172, 'Sáric', 10, '2023-01-18 17:32:42'),
(6997, 172, 'Soyopa', 10, '2023-01-18 17:32:42'),
(6998, 172, 'Suaqui Grande', 10, '2023-01-18 17:32:42'),
(6999, 172, 'Tepache', 10, '2023-01-18 17:32:42'),
(7000, 172, 'Trincheras', 10, '2023-01-18 17:32:42'),
(7001, 172, 'Tubutama', 10, '2023-01-18 17:32:42'),
(7002, 172, 'Ures', 10, '2023-01-18 17:32:42'),
(7003, 172, 'Villa Hidalgo', 10, '2023-01-18 17:32:43'),
(7004, 172, 'Villa Pesqueira', 10, '2023-01-18 17:32:43'),
(7005, 172, 'Yécora', 10, '2023-01-18 17:32:43'),
(7006, 173, 'Balancán', 10, '2023-01-18 17:32:43'),
(7007, 173, 'Cárdenas', 10, '2023-01-18 17:32:43'),
(7008, 173, 'Centla', 10, '2023-01-18 17:32:43'),
(7009, 173, 'Centro', 10, '2023-01-18 17:32:43'),
(7010, 173, 'Comalcalco', 10, '2023-01-18 17:32:43'),
(7011, 173, 'Cunduacán', 10, '2023-01-18 17:32:43'),
(7012, 173, 'Emiliano Zapata', 10, '2023-01-18 17:32:43'),
(7013, 173, 'Huimanguillo', 10, '2023-01-18 17:32:43'),
(7014, 173, 'Jalapa', 10, '2023-01-18 17:32:43'),
(7015, 173, 'Jalpa de Méndez', 10, '2023-01-18 17:32:43'),
(7016, 173, 'Jonuta', 10, '2023-01-18 17:32:43'),
(7017, 173, 'Macuspana', 10, '2023-01-18 17:32:43'),
(7018, 173, 'Nacajuca', 10, '2023-01-18 17:32:43'),
(7019, 173, 'Paraíso', 10, '2023-01-18 17:32:44'),
(7020, 173, 'Tacotalpa', 10, '2023-01-18 17:32:44'),
(7021, 173, 'Teapa', 10, '2023-01-18 17:32:44'),
(7022, 173, 'Tenosique', 10, '2023-01-18 17:32:44'),
(7023, 174, 'Abasolo', 10, '2023-01-18 17:32:44'),
(7024, 174, 'Aldama', 10, '2023-01-18 17:32:44'),
(7025, 174, 'Altamira', 10, '2023-01-18 17:32:44'),
(7026, 174, 'Antiguo Morelos', 10, '2023-01-18 17:32:44'),
(7027, 174, 'Burgos', 10, '2023-01-18 17:32:44'),
(7028, 174, 'Bustamante', 10, '2023-01-18 17:32:44'),
(7029, 174, 'Camargo', 10, '2023-01-18 17:32:44'),
(7030, 174, 'Casas', 10, '2023-01-18 17:32:44'),
(7031, 174, 'Ciudad Madero', 10, '2023-01-18 17:32:44'),
(7032, 174, 'Cruillas', 10, '2023-01-18 17:32:44'),
(7033, 174, 'El Mante', 10, '2023-01-18 17:32:44'),
(7034, 174, 'Gómez Farías', 10, '2023-01-18 17:32:44'),
(7035, 174, 'González', 10, '2023-01-18 17:32:45'),
(7036, 174, 'Güémez', 10, '2023-01-18 17:32:45'),
(7037, 174, 'Guerrero', 10, '2023-01-18 17:32:45'),
(7038, 174, 'Gustavo Díaz Ordáz', 10, '2023-01-18 17:32:45'),
(7039, 174, 'Hidalgo', 10, '2023-01-18 17:32:45'),
(7040, 174, 'Jaumave', 10, '2023-01-18 17:32:45'),
(7041, 174, 'Jiménez', 10, '2023-01-18 17:32:45'),
(7042, 174, 'Llera', 10, '2023-01-18 17:32:45'),
(7043, 174, 'Mainero', 10, '2023-01-18 17:32:45'),
(7044, 174, 'Matamoros', 10, '2023-01-18 17:32:45'),
(7045, 174, 'Méndez', 10, '2023-01-18 17:32:45'),
(7046, 174, 'Mier', 10, '2023-01-18 17:32:45'),
(7047, 174, 'Miguel Alemán', 10, '2023-01-18 17:32:45'),
(7048, 174, 'Miquihuana', 10, '2023-01-18 17:32:45'),
(7049, 174, 'Nuevo Laredo', 10, '2023-01-18 17:32:45'),
(7050, 174, 'Nuevo Morelos', 10, '2023-01-18 17:32:46'),
(7051, 174, 'Ocampo', 10, '2023-01-18 17:32:46'),
(7052, 174, 'Padilla', 10, '2023-01-18 17:32:46'),
(7053, 174, 'Palmillas', 10, '2023-01-18 17:32:46'),
(7054, 174, 'Reynosa', 10, '2023-01-18 17:32:46'),
(7055, 174, 'Río Bravo', 10, '2023-01-18 17:32:46'),
(7056, 174, 'San Carlos', 10, '2023-01-18 17:32:46'),
(7057, 174, 'San Fernando', 10, '2023-01-18 17:32:46'),
(7058, 174, 'San Nicolás', 10, '2023-01-18 17:32:46'),
(7059, 174, 'Soto la Marina', 10, '2023-01-18 17:32:46'),
(7060, 174, 'Tampico', 10, '2023-01-18 17:32:46'),
(7061, 174, 'Tula', 10, '2023-01-18 17:32:46'),
(7062, 174, 'Valle Hermoso', 10, '2023-01-18 17:32:46'),
(7063, 174, 'Victoria', 10, '2023-01-18 17:32:46'),
(7064, 174, 'Villagrán', 10, '2023-01-18 17:32:46'),
(7065, 174, 'Xicoténcatl', 10, '2023-01-18 17:32:46'),
(7066, 175, 'Acuamanala de Miguel Hidalgo', 10, '2023-01-18 17:32:47'),
(7067, 175, 'Altzayanca', 10, '2023-01-18 17:32:47'),
(7068, 175, 'Amaxac de Guerrero', 10, '2023-01-18 17:32:47'),
(7069, 175, 'Apetatitlán de Antonio Carvajal', 10, '2023-01-18 17:32:47'),
(7070, 175, 'Apizaco', 10, '2023-01-18 17:32:47'),
(7071, 175, 'Atlangatepec', 10, '2023-01-18 17:32:47'),
(7072, 175, 'Benito Juárez', 10, '2023-01-18 17:32:47'),
(7073, 175, 'Calpulalpan', 10, '2023-01-18 17:32:47'),
(7074, 175, 'Chiautempan', 10, '2023-01-18 17:32:47'),
(7075, 175, 'Contla de Juan Cuamatzi', 10, '2023-01-18 17:32:47'),
(7076, 175, 'Cuapiaxtla', 10, '2023-01-18 17:32:47'),
(7077, 175, 'Cuaxomulco', 10, '2023-01-18 17:32:47'),
(7078, 175, 'El Carmen Tequexquitla', 10, '2023-01-18 17:32:47'),
(7079, 175, 'Emiliano Zapata', 10, '2023-01-18 17:32:47'),
(7080, 175, 'Españita', 10, '2023-01-18 17:32:47'),
(7081, 175, 'Huamantla', 10, '2023-01-18 17:32:47'),
(7082, 175, 'Hueyotlipan', 10, '2023-01-18 17:32:47'),
(7083, 175, 'Ixtacuixtla de Mariano Matamoros', 10, '2023-01-18 17:32:48'),
(7084, 175, 'Ixtenco', 10, '2023-01-18 17:32:48'),
(7085, 175, 'La Magdalena Tlaltelulco', 10, '2023-01-18 17:32:48'),
(7086, 175, 'Lázaro Cárdenas', 10, '2023-01-18 17:32:48'),
(7087, 175, 'Mazatecochco de José María Morelos', 10, '2023-01-18 17:32:48'),
(7088, 175, 'Muñoz de Domingo Arenas', 10, '2023-01-18 17:32:48'),
(7089, 175, 'Nanacamilpa de Mariano Arista', 10, '2023-01-18 17:32:48'),
(7090, 175, 'Natívitas', 10, '2023-01-18 17:32:48'),
(7091, 175, 'Panotla', 10, '2023-01-18 17:32:48'),
(7092, 175, 'Papalotla de Xicohténcatl', 10, '2023-01-18 17:32:48'),
(7093, 175, 'Sanctórum de Lázaro Cárdenas', 10, '2023-01-18 17:32:48'),
(7094, 175, 'San Damián Texoloc', 10, '2023-01-18 17:32:48'),
(7095, 175, 'San Francisco Tetlanohcan', 10, '2023-01-18 17:32:48'),
(7096, 175, 'San Jerónimo Zacualpan', 10, '2023-01-18 17:32:48'),
(7097, 175, 'San José Teacalco', 10, '2023-01-18 17:32:48'),
(7098, 175, 'San Juan Huactzinco', 10, '2023-01-18 17:32:48'),
(7099, 175, 'San Lorenzo Axocomanitla', 10, '2023-01-18 17:32:48'),
(7100, 175, 'San Lucas Tecopilco', 10, '2023-01-18 17:32:48'),
(7101, 175, 'San Pablo del Monte', 10, '2023-01-18 17:32:48'),
(7102, 175, 'Santa Ana Nopalucan', 10, '2023-01-18 17:32:49'),
(7103, 175, 'Santa Apolonia Teacalco', 10, '2023-01-18 17:32:49'),
(7104, 175, 'Santa Catarina Ayometla', 10, '2023-01-18 17:32:49'),
(7105, 175, 'Santa Cruz Quilehtla', 10, '2023-01-18 17:32:49'),
(7106, 175, 'Santa Cruz Tlaxcala', 10, '2023-01-18 17:32:49'),
(7107, 175, 'Santa Isabel Xiloxoxtla', 10, '2023-01-18 17:32:49'),
(7108, 175, 'Tenancingo', 10, '2023-01-18 17:32:49'),
(7109, 175, 'Teolocholco', 10, '2023-01-18 17:32:49'),
(7110, 175, 'Tepetitla de Lardizábal', 10, '2023-01-18 17:32:49'),
(7111, 175, 'Tepeyanco', 10, '2023-01-18 17:32:49'),
(7112, 175, 'Terrenate', 10, '2023-01-18 17:32:49'),
(7113, 175, 'Tetla de la Solidaridad', 10, '2023-01-18 17:32:49'),
(7114, 175, 'Tetlatlahuca', 10, '2023-01-18 17:32:49'),
(7115, 175, 'Tlaxcala', 10, '2023-01-18 17:32:49'),
(7116, 175, 'Tlaxco', 10, '2023-01-18 17:32:49'),
(7117, 175, 'Tocatlán', 10, '2023-01-18 17:32:50'),
(7118, 175, 'Totolac', 10, '2023-01-18 17:32:50'),
(7119, 175, 'Tzompantepec', 10, '2023-01-18 17:32:50'),
(7120, 175, 'Xaloztoc', 10, '2023-01-18 17:32:50'),
(7121, 175, 'Xaltocan', 10, '2023-01-18 17:32:50'),
(7122, 175, 'Xicohtzinco', 10, '2023-01-18 17:32:50'),
(7123, 175, 'Yauhquemecan', 10, '2023-01-18 17:32:50'),
(7124, 175, 'Zacatelco', 10, '2023-01-18 17:32:50'),
(7125, 175, 'Zitlaltepec de Trinidad Sánchez Santos', 10, '2023-01-18 17:32:50'),
(7126, 176, 'Veracruz', 10, '2023-01-18 17:32:50'),
(7127, 176, 'Poza Rica de Hidalgo', 10, '2023-01-18 17:32:50'),
(7128, 176, 'Minatitlán', 10, '2023-01-18 17:32:50'),
(7129, 176, 'Martínez de la Torre', 10, '2023-01-18 17:32:50'),
(7130, 176, 'Pánuco', 10, '2023-01-18 17:32:50'),
(7131, 176, 'Las Choapas', 10, '2023-01-18 17:32:50'),
(7132, 176, 'Ixtaczoquitlán', 10, '2023-01-18 17:32:50'),
(7133, 176, 'Tlapacoyan', 10, '2023-01-18 17:32:50'),
(7134, 176, 'Santiago Tuxtla', 10, '2023-01-18 17:32:50'),
(7135, 176, 'Chicontepec', 10, '2023-01-18 17:32:51'),
(7136, 176, 'Xalapa', 10, '2023-01-18 17:32:51'),
(7137, 176, 'San Andrés Tuxtla', 10, '2023-01-18 17:32:51'),
(7138, 176, 'Boca del Río', 10, '2023-01-18 17:32:51'),
(7139, 176, 'Tierra Blanca', 10, '2023-01-18 17:32:51'),
(7140, 176, 'Tihuatlán', 10, '2023-01-18 17:32:51'),
(7141, 176, 'Emiliano Zapata', 10, '2023-01-18 17:32:51'),
(7142, 176, 'Fortín', 10, '2023-01-18 17:32:51'),
(7143, 176, 'Huatusco', 10, '2023-01-18 17:32:51'),
(7144, 176, 'Cosamaloapan', 10, '2023-01-18 17:32:51'),
(7145, 176, 'Ixhuatlán de Madero', 10, '2023-01-18 17:32:51'),
(7146, 176, 'Coatzacoalcos', 10, '2023-01-18 17:32:51'),
(7147, 176, 'Túxpam', 10, '2023-01-18 17:32:51'),
(7148, 176, 'Cosoleacaque', 10, '2023-01-18 17:32:51'),
(7149, 176, 'Temapache', 10, '2023-01-18 17:32:51'),
(7150, 176, 'Coatepec', 10, '2023-01-18 17:32:51'),
(7151, 176, 'Medellín', 10, '2023-01-18 17:32:51'),
(7152, 176, 'Misantla', 10, '2023-01-18 17:32:51'),
(7153, 176, 'Coscomatepec', 10, '2023-01-18 17:32:52'),
(7154, 176, 'Tezonapa', 10, '2023-01-18 17:32:52'),
(7155, 176, 'Alvarado', 10, '2023-01-18 17:32:52'),
(7156, 176, 'Córdoba', 10, '2023-01-18 17:32:52'),
(7157, 176, 'Papantla', 10, '2023-01-18 17:32:52'),
(7158, 176, 'Orizaba', 10, '2023-01-18 17:32:52'),
(7159, 176, 'Tantoyuca', 10, '2023-01-18 17:32:52'),
(7160, 176, 'Acayucan', 10, '2023-01-18 17:32:52'),
(7161, 176, 'Perote', 10, '2023-01-18 17:32:52'),
(7162, 176, 'Altotonga', 10, '2023-01-18 17:32:52'),
(7163, 176, 'Pueblo Viejo', 10, '2023-01-18 17:32:52'),
(7164, 176, 'Coatzintla', 10, '2023-01-18 17:32:52'),
(7165, 176, 'Atzalan', 10, '2023-01-18 17:32:52'),
(7166, 177, 'Mérida', 10, '2023-01-18 17:32:52'),
(7167, 177, 'Progreso', 10, '2023-01-18 17:32:52'),
(7168, 177, 'Chemax', 10, '2023-01-18 17:32:53'),
(7169, 177, 'Izamal', 10, '2023-01-18 17:32:53'),
(7170, 177, 'Tixkokob', 10, '2023-01-18 17:32:53'),
(7171, 177, 'Temozón', 10, '2023-01-18 17:32:53'),
(7172, 177, 'Tinum', 10, '2023-01-18 17:32:53'),
(7173, 177, 'Seyé', 10, '2023-01-18 17:32:53'),
(7174, 177, 'Dzidzantún', 10, '2023-01-18 17:32:53'),
(7175, 177, 'Timucuy', 10, '2023-01-18 17:32:53'),
(7176, 177, 'Kanasín', 10, '2023-01-18 17:32:53'),
(7177, 177, 'Umán', 10, '2023-01-18 17:32:53'),
(7178, 177, 'Motul', 10, '2023-01-18 17:32:53'),
(7179, 177, 'Peto', 10, '2023-01-18 17:32:53'),
(7180, 177, 'Tecoh', 10, '2023-01-18 17:32:53'),
(7181, 177, 'Yaxcabá', 10, '2023-01-18 17:32:53'),
(7182, 177, 'Akil', 10, '2023-01-18 17:32:53'),
(7183, 177, 'Sotuta', 10, '2023-01-18 17:32:53'),
(7184, 177, 'Celestún', 10, '2023-01-18 17:32:53'),
(7185, 177, 'Cacalchén', 10, '2023-01-18 17:32:53'),
(7186, 177, 'Valladolid', 10, '2023-01-18 17:32:54'),
(7187, 177, 'Tekax', 10, '2023-01-18 17:32:54'),
(7188, 177, 'Hunucmá', 10, '2023-01-18 17:32:54'),
(7189, 177, 'Maxcanú', 10, '2023-01-18 17:32:54'),
(7190, 177, 'Acanceh', 10, '2023-01-18 17:32:54'),
(7191, 177, 'Tzucacab', 10, '2023-01-18 17:32:54'),
(7192, 177, 'Conkal', 10, '2023-01-18 17:32:54'),
(7193, 177, 'Buctzotz', 10, '2023-01-18 17:32:54'),
(7194, 177, 'Panabá', 10, '2023-01-18 17:32:54'),
(7195, 177, 'Temax', 10, '2023-01-18 17:32:54'),
(7196, 177, 'Tizimín', 10, '2023-01-18 17:32:54'),
(7197, 177, 'Ticul', 10, '2023-01-18 17:32:54'),
(7198, 177, 'Oxkutzcab', 10, '2023-01-18 17:32:54'),
(7199, 177, 'Halachó', 10, '2023-01-18 17:32:54'),
(7200, 177, 'Espita', 10, '2023-01-18 17:32:54'),
(7201, 177, 'Muna', 10, '2023-01-18 17:32:54'),
(7202, 177, 'Tekit', 10, '2023-01-18 17:32:54'),
(7203, 177, 'Chichimilá', 10, '2023-01-18 17:32:54'),
(7204, 177, 'Homún', 10, '2023-01-18 17:32:54'),
(7205, 177, 'Kinchil', 10, '2023-01-18 17:32:55'),
(7206, 178, 'Apozol', 10, '2023-01-18 17:32:55'),
(7207, 178, 'Apulco', 10, '2023-01-18 17:32:55'),
(7208, 178, 'Atolinga', 10, '2023-01-18 17:32:55'),
(7209, 178, 'Benito Juárez', 10, '2023-01-18 17:32:55'),
(7210, 178, 'Calera', 10, '2023-01-18 17:32:55'),
(7211, 178, 'Cañitas de Felipe Pescador', 10, '2023-01-18 17:32:55'),
(7212, 178, 'Chalchihuites', 10, '2023-01-18 17:32:55'),
(7213, 178, 'Concepción del Oro', 10, '2023-01-18 17:32:55'),
(7214, 178, 'Cuauhtémoc', 10, '2023-01-18 17:32:55'),
(7215, 178, 'El Plateado de Joaquín Amaro', 10, '2023-01-18 17:32:55'),
(7216, 178, 'El Salvador', 10, '2023-01-18 17:32:55'),
(7217, 178, 'Fresnillo', 10, '2023-01-18 17:32:55'),
(7218, 178, 'Genaro Codina', 10, '2023-01-18 17:32:55'),
(7219, 178, 'General Enrique Estrada', 10, '2023-01-18 17:32:55'),
(7220, 178, 'General Francisco R. Murguía', 10, '2023-01-18 17:32:55'),
(7221, 178, 'General Pánfilo Natera', 10, '2023-01-18 17:32:55'),
(7222, 178, 'Guadalupe', 10, '2023-01-18 17:32:55'),
(7223, 178, 'Huanusco', 10, '2023-01-18 17:32:55'),
(7224, 178, 'Jalpa', 10, '2023-01-18 17:32:56'),
(7225, 178, 'Jerez', 10, '2023-01-18 17:32:56'),
(7226, 178, 'Jiménez del Teul', 10, '2023-01-18 17:32:56'),
(7227, 178, 'Juan Aldama', 10, '2023-01-18 17:32:56'),
(7228, 178, 'Juchipila', 10, '2023-01-18 17:32:56'),
(7229, 178, 'Loreto', 10, '2023-01-18 17:32:56'),
(7230, 178, 'Luis Moya', 10, '2023-01-18 17:32:56'),
(7231, 178, 'Mazapil', 10, '2023-01-18 17:32:56'),
(7232, 178, 'Melchor Ocampo', 10, '2023-01-18 17:32:56'),
(7233, 178, 'Mezquital del Oro', 10, '2023-01-18 17:32:56'),
(7234, 178, 'Miguel Auza', 10, '2023-01-18 17:32:56'),
(7235, 178, 'Momax', 10, '2023-01-18 17:32:56'),
(7236, 178, 'Monte Escobedo', 10, '2023-01-18 17:32:56'),
(7237, 178, 'Morelos', 10, '2023-01-18 17:32:56'),
(7238, 178, 'Moyahua de Estrada', 10, '2023-01-18 17:32:56'),
(7239, 178, 'Nochistlán de Mejía', 10, '2023-01-18 17:32:56'),
(7240, 178, 'Noria de Ángeles', 10, '2023-01-18 17:32:56'),
(7241, 178, 'Ojocaliente', 10, '2023-01-18 17:32:56'),
(7242, 178, 'Pánuco', 10, '2023-01-18 17:32:57'),
(7243, 178, 'Pinos', 10, '2023-01-18 17:32:57'),
(7244, 178, 'Río Grande', 10, '2023-01-18 17:32:57'),
(7245, 178, 'Saín Alto', 10, '2023-01-18 17:32:57'),
(7246, 178, 'Santa María de la Paz', 10, '2023-01-18 17:32:57'),
(7247, 178, 'Sombrerete', 10, '2023-01-18 17:32:57'),
(7248, 178, 'Susticacán', 10, '2023-01-18 17:32:57'),
(7249, 178, 'Tabasco', 10, '2023-01-18 17:32:57'),
(7250, 178, 'Tepechitlán', 10, '2023-01-18 17:32:57'),
(7251, 178, 'Tepetongo', 10, '2023-01-18 17:32:57'),
(7252, 178, 'Teul de González Ortega', 10, '2023-01-18 17:32:57'),
(7253, 178, 'Tlaltenango de Sánchez Román', 10, '2023-01-18 17:32:57'),
(7254, 178, 'Trancoso', 10, '2023-01-18 17:32:57'),
(7255, 178, 'Trinidad García de la Cadena', 10, '2023-01-18 17:32:57'),
(7256, 178, 'Valparaíso', 10, '2023-01-18 17:32:57'),
(7257, 178, 'Vetagrande', 10, '2023-01-18 17:32:57'),
(7258, 178, 'Villa de Cos', 10, '2023-01-18 17:32:58'),
(7259, 178, 'Villa García', 10, '2023-01-18 17:32:58'),
(7260, 178, 'Villa González Ortega', 10, '2023-01-18 17:32:58'),
(7261, 178, 'Villa Hidalgo', 10, '2023-01-18 17:32:58'),
(7262, 178, 'Villanueva', 10, '2023-01-18 17:32:58'),
(7263, 178, 'Zacatecas', 10, '2023-01-18 17:32:58'),
(7264, 42, 'Amatitlán', 10, '2023-01-18 19:50:15'),
(7265, 42, 'Chinautla', 10, '2023-01-18 19:50:15'),
(7266, 42, 'Chuarrancho', 10, '2023-01-18 19:50:15'),
(7267, 42, 'Fraijanes', 10, '2023-01-18 19:50:15'),
(7268, 42, 'Guatemala', 10, '2023-01-18 19:50:16'),
(7269, 42, 'Mixco', 10, '2023-01-18 19:50:16'),
(7270, 42, 'Palencia', 10, '2023-01-18 19:50:16'),
(7271, 42, 'Palín', 10, '2023-01-18 19:50:16'),
(7272, 42, 'San José del Golfo', 10, '2023-01-18 19:50:16'),
(7273, 42, 'San José Pinula', 10, '2023-01-18 19:50:16'),
(7274, 42, 'San Juan Sacatepéquez', 10, '2023-01-18 19:50:16'),
(7275, 42, 'San Miguel Petapa', 10, '2023-01-18 19:50:16'),
(7276, 42, 'San Pedro Ayampuc', 10, '2023-01-18 19:50:16'),
(7277, 42, 'San Pedro Sacatepéquez', 10, '2023-01-18 19:50:16'),
(7278, 42, 'San Raymundo', 10, '2023-01-18 19:50:16'),
(7279, 42, 'Santa Catarina Pinula', 10, '2023-01-18 19:50:16'),
(7280, 42, 'Villa Canales', 10, '2023-01-18 19:50:16'),
(7281, 42, 'Villa Nueva', 10, '2023-01-18 19:50:16'),
(7282, 179, 'Chahal', 10, '2023-01-18 19:50:16'),
(7283, 179, 'Chisec', 10, '2023-01-18 19:50:16'),
(7284, 179, 'Cobán', 10, '2023-01-18 19:50:16'),
(7285, 179, 'Fray Bartolomé de las Casas', 10, '2023-01-18 19:50:16'),
(7286, 179, 'Lanquín', 10, '2023-01-18 19:50:17'),
(7287, 179, 'La Tinta', 10, '2023-01-18 19:50:17'),
(7288, 179, 'Panzós', 10, '2023-01-18 19:50:17'),
(7289, 179, 'Raxruhá', 10, '2023-01-18 19:50:17'),
(7290, 179, 'San Cristóbal Verapaz', 10, '2023-01-18 19:50:17'),
(7291, 179, 'San Juan Chamelco', 10, '2023-01-18 19:50:17'),
(7292, 179, 'San Pedro Carchá', 10, '2023-01-18 19:50:17'),
(7293, 179, 'Santa Cruz Verapaz', 10, '2023-01-18 19:50:17'),
(7294, 179, 'Santa María Cahabón', 10, '2023-01-18 19:50:17'),
(7295, 179, 'Senahú', 10, '2023-01-18 19:50:17'),
(7296, 179, 'Tactic', 10, '2023-01-18 19:50:17'),
(7297, 179, 'Tamahú', 10, '2023-01-18 19:50:17'),
(7298, 179, 'Tucurú', 10, '2023-01-18 19:50:17'),
(7299, 180, 'Cubulco', 10, '2023-01-18 19:50:17'),
(7300, 180, 'Granados', 10, '2023-01-18 19:50:18'),
(7301, 180, 'Purulhá', 10, '2023-01-18 19:50:18'),
(7302, 180, 'Rabinal', 10, '2023-01-18 19:50:18'),
(7303, 180, 'Salamá', 10, '2023-01-18 19:50:18'),
(7304, 180, 'San Jerónimo', 10, '2023-01-18 19:50:18'),
(7305, 180, 'San Miguel Chicaj', 10, '2023-01-18 19:50:18'),
(7306, 180, 'Santa Cruz el Chol', 10, '2023-01-18 19:50:18'),
(7307, 181, 'Acatenango', 10, '2023-01-18 19:50:18'),
(7308, 181, 'Chimaltenango', 10, '2023-01-18 19:50:18'),
(7309, 181, 'El Tejar', 10, '2023-01-18 19:50:18'),
(7310, 181, 'Parramos', 10, '2023-01-18 19:50:18'),
(7311, 181, 'Patzicía', 10, '2023-01-18 19:50:18'),
(7312, 181, 'Patzún', 10, '2023-01-18 19:50:18'),
(7313, 181, 'Pochuta', 10, '2023-01-18 19:50:18'),
(7314, 181, 'Sacatepéquez', 10, '2023-01-18 19:50:18'),
(7315, 181, 'San Martín Jilotepeque', 10, '2023-01-18 19:50:18'),
(7316, 181, 'Santa Apolonia', 10, '2023-01-18 19:50:18'),
(7317, 181, 'Tecpán', 10, '2023-01-18 19:50:19'),
(7318, 182, 'Camotán', 10, '2023-01-18 19:50:19'),
(7319, 182, 'Chiquimula', 10, '2023-01-18 19:50:19'),
(7320, 182, 'Esquipulas', 10, '2023-01-18 19:50:19'),
(7321, 182, 'Ipala', 10, '2023-01-18 19:50:19'),
(7322, 182, 'Quezaltepeque', 10, '2023-01-18 19:50:19'),
(7323, 183, 'El Jícaro', 10, '2023-01-18 19:50:19'),
(7324, 183, 'Guastatoya', 10, '2023-01-18 19:50:19'),
(7325, 183, 'Morazán', 10, '2023-01-18 19:50:19'),
(7326, 183, 'San Agustín Acasaguastlán', 10, '2023-01-18 19:50:19'),
(7327, 183, 'San Antonio La Paz', 10, '2023-01-18 19:50:19'),
(7328, 183, 'San Cristóbal Acasaguastlán', 10, '2023-01-18 19:50:19'),
(7329, 183, 'Sanarate', 10, '2023-01-18 19:50:19'),
(7330, 183, 'Sansare', 10, '2023-01-18 19:50:19'),
(7331, 184, 'Escuintla', 10, '2023-01-18 19:50:19'),
(7332, 184, 'Iztapa', 10, '2023-01-18 19:50:20'),
(7333, 184, 'La Democracia', 10, '2023-01-18 19:50:20'),
(7334, 184, 'Nueva Concepción', 10, '2023-01-18 19:50:20'),
(7335, 184, 'San José', 10, '2023-01-18 19:50:20'),
(7336, 184, 'Santa Lucía Cotzumalguapa', 10, '2023-01-18 19:50:20'),
(7337, 184, 'Sipacate', 10, '2023-01-18 19:50:20'),
(7338, 184, 'Siquinalá', 10, '2023-01-18 19:50:20'),
(7339, 184, 'Tiquisate', 10, '2023-01-18 19:50:20'),
(7340, 186, 'Aguacatán', 10, '2023-01-18 19:50:20'),
(7341, 186, 'Chiantla', 10, '2023-01-18 19:50:20'),
(7342, 186, 'Colotenango', 10, '2023-01-18 19:50:20'),
(7343, 186, 'Concepción Huista', 10, '2023-01-18 19:50:20'),
(7344, 186, 'Cuilco', 10, '2023-01-18 19:50:20'),
(7345, 186, 'Huehuetenango', 10, '2023-01-18 19:50:20'),
(7346, 186, 'Jacaltenango', 10, '2023-01-18 19:50:20'),
(7347, 186, 'La Libertad', 10, '2023-01-18 19:50:20'),
(7348, 186, 'Malacatancito', 10, '2023-01-18 19:50:20'),
(7349, 186, 'Nentón', 10, '2023-01-18 19:50:20'),
(7350, 186, 'Petapán', 10, '2023-01-18 19:50:21'),
(7351, 186, 'San Antonio Huista', 10, '2023-01-18 19:50:21'),
(7352, 186, 'San Gaspar Ixchil', 10, '2023-01-18 19:50:21'),
(7353, 186, 'San Ildefonso Ixtahuacán', 10, '2023-01-18 19:50:21'),
(7354, 186, 'San Juan Atitán', 10, '2023-01-18 19:50:21'),
(7355, 186, 'San Juan Ixcoy', 10, '2023-01-18 19:50:21'),
(7356, 186, 'San Mateo Ixtatán', 10, '2023-01-18 19:50:21'),
(7357, 186, 'San Miguel Acatán', 10, '2023-01-18 19:50:21'),
(7358, 186, 'San Pedro Nécta', 10, '2023-01-18 19:50:21'),
(7359, 186, 'San Pedro Soloma', 10, '2023-01-18 19:50:21'),
(7360, 186, 'San Rafael La Independencia', 10, '2023-01-18 19:50:21'),
(7361, 186, 'San Rafael Pétzal', 10, '2023-01-18 19:50:21'),
(7362, 186, 'San Sebastián Coatán', 10, '2023-01-18 19:50:21'),
(7363, 186, 'San Sebastián Huehuetenango', 10, '2023-01-18 19:50:21'),
(7364, 186, 'Santa Ana Huista', 10, '2023-01-18 19:50:21'),
(7365, 186, 'Santa Bárbara', 10, '2023-01-18 19:50:21'),
(7366, 186, 'Santa Cruz Barillas', 10, '2023-01-18 19:50:21'),
(7367, 186, 'Santa Eulalia', 10, '2023-01-18 19:50:21'),
(7368, 186, 'Santiago Chimaltenango', 10, '2023-01-18 19:50:21'),
(7369, 186, 'Tectitán', 10, '2023-01-18 19:50:22'),
(7370, 186, 'Todos Santos Cuchumatán', 10, '2023-01-18 19:50:22'),
(7371, 186, 'Unión Cantinil', 10, '2023-01-18 19:50:22'),
(7372, 187, 'El Estor', 10, '2023-01-18 19:50:22'),
(7373, 187, 'Livingston', 10, '2023-01-18 19:50:22'),
(7374, 187, 'Los Amates', 10, '2023-01-18 19:50:22'),
(7375, 187, 'Morales', 10, '2023-01-18 19:50:22'),
(7376, 187, 'Puerto Barrios', 10, '2023-01-18 19:50:22'),
(7377, 188, 'Mataquescuintla', 10, '2023-01-18 19:50:22'),
(7378, 188, 'Monjas', 10, '2023-01-18 19:50:22'),
(7379, 188, 'San Carlos Alzatate', 10, '2023-01-18 19:50:22'),
(7380, 188, 'San Luis Jilotepeque', 10, '2023-01-18 19:50:22'),
(7381, 188, 'San Manuel Chaparrón', 10, '2023-01-18 19:50:22'),
(7382, 188, 'San Pedro Pinula', 10, '2023-01-18 19:50:22'),
(7383, 189, 'Agua Blanca', 10, '2023-01-18 19:50:22'),
(7384, 189, 'Asunción Mita', 10, '2023-01-18 19:50:22'),
(7385, 189, 'Atescatempa', 10, '2023-01-18 19:50:22'),
(7386, 189, 'Comapa', 10, '2023-01-18 19:50:22'),
(7387, 189, 'Conguaco', 10, '2023-01-18 19:50:23'),
(7388, 189, 'El Adelanto', 10, '2023-01-18 19:50:23'),
(7389, 189, 'El Progreso', 10, '2023-01-18 19:50:23'),
(7390, 189, 'Jalpatagua', 10, '2023-01-18 19:50:23'),
(7391, 189, 'Jerez', 10, '2023-01-18 19:50:23'),
(7392, 189, 'Jutiapa', 10, '2023-01-18 19:50:23'),
(7393, 189, 'Moyuta', 10, '2023-01-18 19:50:23'),
(7394, 189, 'Pasaco', 10, '2023-01-18 19:50:23'),
(7395, 189, 'Quesada', 10, '2023-01-18 19:50:23'),
(7396, 189, 'San José Acatempa', 10, '2023-01-18 19:50:23'),
(7397, 189, 'Santa Catarina Mita', 10, '2023-01-18 19:50:23'),
(7398, 189, 'Yupiltepeque', 10, '2023-01-18 19:50:23'),
(7399, 189, 'Zapotitlán', 10, '2023-01-18 19:50:23'),
(7400, 190, 'Dolores', 10, '2023-01-18 19:50:23'),
(7401, 190, 'El Chal', 10, '2023-01-18 19:50:23'),
(7402, 190, 'Flores', 10, '2023-01-18 19:50:23'),
(7403, 190, 'La Libertad', 10, '2023-01-18 19:50:23'),
(7404, 190, 'Las Cruces', 10, '2023-01-18 19:50:23'),
(7405, 190, 'Melchor de Mencos', 10, '2023-01-18 19:50:23'),
(7406, 190, 'Poptún', 10, '2023-01-18 19:50:24'),
(7407, 190, 'San Andrés', 10, '2023-01-18 19:50:24'),
(7408, 190, 'San Benito', 10, '2023-01-18 19:50:24'),
(7409, 190, 'San Francisco', 10, '2023-01-18 19:50:24'),
(7410, 190, 'San José', 10, '2023-01-18 19:50:24'),
(7411, 190, 'San Luis, Petén', 10, '2023-01-18 19:50:24'),
(7412, 190, 'Santa Ana', 10, '2023-01-18 19:50:24'),
(7413, 190, 'Sayaxché', 10, '2023-01-18 19:50:24'),
(7414, 191, 'Almolonga', 10, '2023-01-18 19:50:24'),
(7415, 191, 'Cabricán', 10, '2023-01-18 19:50:24'),
(7416, 191, 'Cajolá', 10, '2023-01-18 19:50:24'),
(7417, 191, 'Cantel', 10, '2023-01-18 19:50:24'),
(7418, 191, 'Coatepeque', 10, '2023-01-18 19:50:24'),
(7419, 191, 'Colomba Costa Cuca', 10, '2023-01-18 19:50:24'),
(7420, 191, 'Concepción Chiquirichapa', 10, '2023-01-18 19:50:24'),
(7421, 191, 'El Palmar', 10, '2023-01-18 19:50:24'),
(7422, 191, 'Flores Costa Cuca', 10, '2023-01-18 19:50:24'),
(7423, 191, 'Génova', 10, '2023-01-18 19:50:25'),
(7424, 191, 'Huitán', 10, '2023-01-18 19:50:25'),
(7425, 191, 'La Esperanza', 10, '2023-01-18 19:50:25'),
(7426, 191, 'Olintepeque', 10, '2023-01-18 19:50:25'),
(7427, 191, 'Palestina de Los Altos', 10, '2023-01-18 19:50:25'),
(7428, 191, 'Quetzaltenango', 10, '2023-01-18 19:50:25'),
(7429, 191, 'Salcajá', 10, '2023-01-18 19:50:25'),
(7430, 191, 'San Carlos Sija', 10, '2023-01-18 19:50:25'),
(7431, 191, 'San Francisco La Unión', 10, '2023-01-18 19:50:25'),
(7432, 191, 'San Juan Ostuncalco', 10, '2023-01-18 19:50:25'),
(7433, 191, 'San Martín Sacatepéquez', 10, '2023-01-18 19:50:25'),
(7434, 191, 'San Mateo', 10, '2023-01-18 19:50:25'),
(7435, 191, 'San Miguel Sigüilá', 10, '2023-01-18 19:50:25'),
(7436, 191, 'Sibilia', 10, '2023-01-18 19:50:25'),
(7437, 191, 'Zunil', 10, '2023-01-18 19:50:25'),
(7438, 192, 'Canillá', 10, '2023-01-18 19:50:26'),
(7439, 192, 'Chajul', 10, '2023-01-18 19:50:26'),
(7440, 192, 'Chicamán', 10, '2023-01-18 19:50:26'),
(7441, 192, 'Chiché', 10, '2023-01-18 19:50:26'),
(7442, 192, 'Chinique', 10, '2023-01-18 19:50:26'),
(7443, 192, 'Cunén', 10, '2023-01-18 19:50:26'),
(7444, 192, 'Ixcán', 10, '2023-01-18 19:50:26'),
(7445, 192, 'Joyabaj', 10, '2023-01-18 19:50:26'),
(7446, 192, 'Nebaj', 10, '2023-01-18 19:50:26'),
(7447, 192, 'Pachalum', 10, '2023-01-18 19:50:26'),
(7448, 192, 'Patzité', 10, '2023-01-18 19:50:26'),
(7449, 192, 'Sacapulas', 10, '2023-01-18 19:50:26'),
(7450, 192, 'San Andrés Sajcabajá', 10, '2023-01-18 19:50:26'),
(7451, 192, 'San Antonio Ilotenango', 10, '2023-01-18 19:50:26'),
(7452, 192, 'San Bartolomé Jocotenango', 10, '2023-01-18 19:50:26'),
(7453, 192, 'San Juan Cotzal', 10, '2023-01-18 19:50:26'),
(7454, 192, 'San Pedro Jocopilas', 10, '2023-01-18 19:50:26'),
(7455, 192, 'Santa Cruz del Quiché', 10, '2023-01-18 19:50:27'),
(7456, 192, 'Uspantán', 10, '2023-01-18 19:50:27'),
(7457, 193, 'Champerico', 10, '2023-01-18 19:50:27'),
(7458, 193, 'El Asintal', 10, '2023-01-18 19:50:27'),
(7459, 193, 'Nuevo San Carlos', 10, '2023-01-18 19:50:27'),
(7460, 193, 'Retalhuleu', 10, '2023-01-18 19:50:27'),
(7461, 193, 'San Andrés Villa Seca', 10, '2023-01-18 19:50:27'),
(7462, 193, 'San Felipe', 10, '2023-01-18 19:50:27'),
(7463, 193, 'San Martín Zapotitlán', 10, '2023-01-18 19:50:27'),
(7464, 193, 'San Sebastián', 10, '2023-01-18 19:50:27'),
(7465, 193, 'Santa Cruz Muluá', 10, '2023-01-18 19:50:27'),
(7466, 194, 'Alotenango', 10, '2023-01-18 19:50:27'),
(7467, 194, 'Antigua Guatemala', 10, '2023-01-18 19:50:27'),
(7468, 194, 'Ciudad Vieja', 10, '2023-01-18 19:50:27'),
(7469, 194, 'Jocotenango', 10, '2023-01-18 19:50:27'),
(7470, 194, 'Magdalena Milpas Altas', 10, '2023-01-18 19:50:27'),
(7471, 194, 'Pastores', 10, '2023-01-18 19:50:27'),
(7472, 194, 'San Antonio Aguas Calientes', 10, '2023-01-18 19:50:27'),
(7473, 194, 'San Bartolomé Milpas Altas', 10, '2023-01-18 19:50:27'),
(7474, 194, 'San Lucas Sacatepéquez', 10, '2023-01-18 19:50:28'),
(7475, 194, 'San Miguel Dueñas', 10, '2023-01-18 19:50:28'),
(7476, 194, 'Santa Catarina Barahona', 10, '2023-01-18 19:50:28'),
(7477, 194, 'Santa Lucía Milpas Altas', 10, '2023-01-18 19:50:28'),
(7478, 194, 'Santa María de Jesús', 10, '2023-01-18 19:50:28'),
(7479, 194, 'Santiago Sacatepéquez', 10, '2023-01-18 19:50:28'),
(7480, 194, 'Santo Domingo Xenacoj', 10, '2023-01-18 19:50:28'),
(7481, 194, 'Sumpango', 10, '2023-01-18 19:50:28'),
(7482, 195, 'Ayutla Tecún Umán', 10, '2023-01-18 19:50:28'),
(7483, 195, 'Catarina', 10, '2023-01-18 19:50:28'),
(7484, 195, 'Comitancillo', 10, '2023-01-18 19:50:28'),
(7485, 195, 'Concepción Tutuapa', 10, '2023-01-18 19:50:28'),
(7486, 195, 'El Quetzal', 10, '2023-01-18 19:50:28'),
(7487, 195, 'El Tumbador', 10, '2023-01-18 19:50:28'),
(7488, 195, 'Esquipulas Palo Gordo', 10, '2023-01-18 19:50:28'),
(7489, 195, 'Ixchiguán', 10, '2023-01-18 19:50:28'),
(7490, 195, 'La Blanca', 10, '2023-01-18 19:50:28'),
(7491, 195, 'La Reforma', 10, '2023-01-18 19:50:28'),
(7492, 195, 'Malacatán', 10, '2023-01-18 19:50:28'),
(7493, 195, 'Nuevo Progreso', 10, '2023-01-18 19:50:28'),
(7494, 195, 'Ocós', 10, '2023-01-18 19:50:28'),
(7495, 195, 'Pajapita', 10, '2023-01-18 19:50:28'),
(7496, 195, 'Río Blanco', 10, '2023-01-18 19:50:29'),
(7497, 195, 'San Antonio Sacatepéquez', 10, '2023-01-18 19:50:29'),
(7498, 195, 'San Cristóbal Cucho', 10, '2023-01-18 19:50:29'),
(7499, 195, 'San José El Rodeo', 10, '2023-01-18 19:50:29'),
(7500, 195, 'San José Ojetenam', 10, '2023-01-18 19:50:29'),
(7501, 195, 'San Lorenzo', 10, '2023-01-18 19:50:29'),
(7502, 195, 'San Marcos', 10, '2023-01-18 19:50:29'),
(7503, 195, 'San Miguel Ixtahuacán', 10, '2023-01-18 19:50:29'),
(7504, 195, 'San Pablo', 10, '2023-01-18 19:50:29'),
(7505, 195, 'San Pedro Sacatepéquez', 10, '2023-01-18 19:50:29'),
(7506, 195, 'San Rafael Pie de la Cuesta', 10, '2023-01-18 19:50:29'),
(7507, 195, 'Sibinal', 10, '2023-01-18 19:50:29'),
(7508, 195, 'Sipacapa', 10, '2023-01-18 19:50:29'),
(7509, 195, 'Tacaná', 10, '2023-01-18 19:50:29'),
(7510, 195, 'Tajumulco', 10, '2023-01-18 19:50:29'),
(7511, 195, 'Tejutla', 10, '2023-01-18 19:50:29'),
(7512, 196, 'Barberena', 10, '2023-01-18 19:50:29'),
(7513, 196, 'Casillas', 10, '2023-01-18 19:50:29'),
(7514, 196, 'Chiquimulilla', 10, '2023-01-18 19:50:29'),
(7515, 196, 'Cuilapa', 10, '2023-01-18 19:50:30'),
(7516, 196, 'Guazacapán', 10, '2023-01-18 19:50:30'),
(7517, 196, 'Nueva Santa Rosa', 10, '2023-01-18 19:50:30'),
(7518, 196, 'Oratorio', 10, '2023-01-18 19:50:30'),
(7519, 196, 'Pueblo Nuevo Viñas', 10, '2023-01-18 19:50:30'),
(7520, 196, 'San Juan Tecuaco', 10, '2023-01-18 19:50:30'),
(7521, 196, 'San Rafael las Flores', 10, '2023-01-18 19:50:30'),
(7522, 196, 'Santa Cruz Naranjo', 10, '2023-01-18 19:50:30'),
(7523, 196, 'Santa María Ixhuatán', 10, '2023-01-18 19:50:30'),
(7524, 196, 'Santa Rosa de Lima', 10, '2023-01-18 19:50:30'),
(7525, 196, 'Taxisco', 10, '2023-01-18 19:50:30'),
(7526, 197, 'Chichicastenango', 10, '2023-01-18 19:50:30'),
(7527, 197, 'Concepción', 10, '2023-01-18 19:50:30'),
(7528, 197, 'San Andrés Semetabaj', 10, '2023-01-18 19:50:30'),
(7529, 197, 'San Antonio Palopó', 10, '2023-01-18 19:50:30'),
(7530, 197, 'San José Chacayá', 10, '2023-01-18 19:50:30'),
(7531, 197, 'San Juan La Laguna', 10, '2023-01-18 19:50:30'),
(7532, 197, 'San Lucas Tolimán', 10, '2023-01-18 19:50:30'),
(7533, 197, 'San Marcos La Laguna', 10, '2023-01-18 19:50:30'),
(7534, 197, 'San Pablo La Laguna', 10, '2023-01-18 19:50:31'),
(7535, 197, 'San Pedro La Laguna', 10, '2023-01-18 19:50:31'),
(7536, 197, 'Santa Catarina Ixtahuacán', 10, '2023-01-18 19:50:31'),
(7537, 197, 'Santa Catarina Palopó', 10, '2023-01-18 19:50:31'),
(7538, 197, 'Santa Clara La Laguna', 10, '2023-01-18 19:50:31'),
(7539, 197, 'Santa Cruz La Laguna', 10, '2023-01-18 19:50:31'),
(7540, 197, 'Santa Lucía Utatlán', 10, '2023-01-18 19:50:31'),
(7541, 197, 'Santa María Visitación', 10, '2023-01-18 19:50:31'),
(7542, 197, 'Santiago Atitlán', 10, '2023-01-18 19:50:31'),
(7543, 197, 'Sololá', 10, '2023-01-18 19:50:31'),
(7544, 197, 'Panajachel', 10, '2023-01-18 19:50:31'),
(7545, 197, 'Nahualá', 10, '2023-01-18 19:50:31'),
(7546, 199, 'Momostenango', 10, '2023-01-18 19:50:31'),
(7547, 199, 'San Andrés Xecul', 10, '2023-01-18 19:50:31'),
(7548, 199, 'San Bartolo', 10, '2023-01-18 19:50:31'),
(7549, 199, 'San Cristóbal Totonicapán', 10, '2023-01-18 19:50:31'),
(7550, 199, 'San Francisco El Alto', 10, '2023-01-18 19:50:31'),
(7551, 199, 'Santa Lucía La Reforma', 10, '2023-01-18 19:50:32'),
(7552, 199, 'Santa María Chiquimula', 10, '2023-01-18 19:50:32'),
(7553, 200, 'Cabañas', 10, '2023-01-18 19:50:32'),
(7554, 200, 'Estanzuela', 10, '2023-01-18 19:50:32'),
(7555, 200, 'Gualán', 10, '2023-01-18 19:50:32'),
(7556, 200, 'Huité', 10, '2023-01-18 19:50:32'),
(7557, 200, 'La Unión', 10, '2023-01-18 19:50:32'),
(7558, 200, 'Río Hondo', 10, '2023-01-18 19:50:32'),
(7559, 200, 'San Jorge', 10, '2023-01-18 19:50:32'),
(7560, 200, 'San Diego', 10, '2023-01-18 19:50:32'),
(7561, 200, 'Teculután', 10, '2023-01-18 19:50:32'),
(7562, 200, 'Usumatlán', 10, '2023-01-18 19:50:32'),
(7563, 200, 'Zacapa', 10, '2023-01-18 19:50:32'),
(7564, 198, 'Chicacao', 10, '2023-01-18 19:50:33'),
(7565, 198, 'Cuyotenango', 10, '2023-01-18 19:50:33'),
(7566, 198, 'Mazatenango', 10, '2023-01-18 19:50:33'),
(7567, 198, 'Patulul', 10, '2023-01-18 19:50:33'),
(7568, 198, 'Pueblo Nuevo', 10, '2023-01-18 19:50:33'),
(7569, 198, 'Río Bravo', 10, '2023-01-18 19:50:33'),
(7570, 198, 'Samayac', 10, '2023-01-18 19:50:33'),
(7571, 198, 'San Antonio Suchitepéquez', 10, '2023-01-18 19:50:33'),
(7572, 198, 'San Bernardino', 10, '2023-01-18 19:50:33'),
(7573, 198, 'San Francisco Zapotitlán', 10, '2023-01-18 19:50:33'),
(7574, 198, 'San Gabriel', 10, '2023-01-18 19:50:33'),
(7575, 198, 'San José El Ídolo', 10, '2023-01-18 19:50:33'),
(7576, 198, 'San José La Máquina', 10, '2023-01-18 19:50:33'),
(7577, 198, 'San Juan Bautista', 10, '2023-01-18 19:50:33'),
(7578, 198, 'San Lorenzo', 10, '2023-01-18 19:50:33'),
(7579, 198, 'San Miguel Panán', 10, '2023-01-18 19:50:34'),
(7580, 198, 'San Pablo Jocopilas', 10, '2023-01-18 19:50:34'),
(7581, 198, 'Santa Bárbara', 10, '2023-01-18 19:50:34'),
(7582, 198, 'Santo Domingo Suchitepéquez', 10, '2023-01-18 19:50:34'),
(7583, 198, 'Santo Tomas La Unión', 10, '2023-01-18 19:50:34'),
(7584, 198, 'Zunilito', 10, '2023-01-18 19:50:34'),
(7585, 201, 'La Matanza', 10, '2023-01-18 19:50:34'),
(7586, 201, 'Quilmes', 10, '2023-01-18 19:50:34'),
(7587, 201, 'Moreno', 10, '2023-01-18 19:50:34'),
(7588, 201, 'Avellaneda', 10, '2023-01-18 19:50:34'),
(7589, 201, 'Morón', 10, '2023-01-18 19:50:34'),
(7590, 201, 'San Isidro', 10, '2023-01-18 19:50:35'),
(7591, 201, 'Escobar', 10, '2023-01-18 19:50:35'),
(7592, 201, 'San Fernando', 10, '2023-01-18 19:50:35'),
(7593, 201, 'Olavarría', 10, '2023-01-18 19:50:35'),
(7594, 201, 'Necochea', 10, '2023-01-18 19:50:35'),
(7595, 201, 'La Plata', 10, '2023-01-18 19:50:35'),
(7596, 201, 'Almirante Brown', 10, '2023-01-18 19:50:35'),
(7597, 201, 'Florencio Varela', 10, '2023-01-18 19:50:35'),
(7598, 201, 'Tres de Febrero', 10, '2023-01-18 19:50:35'),
(7599, 201, 'Bahía Blanca', 10, '2023-01-18 19:50:35'),
(7600, 201, 'San Miguel', 10, '2023-01-18 19:50:36'),
(7601, 201, 'Hurlingham', 10, '2023-01-18 19:50:36'),
(7602, 201, 'San Nicolás de Los Arroyos', 10, '2023-01-18 19:50:36'),
(7603, 201, 'Luján', 10, '2023-01-18 19:50:36'),
(7604, 201, 'Junín', 10, '2023-01-18 19:50:36'),
(7605, 201, 'Mar del Plata', 10, '2023-01-18 19:50:36'),
(7606, 201, 'Merlo', 10, '2023-01-18 19:50:36'),
(7607, 201, 'General San Martín', 10, '2023-01-18 19:50:36'),
(7608, 201, 'Berazategui', 10, '2023-01-18 19:50:36'),
(7609, 201, 'Esteban Echeverría', 10, '2023-01-18 19:50:36'),
(7610, 201, 'Vicente López', 10, '2023-01-18 19:50:36'),
(7611, 201, 'Ituzaingó', 10, '2023-01-18 19:50:36'),
(7612, 201, 'Tandil', 10, '2023-01-18 19:50:36'),
(7613, 201, 'Pergamino', 10, '2023-01-18 19:50:37'),
(7614, 201, 'Berisso', 10, '2023-01-18 19:50:37'),
(7615, 201, 'Lomas de Zamora', 10, '2023-01-18 19:50:37'),
(7616, 201, 'Lanús', 10, '2023-01-18 19:50:37'),
(7617, 201, 'Tigre', 10, '2023-01-18 19:50:37'),
(7618, 201, 'Malvinas Argentinas', 10, '2023-01-18 19:50:37'),
(7619, 201, 'Pilar', 10, '2023-01-18 19:50:37'),
(7620, 201, 'José C. Paz', 10, '2023-01-18 19:50:37'),
(7621, 201, 'Ezeiza', 10, '2023-01-18 19:50:37'),
(7622, 201, 'Zárate', 10, '2023-01-18 19:50:37'),
(7623, 201, 'Campana', 10, '2023-01-18 19:50:37'),
(7624, 201, 'General Rodríguez', 10, '2023-01-18 19:50:37'),
(7625, 202, 'Abramo', 10, '2023-01-18 19:50:37'),
(7626, 202, 'Adolfo Van Praet', 10, '2023-01-18 19:50:37'),
(7627, 202, 'Agustoni', 10, '2023-01-18 19:50:37'),
(7628, 202, 'Algarrobo del Águila', 10, '2023-01-18 19:50:38'),
(7629, 202, 'Alpachiri', 10, '2023-01-18 19:50:38'),
(7630, 202, 'Alta Italia', 10, '2023-01-18 19:50:38'),
(7631, 202, 'Anguil', 10, '2023-01-18 19:50:38'),
(7632, 202, 'Arata', 10, '2023-01-18 19:50:38'),
(7633, 202, 'Ataliva Roca', 10, '2023-01-18 19:50:38'),
(7634, 202, 'Bernardo Larroudé', 10, '2023-01-18 19:50:38'),
(7635, 202, 'Bernasconi', 10, '2023-01-18 19:50:38'),
(7636, 202, 'Caleufú', 10, '2023-01-18 19:50:39'),
(7637, 202, 'Carro Quemado', 10, '2023-01-18 19:50:39'),
(7638, 202, 'Catriló', 10, '2023-01-18 19:50:39'),
(7639, 202, 'Ceballos', 10, '2023-01-18 19:50:39'),
(7640, 202, 'Chacharramendi', 10, '2023-01-18 19:50:39'),
(7641, 202, 'Colonia Barón', 10, '2023-01-18 19:50:39'),
(7642, 202, 'Colonia Santa María', 10, '2023-01-18 19:50:39'),
(7643, 202, 'Conhelo', 10, '2023-01-18 19:50:39'),
(7644, 202, 'Coronel Hilario Lagos', 10, '2023-01-18 19:50:39'),
(7645, 202, 'Cuchillo-Có', 10, '2023-01-18 19:50:39'),
(7646, 202, 'Damián Maisonnave', 10, '2023-01-18 19:50:39'),
(7647, 202, 'Doblas', 10, '2023-01-18 19:50:39'),
(7648, 202, 'Dorila', 10, '2023-01-18 19:50:39'),
(7649, 202, 'Eduardo Castex', 10, '2023-01-18 19:50:40'),
(7650, 202, 'Embajador Martini', 10, '2023-01-18 19:50:40'),
(7651, 202, 'Falucho', 10, '2023-01-18 19:50:40'),
(7652, 202, 'General Acha', 10, '2023-01-18 19:50:40'),
(7653, 202, 'General Manuel Campos', 10, '2023-01-18 19:50:40'),
(7654, 202, 'General Pico', 10, '2023-01-18 19:50:40'),
(7655, 202, 'General San Martín', 10, '2023-01-18 19:50:40'),
(7656, 202, 'Gobernador Duval', 10, '2023-01-18 19:50:40'),
(7657, 202, 'Guatraché', 10, '2023-01-18 19:50:40'),
(7658, 202, 'Ingeniero Luiggi', 10, '2023-01-18 19:50:40'),
(7659, 202, 'Intendente Alvear', 10, '2023-01-18 19:50:40'),
(7660, 202, 'Jacinto Aráuz', 10, '2023-01-18 19:50:40'),
(7661, 202, 'La Adela', 10, '2023-01-18 19:50:40'),
(7662, 202, 'La Humada', 10, '2023-01-18 19:50:40'),
(7663, 202, 'La Maruja', 10, '2023-01-18 19:50:40'),
(7664, 202, 'La Reforma', 10, '2023-01-18 19:50:40'),
(7665, 202, 'Limay Mahuida', 10, '2023-01-18 19:50:40'),
(7666, 202, 'Lonquimay', 10, '2023-01-18 19:50:41'),
(7667, 202, 'Loventué', 10, '2023-01-18 19:50:41'),
(7668, 202, 'Luan Toro', 10, '2023-01-18 19:50:41'),
(7669, 202, 'Macachín', 10, '2023-01-18 19:50:41'),
(7670, 202, 'Mauricio Mayer', 10, '2023-01-18 19:50:41'),
(7671, 202, 'Metileo', 10, '2023-01-18 19:50:41'),
(7672, 202, 'Miguel Cané', 10, '2023-01-18 19:50:41'),
(7673, 202, 'Miguel Riglos', 10, '2023-01-18 19:50:41'),
(7674, 202, 'Monte Nievas', 10, '2023-01-18 19:50:41'),
(7675, 202, 'Parera', 10, '2023-01-18 19:50:41'),
(7676, 202, 'Perú', 10, '2023-01-18 19:50:41'),
(7677, 202, 'Pichi Huinca', 10, '2023-01-18 19:50:42'),
(7678, 202, 'Puelches', 10, '2023-01-18 19:50:42'),
(7679, 202, 'Puelén', 10, '2023-01-18 19:50:42'),
(7680, 202, 'Quehué', 10, '2023-01-18 19:50:42'),
(7681, 202, 'Quemú Quemú', 10, '2023-01-18 19:50:42'),
(7682, 202, 'Quetrequén', 10, '2023-01-18 19:50:42'),
(7683, 202, 'Rancul', 10, '2023-01-18 19:50:42'),
(7684, 202, 'Realicó', 10, '2023-01-18 19:50:42'),
(7685, 202, 'Relmo', 10, '2023-01-18 19:50:42'),
(7686, 202, 'Rolón', 10, '2023-01-18 19:50:42'),
(7687, 202, 'Rucanelo', 10, '2023-01-18 19:50:42'),
(7688, 202, 'Santa Isabel', 10, '2023-01-18 19:50:42'),
(7689, 202, 'Santa Rosa', 10, '2023-01-18 19:50:42'),
(7690, 202, 'Santa Teresa', 10, '2023-01-18 19:50:42'),
(7691, 202, 'Sarah', 10, '2023-01-18 19:50:42'),
(7692, 202, 'Speluzzi', 10, '2023-01-18 19:50:43'),
(7693, 202, 'Telén', 10, '2023-01-18 19:50:43'),
(7694, 202, 'Toay', 10, '2023-01-18 19:50:43'),
(7695, 202, 'Tomás Manuel de Anchorena', 10, '2023-01-18 19:50:43'),
(7696, 202, 'Trenel', 10, '2023-01-18 19:50:43'),
(7697, 202, 'Unanue', 10, '2023-01-18 19:50:43'),
(7698, 202, 'Uriburu', 10, '2023-01-18 19:50:43'),
(7699, 202, 'Veinticinco de Mayo', 10, '2023-01-18 19:50:43'),
(7700, 202, 'Vértiz', 10, '2023-01-18 19:50:43'),
(7701, 202, 'Victorica', 10, '2023-01-18 19:50:43'),
(7702, 202, 'Villa Casa de Piedra', 10, '2023-01-18 19:50:43'),
(7703, 202, 'Villa Mirasol', 10, '2023-01-18 19:50:44'),
(7704, 202, 'Winifreda', 10, '2023-01-18 19:50:44'),
(7705, 203, 'Albardón', 10, '2023-01-18 19:50:44'),
(7706, 203, 'Angaco', 10, '2023-01-18 19:50:44'),
(7707, 203, 'Calingasta', 10, '2023-01-18 19:50:44'),
(7708, 203, 'Caucete', 10, '2023-01-18 19:50:44'),
(7709, 203, 'Chimbas', 10, '2023-01-18 19:50:44'),
(7710, 203, 'Iglesia', 10, '2023-01-18 19:50:44'),
(7711, 203, 'Jáchal', 10, '2023-01-18 19:50:44'),
(7712, 203, 'Nueve de Julio', 10, '2023-01-18 19:50:44'),
(7713, 203, 'Pocito', 10, '2023-01-18 19:50:44'),
(7714, 203, 'Rawson', 10, '2023-01-18 19:50:44'),
(7715, 203, 'Rivadavia', 10, '2023-01-18 19:50:44'),
(7716, 203, 'San Juan', 10, '2023-01-18 19:50:44'),
(7717, 203, 'San Martín', 10, '2023-01-18 19:50:44'),
(7718, 203, 'Santa Lucía', 10, '2023-01-18 19:50:45'),
(7719, 203, 'Sarmiento', 10, '2023-01-18 19:50:45'),
(7720, 203, 'Ullum', 10, '2023-01-18 19:50:45'),
(7721, 203, 'Valle Fértil', 10, '2023-01-18 19:50:45'),
(7722, 203, 'Veinticinco de Mayo', 10, '2023-01-18 19:50:45'),
(7723, 203, 'Zonda', 10, '2023-01-18 19:50:45'),
(7724, 204, 'Abdón Castro Tolay', 10, '2023-01-18 19:50:45'),
(7725, 204, 'Abralaite', 10, '2023-01-18 19:50:45'),
(7726, 204, 'Abra Pampa', 10, '2023-01-18 19:50:45'),
(7727, 204, 'Aguas Calientes', 10, '2023-01-18 19:50:45'),
(7728, 204, 'Arrayanal', 10, '2023-01-18 19:50:45'),
(7729, 204, 'Caimancito', 10, '2023-01-18 19:50:45'),
(7730, 204, 'Calilegua', 10, '2023-01-18 19:50:45'),
(7731, 204, 'Cangrejillos', 10, '2023-01-18 19:50:45'),
(7732, 204, 'Caspalá', 10, '2023-01-18 19:50:45'),
(7733, 204, 'Catua', 10, '2023-01-18 19:50:45'),
(7734, 204, 'Cieneguillas', 10, '2023-01-18 19:50:45'),
(7735, 204, 'Coranzulí', 10, '2023-01-18 19:50:45'),
(7736, 204, 'Cusi Cusi', 10, '2023-01-18 19:50:46'),
(7737, 204, 'Barrios', 10, '2023-01-18 19:50:46'),
(7738, 204, 'El Aguilar', 10, '2023-01-18 19:50:46'),
(7739, 204, 'El Carmen', 10, '2023-01-18 19:50:46'),
(7740, 204, 'El Cóndor', 10, '2023-01-18 19:50:46'),
(7741, 204, 'El Fuerte', 10, '2023-01-18 19:50:46'),
(7742, 204, 'El Piquete', 10, '2023-01-18 19:50:46'),
(7743, 204, 'El Talar', 10, '2023-01-18 19:50:46'),
(7744, 204, 'Fraile Pintado', 10, '2023-01-18 19:50:46'),
(7745, 204, 'Hipólito Yrigoyen', 10, '2023-01-18 19:50:46'),
(7746, 204, 'Huacalera', 10, '2023-01-18 19:50:46'),
(7747, 204, 'Humahuaca', 10, '2023-01-18 19:50:46'),
(7748, 204, 'La Esperanza', 10, '2023-01-18 19:50:46'),
(7749, 204, 'La Mendieta', 10, '2023-01-18 19:50:46'),
(7750, 204, 'La Quiaca', 10, '2023-01-18 19:50:46'),
(7751, 204, 'Libertador General San Martín', 10, '2023-01-18 19:50:46'),
(7752, 204, 'Maimará', 10, '2023-01-18 19:50:46'),
(7753, 204, 'Mina Pirquitas', 10, '2023-01-18 19:50:47'),
(7754, 204, 'Monterrico', 10, '2023-01-18 19:50:47'),
(7755, 204, 'Palma Sola', 10, '2023-01-18 19:50:47'),
(7756, 204, 'Palpalá', 10, '2023-01-18 19:50:47'),
(7757, 204, 'Pampa Blanca', 10, '2023-01-18 19:50:47'),
(7758, 204, 'Pampichuela', 10, '2023-01-18 19:50:47'),
(7759, 204, 'Perico', 10, '2023-01-18 19:50:47'),
(7760, 204, 'Puesto del Marqués', 10, '2023-01-18 19:50:47'),
(7761, 204, 'Puesto Viejo', 10, '2023-01-18 19:50:47'),
(7762, 204, 'Pumahuasi', 10, '2023-01-18 19:50:47'),
(7763, 204, 'Purmamarca', 10, '2023-01-18 19:50:47'),
(7764, 204, 'Rinconada', 10, '2023-01-18 19:50:47'),
(7765, 204, 'Rodeíto', 10, '2023-01-18 19:50:47'),
(7766, 204, 'Rosario del Río Grande', 10, '2023-01-18 19:50:47'),
(7767, 204, 'San Antonio', 10, '2023-01-18 19:50:47'),
(7768, 204, 'San Francisco', 10, '2023-01-18 19:50:47'),
(7769, 204, 'San Pedro de Jujuy', 10, '2023-01-18 19:50:47'),
(7770, 204, 'San Salvador de Jujuy', 10, '2023-01-18 19:50:48'),
(7771, 204, 'Santa Ana', 10, '2023-01-18 19:50:48'),
(7772, 204, 'Santa Catalina', 10, '2023-01-18 19:50:48'),
(7773, 204, 'Santa Clara', 10, '2023-01-18 19:50:48'),
(7774, 204, 'Susques', 10, '2023-01-18 19:50:48'),
(7775, 204, 'Tilcara', 10, '2023-01-18 19:50:48'),
(7776, 204, 'Tres Cruces', 10, '2023-01-18 19:50:48'),
(7777, 204, 'Tumbaya', 10, '2023-01-18 19:50:48'),
(7778, 204, 'Valle Grande', 10, '2023-01-18 19:50:48'),
(7779, 204, 'Vinalito', 10, '2023-01-18 19:50:48'),
(7780, 204, 'Volcán', 10, '2023-01-18 19:50:48'),
(7781, 204, 'Yala', 10, '2023-01-18 19:50:48'),
(7782, 204, 'Yavi', 10, '2023-01-18 19:50:48'),
(7783, 204, 'Yuto', 10, '2023-01-18 19:50:48'),
(7784, 206, 'San Miguel de Tucumán', 10, '2023-01-18 19:50:48'),
(7785, 206, 'Las Talitas', 10, '2023-01-18 19:50:48'),
(7786, 206, 'Famaillá', 10, '2023-01-18 19:50:48'),
(7787, 206, 'El Manantial', 10, '2023-01-18 19:50:49'),
(7788, 206, 'San Pablo y Villa Nougués', 10, '2023-01-18 19:50:49');
INSERT INTO `nivelGeografico3` (`nivelGeografico3`, `idNivelGeografico2`, `nomNivelGeografico3`, `estadoNivelGeografico3`, `creacionNivelGeografico3`) VALUES
(7789, 206, 'Simoca', 10, '2023-01-18 19:50:49'),
(7790, 206, 'Trancas', 10, '2023-01-18 19:50:49'),
(7791, 206, 'Arcadia', 10, '2023-01-18 19:50:49'),
(7792, 206, 'San Andrés', 10, '2023-01-18 19:50:49'),
(7793, 206, 'La Ramada y La Cruz', 10, '2023-01-18 19:50:49'),
(7794, 206, 'Banda del Río Salí', 10, '2023-01-18 19:50:49'),
(7795, 206, 'Concepción', 10, '2023-01-18 19:50:49'),
(7796, 206, 'Monteros', 10, '2023-01-18 19:50:49'),
(7797, 206, 'Bella Vista', 10, '2023-01-18 19:50:49'),
(7798, 206, 'Ranchillos y San Miguel', 10, '2023-01-18 19:50:49'),
(7799, 206, 'La Florida y Luisiana', 10, '2023-01-18 19:50:49'),
(7800, 206, 'La Cocha', 10, '2023-01-18 19:50:49'),
(7801, 206, 'Quilmes y Los Sueldos', 10, '2023-01-18 19:50:49'),
(7802, 206, 'Río Seco', 10, '2023-01-18 19:50:49'),
(7803, 206, 'Villa Quinteros', 10, '2023-01-18 19:50:49'),
(7804, 206, 'Yerba Buena', 10, '2023-01-18 19:50:49'),
(7805, 206, 'Alderetes', 10, '2023-01-18 19:50:50'),
(7806, 206, 'Juan Bautista Alberdi', 10, '2023-01-18 19:50:50'),
(7807, 206, 'Cevil Redondo', 10, '2023-01-18 19:50:50'),
(7808, 206, 'Los Ralos', 10, '2023-01-18 19:50:50'),
(7809, 206, 'Colombres', 10, '2023-01-18 19:50:50'),
(7810, 206, 'El Chañar', 10, '2023-01-18 19:50:50'),
(7811, 206, 'Santa Lucía', 10, '2023-01-18 19:50:50'),
(7812, 206, 'Los Sarmientos y La Tipa', 10, '2023-01-18 19:50:50'),
(7813, 206, 'Los Nogales', 10, '2023-01-18 19:50:50'),
(7814, 206, 'Tafí Viejo', 10, '2023-01-18 19:50:50'),
(7815, 206, 'Aguilares', 10, '2023-01-18 19:50:50'),
(7816, 206, 'Lules', 10, '2023-01-18 19:50:50'),
(7817, 206, 'Santa Ana', 10, '2023-01-18 19:50:50'),
(7818, 206, 'Delfín Gallo', 10, '2023-01-18 19:50:50'),
(7819, 206, 'Santa Rosa y Los Rojo', 10, '2023-01-18 19:50:50'),
(7820, 206, 'San Felipe y Santa Bárbara', 10, '2023-01-18 19:50:50'),
(7821, 206, 'Santa Rosa de Leales', 10, '2023-01-18 19:50:50'),
(7822, 206, 'Graneros', 10, '2023-01-18 19:50:50'),
(7823, 206, 'La Trinidad', 10, '2023-01-18 19:50:50'),
(7824, 207, 'Castro Barros', 10, '2023-01-18 19:50:51'),
(7825, 207, 'Chamical', 10, '2023-01-18 19:50:51'),
(7826, 207, 'Chilecito', 10, '2023-01-18 19:50:51'),
(7827, 207, 'Coronel Felipe Varela', 10, '2023-01-18 19:50:51'),
(7828, 207, 'Famatina', 10, '2023-01-18 19:50:51'),
(7829, 207, 'General Ángel Vicente Peñaloza', 10, '2023-01-18 19:50:51'),
(7830, 207, 'General Belgrano', 10, '2023-01-18 19:50:51'),
(7831, 207, 'General Juan Facundo Quiroga', 10, '2023-01-18 19:50:51'),
(7832, 207, 'General Lamadrid', 10, '2023-01-18 19:50:51'),
(7833, 207, 'General Ocampo', 10, '2023-01-18 19:50:51'),
(7834, 207, 'General San Martín', 10, '2023-01-18 19:50:51'),
(7835, 207, 'Independencia', 10, '2023-01-18 19:50:51'),
(7836, 207, 'La Rioja', 10, '2023-01-18 19:50:51'),
(7837, 207, 'Rosario Vera Peñaloza', 10, '2023-01-18 19:50:51'),
(7838, 207, 'Sanagasta', 10, '2023-01-18 19:50:51'),
(7839, 207, 'San Blas de los Sauces', 10, '2023-01-18 19:50:51'),
(7840, 207, 'Vinchina', 10, '2023-01-18 19:50:51'),
(7841, 208, 'Córdoba', 10, '2023-01-18 19:50:52'),
(7842, 208, 'San Francisco', 10, '2023-01-18 19:50:52'),
(7843, 208, 'La Calera', 10, '2023-01-18 19:50:52'),
(7844, 208, 'Villa Allende', 10, '2023-01-18 19:50:52'),
(7845, 208, 'Colonia Caroya', 10, '2023-01-18 19:50:52'),
(7846, 208, 'Cosquín', 10, '2023-01-18 19:50:52'),
(7847, 208, 'La Falda', 10, '2023-01-18 19:50:52'),
(7848, 208, 'Oncativo', 10, '2023-01-18 19:50:52'),
(7849, 208, 'Malvinas Argentinas', 10, '2023-01-18 19:50:52'),
(7850, 208, 'Oliva', 10, '2023-01-18 19:50:52'),
(7851, 208, 'Río Cuarto', 10, '2023-01-18 19:50:52'),
(7852, 208, 'Alta Gracia', 10, '2023-01-18 19:50:52'),
(7853, 208, 'Jesús María', 10, '2023-01-18 19:50:52'),
(7854, 208, 'Marcos Juárez', 10, '2023-01-18 19:50:53'),
(7855, 208, 'Laboulaye', 10, '2023-01-18 19:50:53'),
(7856, 208, 'Villa Nueva', 10, '2023-01-18 19:50:53'),
(7857, 208, 'Las Varillas', 10, '2023-01-18 19:50:53'),
(7858, 208, 'Malagueño', 10, '2023-01-18 19:50:53'),
(7859, 208, 'Estación Juárez Celman', 10, '2023-01-18 19:50:53'),
(7860, 208, 'Capilla del Monte', 10, '2023-01-18 19:50:53'),
(7861, 208, 'Villa María', 10, '2023-01-18 19:50:53'),
(7862, 208, 'Río Tercero', 10, '2023-01-18 19:50:53'),
(7863, 208, 'Villa Dolores', 10, '2023-01-18 19:50:53'),
(7864, 208, 'Arroyito', 10, '2023-01-18 19:50:53'),
(7865, 208, 'Río Segundo', 10, '2023-01-18 19:50:53'),
(7866, 208, 'Unquillo', 10, '2023-01-18 19:50:54'),
(7867, 208, 'Villa del Rosario', 10, '2023-01-18 19:50:54'),
(7868, 208, 'Santa Rosa de Calamuchita', 10, '2023-01-18 19:50:54'),
(7869, 208, 'Almafuerte', 10, '2023-01-18 19:50:54'),
(7870, 208, 'General Deheza', 10, '2023-01-18 19:50:54'),
(7871, 208, 'Villa Carlos Paz', 10, '2023-01-18 19:50:54'),
(7872, 208, 'Bell Ville', 10, '2023-01-18 19:50:54'),
(7873, 208, 'Cruz del Eje', 10, '2023-01-18 19:50:54'),
(7874, 208, 'Deán Funes', 10, '2023-01-18 19:50:54'),
(7875, 208, 'Río Ceballos', 10, '2023-01-18 19:50:54'),
(7876, 208, 'Morteros', 10, '2023-01-18 19:50:55'),
(7877, 208, 'Pilar', 10, '2023-01-18 19:50:55'),
(7878, 208, 'La Carlota', 10, '2023-01-18 19:50:55'),
(7879, 208, 'General Cabrera', 10, '2023-01-18 19:50:55'),
(7880, 208, 'Saldán', 10, '2023-01-18 19:50:55'),
(7881, 209, 'Aldea Apeleg', 10, '2023-01-18 19:52:40'),
(7882, 209, 'Aldea Beleiro', 10, '2023-01-18 19:52:40'),
(7883, 209, 'Aldea Epulef', 10, '2023-01-18 19:52:40'),
(7884, 209, 'Alto Río Senguer', 10, '2023-01-18 19:52:40'),
(7885, 209, 'Buen Pasto', 10, '2023-01-18 19:52:40'),
(7886, 209, 'Camarones', 10, '2023-01-18 19:52:41'),
(7887, 209, 'Carrenleufú', 10, '2023-01-18 19:52:41'),
(7888, 209, 'Cerro Centinela', 10, '2023-01-18 19:52:41'),
(7889, 209, 'Cholila', 10, '2023-01-18 19:52:41'),
(7890, 209, 'Colan Conhué', 10, '2023-01-18 19:52:41'),
(7891, 209, 'Comodoro Rivadavia', 10, '2023-01-18 19:52:41'),
(7892, 209, 'Corcovado', 10, '2023-01-18 19:52:41'),
(7893, 209, 'Cushamen', 10, '2023-01-18 19:52:41'),
(7894, 209, 'Doctor Atilio Oscar Viglione', 10, '2023-01-18 19:52:41'),
(7895, 209, 'Doctor Ricardo Rojas', 10, '2023-01-18 19:52:42'),
(7896, 209, 'Dolavon', 10, '2023-01-18 19:52:42'),
(7897, 209, 'El Hoyo', 10, '2023-01-18 19:52:42'),
(7898, 209, 'El Maitén', 10, '2023-01-18 19:52:42'),
(7899, 209, 'Epuyén', 10, '2023-01-18 19:52:42'),
(7900, 209, 'Esquel', 10, '2023-01-18 19:52:42'),
(7901, 209, 'Facundo', 10, '2023-01-18 19:52:42'),
(7902, 209, 'Gaiman', 10, '2023-01-18 19:52:42'),
(7903, 209, 'Gan Gan', 10, '2023-01-18 19:52:42'),
(7904, 209, 'Gastre', 10, '2023-01-18 19:52:42'),
(7905, 209, 'Gobernador Costa', 10, '2023-01-18 19:52:42'),
(7906, 209, 'Gualjaina', 10, '2023-01-18 19:52:43'),
(7907, 209, 'José de San Martín', 10, '2023-01-18 19:52:43'),
(7908, 209, 'Lago Blanco', 10, '2023-01-18 19:52:43'),
(7909, 209, 'Lago Puelo', 10, '2023-01-18 19:52:43'),
(7910, 209, 'Lagunita Salada', 10, '2023-01-18 19:52:43'),
(7911, 209, 'Las Plumas', 10, '2023-01-18 19:52:43'),
(7912, 209, 'Los Altares', 10, '2023-01-18 19:52:43'),
(7913, 209, 'Paso de Indios', 10, '2023-01-18 19:52:43'),
(7914, 209, 'Paso del Sapo', 10, '2023-01-18 19:52:43'),
(7915, 209, 'Puerto Madryn', 10, '2023-01-18 19:52:43'),
(7916, 209, 'Puerto Pirámides', 10, '2023-01-18 19:52:43'),
(7917, 209, 'Rada Tilly', 10, '2023-01-18 19:52:43'),
(7918, 209, 'Rawson', 10, '2023-01-18 19:52:43'),
(7919, 209, 'Río Mayo', 10, '2023-01-18 19:52:43'),
(7920, 209, 'Río Pico', 10, '2023-01-18 19:52:43'),
(7921, 209, 'Sarmiento', 10, '2023-01-18 19:52:43'),
(7922, 209, 'Tecka', 10, '2023-01-18 19:52:43'),
(7923, 209, 'Telsen', 10, '2023-01-18 19:52:44'),
(7924, 209, 'Trelew', 10, '2023-01-18 19:52:44'),
(7925, 209, 'Trevelin', 10, '2023-01-18 19:52:44'),
(7926, 209, 'Veintiocho de Julio', 10, '2023-01-18 19:52:44'),
(7927, 209, 'Villa Dique Florentino Ameghino', 10, '2023-01-18 19:52:44'),
(7928, 210, 'Aguada San Roque', 10, '2023-01-18 19:52:44'),
(7929, 210, 'Aluminé', 10, '2023-01-18 19:52:44'),
(7930, 210, 'Andacollo', 10, '2023-01-18 19:52:44'),
(7931, 210, 'Añelo', 10, '2023-01-18 19:52:44'),
(7932, 210, 'Bajada del Agrio', 10, '2023-01-18 19:52:44'),
(7933, 210, 'Barrancas', 10, '2023-01-18 19:52:45'),
(7934, 210, 'Buta Ranquil', 10, '2023-01-18 19:52:45'),
(7935, 210, 'Caviahue-Copahue', 10, '2023-01-18 19:52:45'),
(7936, 210, 'Centenario', 10, '2023-01-18 19:52:45'),
(7937, 210, 'Chorriaca', 10, '2023-01-18 19:52:45'),
(7938, 210, 'Chos Malal', 10, '2023-01-18 19:52:45'),
(7939, 210, 'Covunco Abajo', 10, '2023-01-18 19:52:45'),
(7940, 210, 'Coyuco-Cochico', 10, '2023-01-18 19:52:45'),
(7941, 210, 'Cutral-Co', 10, '2023-01-18 19:52:45'),
(7942, 210, 'El Cholar', 10, '2023-01-18 19:52:45'),
(7943, 210, 'El Huecú', 10, '2023-01-18 19:52:45'),
(7944, 210, 'El Sauce', 10, '2023-01-18 19:52:45'),
(7945, 210, 'Guañacos', 10, '2023-01-18 19:52:46'),
(7946, 210, 'Huinganco', 10, '2023-01-18 19:52:46'),
(7947, 210, 'Junín de los Andes', 10, '2023-01-18 19:52:46'),
(7948, 210, 'Las Coloradas', 10, '2023-01-18 19:52:46'),
(7949, 210, 'Las Lajas', 10, '2023-01-18 19:52:46'),
(7950, 210, 'Las Ovejas', 10, '2023-01-18 19:52:46'),
(7951, 210, 'Loncopué', 10, '2023-01-18 19:52:46'),
(7952, 210, 'Los Catutos', 10, '2023-01-18 19:52:46'),
(7953, 210, 'Los Chihuidos', 10, '2023-01-18 19:52:46'),
(7954, 210, 'Los Miches', 10, '2023-01-18 19:52:46'),
(7955, 210, 'Manzano Amargo', 10, '2023-01-18 19:52:46'),
(7956, 210, 'Mariano Moreno', 10, '2023-01-18 19:52:46'),
(7957, 210, 'Neuquén', 10, '2023-01-18 19:52:47'),
(7958, 210, 'Octavio Pico', 10, '2023-01-18 19:52:47'),
(7959, 210, 'Paso Aguerre', 10, '2023-01-18 19:52:47'),
(7960, 210, 'Picún Leufú', 10, '2023-01-18 19:52:47'),
(7961, 210, 'Piedra del Águila', 10, '2023-01-18 19:52:47'),
(7962, 210, 'Pilo Lil', 10, '2023-01-18 19:52:47'),
(7963, 210, 'Plaza Huincul', 10, '2023-01-18 19:52:47'),
(7964, 210, 'Plottier', 10, '2023-01-18 19:52:47'),
(7965, 210, 'Quili Malal', 10, '2023-01-18 19:52:47'),
(7966, 210, 'Ramón M. Castro', 10, '2023-01-18 19:52:48'),
(7967, 210, 'Rincón de los Sauces', 10, '2023-01-18 19:52:48'),
(7968, 210, 'San Martín de los Andes', 10, '2023-01-18 19:52:48'),
(7969, 210, 'San Patricio del Chañar', 10, '2023-01-18 19:52:48'),
(7970, 210, 'Santo Tomás', 10, '2023-01-18 19:52:48'),
(7971, 210, 'Sauzal Bonito', 10, '2023-01-18 19:52:48'),
(7972, 210, 'Senillosa', 10, '2023-01-18 19:52:48'),
(7973, 210, 'Taquimilán', 10, '2023-01-18 19:52:48'),
(7974, 210, 'Tricao Malal', 10, '2023-01-18 19:52:48'),
(7975, 210, 'Varvarco - Invernada Vieja', 10, '2023-01-18 19:52:48'),
(7976, 210, 'Villa Curí Leuvu', 10, '2023-01-18 19:52:48'),
(7977, 210, 'Villa del Nahueve', 10, '2023-01-18 19:52:48'),
(7978, 210, 'Villa del Puente Picún Leufú', 10, '2023-01-18 19:52:48'),
(7979, 210, 'Villa El Chocón', 10, '2023-01-18 19:52:48'),
(7980, 210, 'Villa La Angostura', 10, '2023-01-18 19:52:48'),
(7981, 210, 'Villa Lago Meliquina', 10, '2023-01-18 19:52:48'),
(7982, 210, 'Villa Pehuenia', 10, '2023-01-18 19:52:48'),
(7983, 210, 'Villa Traful', 10, '2023-01-18 19:52:49'),
(7984, 210, 'Vista Alegre', 10, '2023-01-18 19:52:49'),
(7985, 210, 'Zapala', 10, '2023-01-18 19:52:49'),
(7986, 211, 'Aconquija', 10, '2023-01-18 19:52:49'),
(7987, 211, 'Ancasti', 10, '2023-01-18 19:52:49'),
(7988, 211, 'Andalgalá', 10, '2023-01-18 19:52:49'),
(7989, 211, 'Antofagasta de la Sierra', 10, '2023-01-18 19:52:49'),
(7990, 211, 'Belén', 10, '2023-01-18 19:52:49'),
(7991, 211, 'Capayán', 10, '2023-01-18 19:52:49'),
(7992, 211, 'Corral Quemado', 10, '2023-01-18 19:52:49'),
(7993, 211, 'El Alto', 10, '2023-01-18 19:52:49'),
(7994, 211, 'El Rodeo', 10, '2023-01-18 19:52:49'),
(7995, 211, 'Fiambalá', 10, '2023-01-18 19:52:49'),
(7996, 211, 'Fray Mamerto Esquiú', 10, '2023-01-18 19:52:49'),
(7997, 211, 'Hualfín', 10, '2023-01-18 19:52:49'),
(7998, 211, 'Huillapima', 10, '2023-01-18 19:52:49'),
(7999, 211, 'Icaño', 10, '2023-01-18 19:52:49'),
(8000, 211, 'La Puerta', 10, '2023-01-18 19:52:49'),
(8001, 211, 'Las Juntas', 10, '2023-01-18 19:52:49'),
(8002, 211, 'Lavalle', 10, '2023-01-18 19:52:49'),
(8003, 211, 'Londres', 10, '2023-01-18 19:52:50'),
(8004, 211, 'Los Altos', 10, '2023-01-18 19:52:50'),
(8005, 211, 'Los Varela', 10, '2023-01-18 19:52:50'),
(8006, 211, 'Mutquín', 10, '2023-01-18 19:52:50'),
(8007, 211, 'Paclín', 10, '2023-01-18 19:52:50'),
(8008, 211, 'Pomán', 10, '2023-01-18 19:52:50'),
(8009, 211, 'Pozo de la Piedra', 10, '2023-01-18 19:52:50'),
(8010, 211, 'Puerta de Corral Quemado', 10, '2023-01-18 19:52:50'),
(8011, 211, 'Puerta de San José', 10, '2023-01-18 19:52:50'),
(8012, 211, 'Recreo', 10, '2023-01-18 19:52:50'),
(8013, 211, 'San Fernando', 10, '2023-01-18 19:52:50'),
(8014, 211, 'San Fernando del Valle de Catamarca', 10, '2023-01-18 19:52:50'),
(8015, 211, 'San José', 10, '2023-01-18 19:52:50'),
(8016, 211, 'Santa María', 10, '2023-01-18 19:52:50'),
(8017, 211, 'Santa Rosa', 10, '2023-01-18 19:52:50'),
(8018, 211, 'Saujil', 10, '2023-01-18 19:52:50'),
(8019, 211, 'Tapso', 10, '2023-01-18 19:52:50'),
(8020, 211, 'Tinogasta', 10, '2023-01-18 19:52:50'),
(8021, 211, 'Valle Viejo', 10, '2023-01-18 19:52:50'),
(8022, 211, 'Villa Vil', 10, '2023-01-18 19:52:51'),
(8023, 212, 'Alto Pelado', 10, '2023-01-18 19:52:51'),
(8024, 212, 'Alto Pencoso', 10, '2023-01-18 19:52:51'),
(8025, 212, 'Anchorena', 10, '2023-01-18 19:52:51'),
(8026, 212, 'Arizona', 10, '2023-01-18 19:52:51'),
(8027, 212, 'Bagual', 10, '2023-01-18 19:52:51'),
(8028, 212, 'Balde', 10, '2023-01-18 19:52:51'),
(8029, 212, 'Batavia', 10, '2023-01-18 19:52:51'),
(8030, 212, 'Beazley', 10, '2023-01-18 19:52:51'),
(8031, 212, 'Buena Esperanza', 10, '2023-01-18 19:52:51'),
(8032, 212, 'Candelaria', 10, '2023-01-18 19:52:51'),
(8033, 212, 'Carolina', 10, '2023-01-18 19:52:51'),
(8034, 212, 'Carpintería', 10, '2023-01-18 19:52:51'),
(8035, 212, 'Concarán', 10, '2023-01-18 19:52:51'),
(8036, 212, 'Cortaderas', 10, '2023-01-18 19:52:51'),
(8037, 212, 'El Trapiche', 10, '2023-01-18 19:52:51'),
(8038, 212, 'El Volcán', 10, '2023-01-18 19:52:51'),
(8039, 212, 'Estancia Grande', 10, '2023-01-18 19:52:52'),
(8040, 212, 'Fortín El Patria', 10, '2023-01-18 19:52:52'),
(8041, 212, 'Fortuna', 10, '2023-01-18 19:52:52'),
(8042, 212, 'Fraga', 10, '2023-01-18 19:52:52'),
(8043, 212, 'Juana Koslay', 10, '2023-01-18 19:52:52'),
(8044, 212, 'Juan Jorba', 10, '2023-01-18 19:52:52'),
(8045, 212, 'Juan Llerena', 10, '2023-01-18 19:52:52'),
(8046, 212, 'Justo Daract', 10, '2023-01-18 19:52:52'),
(8047, 212, 'La Calera', 10, '2023-01-18 19:52:52'),
(8048, 212, 'Lafinur', 10, '2023-01-18 19:52:52'),
(8049, 212, 'La Florida', 10, '2023-01-18 19:52:52'),
(8050, 212, 'La Punilla', 10, '2023-01-18 19:52:52'),
(8051, 212, 'La Punta', 10, '2023-01-18 19:52:52'),
(8052, 212, 'Las Aguadas', 10, '2023-01-18 19:52:52'),
(8053, 212, 'Las Chacras', 10, '2023-01-18 19:52:52'),
(8054, 212, 'Las Lagunas', 10, '2023-01-18 19:52:52'),
(8055, 212, 'La Toma', 10, '2023-01-18 19:52:52'),
(8056, 212, 'Lavaisse', 10, '2023-01-18 19:52:52'),
(8057, 212, 'La Vertiente', 10, '2023-01-18 19:52:53'),
(8058, 212, 'Leandro N. Alem', 10, '2023-01-18 19:52:53'),
(8059, 212, 'Los Molles', 10, '2023-01-18 19:52:53'),
(8060, 212, 'Luján', 10, '2023-01-18 19:52:53'),
(8061, 212, 'Merlo', 10, '2023-01-18 19:52:53'),
(8062, 212, 'Naschel', 10, '2023-01-18 19:52:53'),
(8063, 212, 'Navia', 10, '2023-01-18 19:52:53'),
(8064, 212, 'Nogolí', 10, '2023-01-18 19:52:53'),
(8065, 212, 'Nueva Galia', 10, '2023-01-18 19:52:53'),
(8066, 212, 'Papagayos', 10, '2023-01-18 19:52:53'),
(8067, 212, 'Paso Grande', 10, '2023-01-18 19:52:53'),
(8068, 212, 'Potrero de los Funes', 10, '2023-01-18 19:52:53'),
(8069, 212, 'Quines', 10, '2023-01-18 19:52:53'),
(8070, 212, 'Renca', 10, '2023-01-18 19:52:53'),
(8071, 212, 'Saladillo', 10, '2023-01-18 19:52:53'),
(8072, 212, 'San Francisco del Monte de Oro', 10, '2023-01-18 19:52:54'),
(8073, 212, 'San Gerónimo', 10, '2023-01-18 19:52:54'),
(8074, 212, 'San José del Morro', 10, '2023-01-18 19:52:54'),
(8075, 212, 'San Luis', 10, '2023-01-18 19:52:54'),
(8076, 212, 'San Martín', 10, '2023-01-18 19:52:54'),
(8077, 212, 'San Pablo', 10, '2023-01-18 19:52:54'),
(8078, 212, 'Santa Rosa del Conlara', 10, '2023-01-18 19:52:54'),
(8079, 212, 'Talita', 10, '2023-01-18 19:52:54'),
(8080, 212, 'Tilisarao', 10, '2023-01-18 19:52:54'),
(8081, 212, 'Unión', 10, '2023-01-18 19:52:54'),
(8082, 212, 'Villa de la Quebrada', 10, '2023-01-18 19:52:54'),
(8083, 212, 'Villa del Carmen', 10, '2023-01-18 19:52:54'),
(8084, 212, 'Villa de Praga', 10, '2023-01-18 19:52:54'),
(8085, 212, 'Villa General Roca', 10, '2023-01-18 19:52:54'),
(8086, 212, 'Villa Larca', 10, '2023-01-18 19:52:54'),
(8087, 212, 'Villa Mercedes', 10, '2023-01-18 19:52:54'),
(8088, 212, 'Zanjitas', 10, '2023-01-18 19:52:55'),
(8089, 213, 'Rosario', 10, '2023-01-18 19:52:55'),
(8090, 213, 'Venado Tuerto', 10, '2023-01-18 19:52:55'),
(8091, 213, 'San Lorenzo', 10, '2023-01-18 19:52:55'),
(8092, 213, 'Cañada de Gómez', 10, '2023-01-18 19:52:55'),
(8093, 213, 'Funes', 10, '2023-01-18 19:52:55'),
(8094, 213, 'Vera', 10, '2023-01-18 19:52:55'),
(8095, 213, 'Rufino', 10, '2023-01-18 19:52:55'),
(8096, 213, 'Carcarañá', 10, '2023-01-18 19:52:55'),
(8097, 213, 'San Cristóbal', 10, '2023-01-18 19:52:55'),
(8098, 213, 'Puerto General San Martín', 10, '2023-01-18 19:52:55'),
(8099, 213, 'Santa Fe', 10, '2023-01-18 19:52:55'),
(8100, 213, 'Reconquista', 10, '2023-01-18 19:52:55'),
(8101, 213, 'Esperanza', 10, '2023-01-18 19:52:55'),
(8102, 213, 'Capitán Bermúdez', 10, '2023-01-18 19:52:55'),
(8103, 213, 'San Justo', 10, '2023-01-18 19:52:55'),
(8104, 213, 'Firmat', 10, '2023-01-18 19:52:55'),
(8105, 213, 'Coronda', 10, '2023-01-18 19:52:55'),
(8106, 213, 'Tostado', 10, '2023-01-18 19:52:56'),
(8107, 213, 'Roldán', 10, '2023-01-18 19:52:56'),
(8108, 213, 'Las Parejas', 10, '2023-01-18 19:52:56'),
(8109, 213, 'Rafaela', 10, '2023-01-18 19:52:56'),
(8110, 213, 'Santo Tomé', 10, '2023-01-18 19:52:56'),
(8111, 213, 'Granadero Baigorria', 10, '2023-01-18 19:52:56'),
(8112, 213, 'Pérez', 10, '2023-01-18 19:52:56'),
(8113, 213, 'Arroyo Seco', 10, '2023-01-18 19:52:56'),
(8114, 213, 'Gálvez', 10, '2023-01-18 19:52:56'),
(8115, 213, 'San Jorge', 10, '2023-01-18 19:52:56'),
(8116, 213, 'Fray Luis Beltrán', 10, '2023-01-18 19:52:56'),
(8117, 213, 'Recreo', 10, '2023-01-18 19:52:56'),
(8118, 213, 'Laguna Paiva', 10, '2023-01-18 19:52:56'),
(8119, 213, 'Villa Gobernador Gálvez', 10, '2023-01-18 19:52:56'),
(8120, 213, 'Villa Constitución', 10, '2023-01-18 19:52:56'),
(8121, 213, 'Casilda', 10, '2023-01-18 19:52:56'),
(8122, 213, 'Avellaneda', 10, '2023-01-18 19:52:56'),
(8123, 213, 'Sunchales', 10, '2023-01-18 19:52:57'),
(8124, 213, 'Villa Ocampo', 10, '2023-01-18 19:52:57'),
(8125, 213, 'San Javier', 10, '2023-01-18 19:52:57'),
(8126, 213, 'Ceres', 10, '2023-01-18 19:52:57'),
(8127, 213, 'Las Rosas', 10, '2023-01-18 19:52:57'),
(8128, 213, 'Las Toscas', 10, '2023-01-18 19:52:57'),
(8129, 214, 'Aviá Teraí', 10, '2023-01-18 19:52:57'),
(8130, 214, 'Barranqueras', 10, '2023-01-18 19:52:57'),
(8131, 214, 'Basail', 10, '2023-01-18 19:52:57'),
(8132, 214, 'Campo Largo', 10, '2023-01-18 19:52:57'),
(8133, 214, 'Capitán Solari', 10, '2023-01-18 19:52:57'),
(8134, 214, 'Charadai', 10, '2023-01-18 19:52:57'),
(8135, 214, 'Charata', 10, '2023-01-18 19:52:57'),
(8136, 214, 'Chorotis', 10, '2023-01-18 19:52:57'),
(8137, 214, 'Ciervo Petiso', 10, '2023-01-18 19:52:57'),
(8138, 214, 'Colonia Benítez', 10, '2023-01-18 19:52:57'),
(8139, 214, 'Colonia Elisa', 10, '2023-01-18 19:52:58'),
(8140, 214, 'Colonia Popular', 10, '2023-01-18 19:52:58'),
(8141, 214, 'Colonias Unidas', 10, '2023-01-18 19:52:58'),
(8142, 214, 'Concepción del Bermejo', 10, '2023-01-18 19:52:58'),
(8143, 214, 'Coronel Du Graty', 10, '2023-01-18 19:52:58'),
(8144, 214, 'Corzuela', 10, '2023-01-18 19:52:58'),
(8145, 214, 'Cote Lai', 10, '2023-01-18 19:52:58'),
(8146, 214, 'El Espinillo', 10, '2023-01-18 19:52:58'),
(8147, 214, 'El Sauzalito', 10, '2023-01-18 19:52:58'),
(8148, 214, 'Enrique Urién', 10, '2023-01-18 19:52:58'),
(8149, 214, 'Fontana', 10, '2023-01-18 19:52:58'),
(8150, 214, 'Fuerte Esperanza', 10, '2023-01-18 19:52:58'),
(8151, 214, 'Gancedo', 10, '2023-01-18 19:52:58'),
(8152, 214, 'General Capdevila', 10, '2023-01-18 19:52:58'),
(8153, 214, 'General José de San Martín', 10, '2023-01-18 19:52:58'),
(8154, 214, 'General Pinedo', 10, '2023-01-18 19:52:58'),
(8155, 214, 'General Vedia', 10, '2023-01-18 19:52:58'),
(8156, 214, 'Hermoso Campo', 10, '2023-01-18 19:52:58'),
(8157, 214, 'Isla del Cerrito', 10, '2023-01-18 19:52:59'),
(8158, 214, 'Juan José Castelli', 10, '2023-01-18 19:52:59'),
(8159, 214, 'La Clotilde', 10, '2023-01-18 19:52:59'),
(8160, 214, 'La Eduvigis', 10, '2023-01-18 19:52:59'),
(8161, 214, 'La Escondida', 10, '2023-01-18 19:52:59'),
(8162, 214, 'Laguna Blanca', 10, '2023-01-18 19:52:59'),
(8163, 214, 'Laguna Limpia', 10, '2023-01-18 19:52:59'),
(8164, 214, 'La Leonesa', 10, '2023-01-18 19:52:59'),
(8165, 214, 'Lapachito', 10, '2023-01-18 19:52:59'),
(8166, 214, 'Las Breñas', 10, '2023-01-18 19:52:59'),
(8167, 214, 'Las Garcitas', 10, '2023-01-18 19:52:59'),
(8168, 214, 'Las Palmas', 10, '2023-01-18 19:52:59'),
(8169, 214, 'La Tigra', 10, '2023-01-18 19:52:59'),
(8170, 214, 'La Verde', 10, '2023-01-18 19:53:00'),
(8171, 214, 'Los Frentones', 10, '2023-01-18 19:53:00'),
(8172, 214, 'Machagai', 10, '2023-01-18 19:53:00'),
(8173, 214, 'Makallé', 10, '2023-01-18 19:53:00'),
(8174, 214, 'Margarita Belén', 10, '2023-01-18 19:53:00'),
(8175, 214, 'Miraflores', 10, '2023-01-18 19:53:00'),
(8176, 214, 'Misión Nueva Pompeya', 10, '2023-01-18 19:53:00'),
(8177, 214, 'Pampa Almirón', 10, '2023-01-18 19:53:00'),
(8178, 214, 'Pampa del Indio', 10, '2023-01-18 19:53:00'),
(8179, 214, 'Pampa del Infierno', 10, '2023-01-18 19:53:01'),
(8180, 214, 'Presidencia de la Plaza', 10, '2023-01-18 19:53:01'),
(8181, 214, 'Presidencia Roca', 10, '2023-01-18 19:53:01'),
(8182, 214, 'Presidencia Roque Sáenz Peña', 10, '2023-01-18 19:53:01'),
(8183, 214, 'Puerto Bermejo', 10, '2023-01-18 19:53:01'),
(8184, 214, 'Puerto Eva Perón', 10, '2023-01-18 19:53:01'),
(8185, 214, 'Puerto Tirol', 10, '2023-01-18 19:53:01'),
(8186, 214, 'Puerto Vilelas', 10, '2023-01-18 19:53:01'),
(8187, 214, 'Napenay', 10, '2023-01-18 19:53:01'),
(8188, 214, 'Quitilipi', 10, '2023-01-18 19:53:01'),
(8189, 214, 'Resistencia', 10, '2023-01-18 19:53:01'),
(8190, 214, 'Samuhú', 10, '2023-01-18 19:53:02'),
(8191, 214, 'San Bernardo', 10, '2023-01-18 19:53:02'),
(8192, 214, 'Santa Sylvina', 10, '2023-01-18 19:53:02'),
(8193, 214, 'Taco Pozo', 10, '2023-01-18 19:53:02'),
(8194, 214, 'Tres Isletas', 10, '2023-01-18 19:53:02'),
(8195, 214, 'Villa Ángela', 10, '2023-01-18 19:53:02'),
(8196, 214, 'Villa Berthet', 10, '2023-01-18 19:53:02'),
(8197, 214, 'Villa Río Bermejito', 10, '2023-01-18 19:53:02'),
(8198, 215, 'Aguada Cecilio', 10, '2023-01-18 19:53:02'),
(8199, 215, 'Aguada de Guerra', 10, '2023-01-18 19:53:03'),
(8200, 215, 'Aguada Guzmán', 10, '2023-01-18 19:53:03'),
(8201, 215, 'Allen', 10, '2023-01-18 19:53:03'),
(8202, 215, 'Arroyo de La Ventana', 10, '2023-01-18 19:53:03'),
(8203, 215, 'Arroyo Los Berros', 10, '2023-01-18 19:53:03'),
(8204, 215, 'Campo Grande', 10, '2023-01-18 19:53:03'),
(8205, 215, 'Catriel', 10, '2023-01-18 19:53:03'),
(8206, 215, 'Cerro Policía', 10, '2023-01-18 19:53:03'),
(8207, 215, 'Cervantes', 10, '2023-01-18 19:53:03'),
(8208, 215, 'Chelforó', 10, '2023-01-18 19:53:03'),
(8209, 215, 'Chichinales', 10, '2023-01-18 19:53:03'),
(8210, 215, 'Chimpay', 10, '2023-01-18 19:53:03'),
(8211, 215, 'Chipauquil', 10, '2023-01-18 19:53:03'),
(8212, 215, 'Choele Choel', 10, '2023-01-18 19:53:03'),
(8213, 215, 'Cinco Saltos', 10, '2023-01-18 19:53:04'),
(8214, 215, 'Cipolletti', 10, '2023-01-18 19:53:04'),
(8215, 215, 'Clemente Onelli', 10, '2023-01-18 19:53:04'),
(8216, 215, 'Colán Conhue', 10, '2023-01-18 19:53:04'),
(8217, 215, 'Comallo', 10, '2023-01-18 19:53:04'),
(8218, 215, 'Comicó', 10, '2023-01-18 19:53:04'),
(8219, 215, 'Cona Niyeu', 10, '2023-01-18 19:53:04'),
(8220, 215, 'Contralmirante Cordero', 10, '2023-01-18 19:53:04'),
(8221, 215, 'Coronel Belisle', 10, '2023-01-18 19:53:04'),
(8222, 215, 'Cubanea', 10, '2023-01-18 19:53:04'),
(8223, 215, 'Darwin', 10, '2023-01-18 19:53:04'),
(8224, 215, 'Dina Huapi', 10, '2023-01-18 19:53:04'),
(8225, 215, 'El Bolsón', 10, '2023-01-18 19:53:04'),
(8226, 215, 'El Caín', 10, '2023-01-18 19:53:04'),
(8227, 215, 'El Cuy', 10, '2023-01-18 19:53:04'),
(8228, 215, 'El Manso', 10, '2023-01-18 19:53:05'),
(8229, 215, 'General Conesa', 10, '2023-01-18 19:53:05'),
(8230, 215, 'General Enrique Godoy', 10, '2023-01-18 19:53:05'),
(8231, 215, 'General Fernández Oro', 10, '2023-01-18 19:53:05'),
(8232, 215, 'General Roca', 10, '2023-01-18 19:53:05'),
(8233, 215, 'Guardia Mitre', 10, '2023-01-18 19:53:05'),
(8234, 215, 'Ingeniero Jacobacci', 10, '2023-01-18 19:53:05'),
(8235, 215, 'Ingeniero Luis A. Huergo', 10, '2023-01-18 19:53:05'),
(8236, 215, 'Laguna Blanca', 10, '2023-01-18 19:53:05'),
(8237, 215, 'Lamarque', 10, '2023-01-18 19:53:05'),
(8238, 215, 'Los Menucos', 10, '2023-01-18 19:53:05'),
(8239, 215, 'Luis Beltrán', 10, '2023-01-18 19:53:05'),
(8240, 215, 'Mainqué', 10, '2023-01-18 19:53:05'),
(8241, 215, 'Mamuel Choique', 10, '2023-01-18 19:53:05'),
(8242, 215, 'Maquinchao', 10, '2023-01-18 19:53:05'),
(8243, 215, 'Mencué', 10, '2023-01-18 19:53:06'),
(8244, 215, 'Ministro Ramos Mexía', 10, '2023-01-18 19:53:06'),
(8245, 215, 'Nahuel Niyeu', 10, '2023-01-18 19:53:06'),
(8246, 215, 'Naupa Huen', 10, '2023-01-18 19:53:06'),
(8247, 215, 'Ñorquincó', 10, '2023-01-18 19:53:06'),
(8248, 215, 'Ojos de Agua', 10, '2023-01-18 19:53:06'),
(8249, 215, 'Paso Flores', 10, '2023-01-18 19:53:06'),
(8250, 215, 'Peñas Blancas', 10, '2023-01-18 19:53:06'),
(8251, 215, 'Pichi Mahuida', 10, '2023-01-18 19:53:06'),
(8252, 215, 'Pilcaniyeu', 10, '2023-01-18 19:53:06'),
(8253, 215, 'Pilquiniyeu', 10, '2023-01-18 19:53:06'),
(8254, 215, 'Pilquiniyeu del Limay', 10, '2023-01-18 19:53:06'),
(8255, 215, 'Pomona', 10, '2023-01-18 19:53:06'),
(8256, 215, 'Prahuaniyeu', 10, '2023-01-18 19:53:06'),
(8257, 215, 'Rincón Treneta', 10, '2023-01-18 19:53:06'),
(8258, 215, 'Río Chico', 10, '2023-01-18 19:53:07'),
(8259, 215, 'Río Colorado', 10, '2023-01-18 19:53:07'),
(8260, 215, 'San Antonio Oeste', 10, '2023-01-18 19:53:07'),
(8261, 215, 'San Carlos de Bariloche', 10, '2023-01-18 19:53:07'),
(8262, 215, 'San Javier', 10, '2023-01-18 19:53:07'),
(8263, 215, 'Sierra Colorada', 10, '2023-01-18 19:53:07'),
(8264, 215, 'Sierra Grande', 10, '2023-01-18 19:53:07'),
(8265, 215, 'Sierra Pailemán', 10, '2023-01-18 19:53:07'),
(8266, 215, 'Valcheta', 10, '2023-01-18 19:53:07'),
(8267, 215, 'Valle Azul', 10, '2023-01-18 19:53:07'),
(8268, 215, 'Viedma', 10, '2023-01-18 19:53:07'),
(8269, 215, 'Villa Llanquín', 10, '2023-01-18 19:53:07'),
(8270, 215, 'Villa Mascardi', 10, '2023-01-18 19:53:08'),
(8271, 215, 'Villa Regina', 10, '2023-01-18 19:53:08'),
(8272, 215, 'Yaminué', 10, '2023-01-18 19:53:08'),
(8273, 216, 'General Alvear', 10, '2023-01-18 19:53:08'),
(8274, 216, 'Godoy Cruz', 10, '2023-01-18 19:53:08'),
(8275, 216, 'Guaymallén', 10, '2023-01-18 19:53:08'),
(8276, 216, 'Junín', 10, '2023-01-18 19:53:08'),
(8277, 216, 'La Paz', 10, '2023-01-18 19:53:08'),
(8278, 216, 'Las Heras', 10, '2023-01-18 19:53:08'),
(8279, 216, 'Lavalle', 10, '2023-01-18 19:53:08'),
(8280, 216, 'Luján de Cuyo', 10, '2023-01-18 19:53:08'),
(8281, 216, 'Maipú', 10, '2023-01-18 19:53:08'),
(8282, 216, 'Malargüe', 10, '2023-01-18 19:53:08'),
(8283, 216, 'Mendoza', 10, '2023-01-18 19:53:08'),
(8284, 216, 'Rivadavia', 10, '2023-01-18 19:53:09'),
(8285, 216, 'San Carlos', 10, '2023-01-18 19:53:09'),
(8286, 216, 'San Martín', 10, '2023-01-18 19:53:09'),
(8287, 216, 'San Rafael', 10, '2023-01-18 19:53:09'),
(8288, 216, 'Santa Rosa', 10, '2023-01-18 19:53:09'),
(8289, 216, 'Tunuyán', 10, '2023-01-18 19:53:09'),
(8290, 216, 'Tupungato', 10, '2023-01-18 19:53:09'),
(8291, 217, 'Banco Payaguá', 10, '2023-01-18 19:53:09'),
(8292, 217, 'Bartolomé de las Casas', 10, '2023-01-18 19:53:09'),
(8293, 217, 'Buena Vista', 10, '2023-01-18 19:53:09'),
(8294, 217, 'Clorinda', 10, '2023-01-18 19:53:09'),
(8295, 217, 'Colonia Pastoril', 10, '2023-01-18 19:53:09'),
(8296, 217, 'Colonia Sarmiento', 10, '2023-01-18 19:53:09'),
(8297, 217, 'Comandante Fontana', 10, '2023-01-18 19:53:09'),
(8298, 217, 'El Colorado', 10, '2023-01-18 19:53:09'),
(8299, 217, 'El Espinillo', 10, '2023-01-18 19:53:09'),
(8300, 217, 'El Potrillo', 10, '2023-01-18 19:53:09'),
(8301, 217, 'El Recreo', 10, '2023-01-18 19:53:10'),
(8302, 217, 'Estanislao del Campo', 10, '2023-01-18 19:53:10'),
(8303, 217, 'Formosa', 10, '2023-01-18 19:53:10'),
(8304, 217, 'Fortín Lugones', 10, '2023-01-18 19:53:10'),
(8305, 217, 'Fortín Sargento 1º Leyes', 10, '2023-01-18 19:53:10'),
(8306, 217, 'General Lucio V. Mansilla', 10, '2023-01-18 19:53:10'),
(8307, 217, 'General Manuel Belgrano', 10, '2023-01-18 19:53:10'),
(8308, 217, 'General Mosconi', 10, '2023-01-18 19:53:10'),
(8309, 217, 'Gran Guardia', 10, '2023-01-18 19:53:10'),
(8310, 217, 'Herradura', 10, '2023-01-18 19:53:10'),
(8311, 217, 'Ibarreta', 10, '2023-01-18 19:53:10'),
(8312, 217, 'Ingeniero Juárez', 10, '2023-01-18 19:53:10'),
(8313, 217, 'Juan G. Bazán', 10, '2023-01-18 19:53:10'),
(8314, 217, 'Laguna Blanca', 10, '2023-01-18 19:53:10'),
(8315, 217, 'Laguna Gallo', 10, '2023-01-18 19:53:10'),
(8316, 217, 'Laguna Naineck', 10, '2023-01-18 19:53:10'),
(8317, 217, 'Laguna Yema', 10, '2023-01-18 19:53:11'),
(8318, 217, 'Las Lomitas', 10, '2023-01-18 19:53:11'),
(8319, 217, 'Los Chiriguanos', 10, '2023-01-18 19:53:11'),
(8320, 217, 'Mariano Boedo', 10, '2023-01-18 19:53:11'),
(8321, 217, 'Mayor Vicente Villafañe', 10, '2023-01-18 19:53:11'),
(8322, 217, 'Misión San Francisco de Laishi', 10, '2023-01-18 19:53:11'),
(8323, 217, 'Misión Tacaaglé', 10, '2023-01-18 19:53:11'),
(8324, 217, 'Mojón de Fierro', 10, '2023-01-18 19:53:11'),
(8325, 217, 'Palma Sola', 10, '2023-01-18 19:53:11'),
(8326, 217, 'Palo Santo', 10, '2023-01-18 19:53:11'),
(8327, 217, 'Pirané', 10, '2023-01-18 19:53:11'),
(8328, 217, 'Portón Negro', 10, '2023-01-18 19:53:11'),
(8329, 217, 'Posta Cambio Zalazar', 10, '2023-01-18 19:53:11'),
(8330, 217, 'Pozo del Mortero', 10, '2023-01-18 19:53:11'),
(8331, 217, 'Pozo del Tigre', 10, '2023-01-18 19:53:12'),
(8332, 217, 'Pozo de Maza', 10, '2023-01-18 19:53:12'),
(8333, 217, 'Riacho He-Hé', 10, '2023-01-18 19:53:12'),
(8334, 217, 'Riacho Negro', 10, '2023-01-18 19:53:12'),
(8335, 217, 'San Hilario', 10, '2023-01-18 19:53:12'),
(8336, 217, 'San Martín I', 10, '2023-01-18 19:53:12'),
(8337, 217, 'San Martín II', 10, '2023-01-18 19:53:12'),
(8338, 217, 'Siete Palmas', 10, '2023-01-18 19:53:12'),
(8339, 217, 'Subteniente Perín', 10, '2023-01-18 19:53:12'),
(8340, 217, 'Tatané', 10, '2023-01-18 19:53:12'),
(8341, 217, 'Tres Lagunas', 10, '2023-01-18 19:53:12'),
(8342, 217, 'Villa del Carmen', 10, '2023-01-18 19:53:12'),
(8343, 217, 'Villa Dos Trece', 10, '2023-01-18 19:53:12'),
(8344, 217, 'Villa Escolar', 10, '2023-01-18 19:53:12'),
(8345, 217, 'Villa General Güemes', 10, '2023-01-18 19:53:13'),
(8346, 218, 'Alvear', 10, '2023-01-18 19:53:13'),
(8347, 218, 'Bella Vista', 10, '2023-01-18 19:53:13'),
(8348, 218, 'Berón de Astrada', 10, '2023-01-18 19:53:13'),
(8349, 218, 'Bonpland', 10, '2023-01-18 19:53:13'),
(8350, 218, 'Caá Catí', 10, '2023-01-18 19:53:13'),
(8351, 218, 'Chavarría', 10, '2023-01-18 19:53:13'),
(8352, 218, 'Colonia Carlos Pellegrini', 10, '2023-01-18 19:53:13'),
(8353, 218, 'Colonia Carolina', 10, '2023-01-18 19:53:13'),
(8354, 218, 'Colonia Libertad', 10, '2023-01-18 19:53:14'),
(8355, 218, 'Colonia Liebigs', 10, '2023-01-18 19:53:14'),
(8356, 218, 'Colonia Pando', 10, '2023-01-18 19:53:14'),
(8357, 218, 'Colonia Santa Rosa', 10, '2023-01-18 19:53:14'),
(8358, 218, 'Concepción', 10, '2023-01-18 19:53:14'),
(8359, 218, 'Corrientes', 10, '2023-01-18 19:53:14'),
(8360, 218, 'Cruz de los Milagros', 10, '2023-01-18 19:53:14'),
(8361, 218, 'Curuzú Cuatiá', 10, '2023-01-18 19:53:14'),
(8362, 218, 'Empedrado', 10, '2023-01-18 19:53:14'),
(8363, 218, 'Esquina', 10, '2023-01-18 19:53:14'),
(8364, 218, 'Estación Torrent', 10, '2023-01-18 19:53:14'),
(8365, 218, 'Felipe Yofre', 10, '2023-01-18 19:53:14'),
(8366, 218, 'Garruchos', 10, '2023-01-18 19:53:14'),
(8367, 218, 'Goya', 10, '2023-01-18 19:53:14'),
(8368, 218, 'Guaviraví', 10, '2023-01-18 19:53:14'),
(8369, 218, 'Herlitzka', 10, '2023-01-18 19:53:14'),
(8370, 218, 'Itá Ibaté', 10, '2023-01-18 19:53:14'),
(8371, 218, 'Itatí', 10, '2023-01-18 19:53:14'),
(8372, 218, 'Ituzaingó', 10, '2023-01-18 19:53:15'),
(8373, 218, 'José Rafael Gómez', 10, '2023-01-18 19:53:15'),
(8374, 218, 'Juan Pujol', 10, '2023-01-18 19:53:15'),
(8375, 218, 'La Cruz', 10, '2023-01-18 19:53:15'),
(8376, 218, 'Lavalle', 10, '2023-01-18 19:53:15'),
(8377, 218, 'Lomas de Vallejos', 10, '2023-01-18 19:53:15'),
(8378, 218, 'Loreto', 10, '2023-01-18 19:53:15'),
(8379, 218, 'Mariano I. Loza', 10, '2023-01-18 19:53:15'),
(8380, 218, 'Mburucuyá', 10, '2023-01-18 19:53:15'),
(8381, 218, 'Mercedes', 10, '2023-01-18 19:53:15'),
(8382, 218, 'Mocoretá', 10, '2023-01-18 19:53:15'),
(8383, 218, 'Monte Caseros', 10, '2023-01-18 19:53:15'),
(8384, 218, 'Nueve de Julio', 10, '2023-01-18 19:53:15'),
(8385, 218, 'Palmar Grande', 10, '2023-01-18 19:53:15'),
(8386, 218, 'Parada Pucheta', 10, '2023-01-18 19:53:15'),
(8387, 218, 'Paso de la Patria', 10, '2023-01-18 19:53:15'),
(8388, 218, 'Paso de los Libres', 10, '2023-01-18 19:53:15'),
(8389, 218, 'Pedro R. Fernández', 10, '2023-01-18 19:53:15'),
(8390, 218, 'Perugorría', 10, '2023-01-18 19:53:16'),
(8391, 218, 'Pueblo Libertador', 10, '2023-01-18 19:53:16'),
(8392, 218, 'Ramada Paso', 10, '2023-01-18 19:53:16'),
(8393, 218, 'Riachuelo', 10, '2023-01-18 19:53:16'),
(8394, 218, 'Saladas', 10, '2023-01-18 19:53:16'),
(8395, 218, 'San Antonio de Apipé', 10, '2023-01-18 19:53:16'),
(8396, 218, 'San Carlos', 10, '2023-01-18 19:53:16'),
(8397, 218, 'San Cosme', 10, '2023-01-18 19:53:16'),
(8398, 218, 'San Lorenzo', 10, '2023-01-18 19:53:16'),
(8399, 218, 'San Luis del Palmar', 10, '2023-01-18 19:53:16'),
(8400, 218, 'San Miguel', 10, '2023-01-18 19:53:16'),
(8401, 218, 'San Roque', 10, '2023-01-18 19:53:16'),
(8402, 218, 'Santa Ana de los Guácaras', 10, '2023-01-18 19:53:16'),
(8403, 218, 'Santa Lucía', 10, '2023-01-18 19:53:16'),
(8404, 218, 'Santo Tomé', 10, '2023-01-18 19:53:16'),
(8405, 218, 'Sauce', 10, '2023-01-18 19:53:16'),
(8406, 218, 'Tabay', 10, '2023-01-18 19:53:16'),
(8407, 218, 'Tapebicuá', 10, '2023-01-18 19:53:16'),
(8408, 218, 'Tatacuá', 10, '2023-01-18 19:53:16'),
(8409, 218, 'Villa Olivari', 10, '2023-01-18 19:53:17'),
(8410, 218, 'Yapeyú', 10, '2023-01-18 19:53:17'),
(8411, 218, 'Yataytí Calle', 10, '2023-01-18 19:53:17'),
(8412, 219, 'Caleta Olivia', 10, '2023-01-18 19:53:17'),
(8413, 219, 'Cañadón Seco', 10, '2023-01-18 19:53:17'),
(8414, 219, 'El Calafate', 10, '2023-01-18 19:53:17'),
(8415, 219, 'El Chaltén', 10, '2023-01-18 19:53:17'),
(8416, 219, 'Hipólito Yrigoyen', 10, '2023-01-18 19:53:17'),
(8417, 219, 'Jaramillo', 10, '2023-01-18 19:53:17'),
(8418, 219, 'Koluel Kayke', 10, '2023-01-18 19:53:17'),
(8419, 219, 'Las Heras', 10, '2023-01-18 19:53:17'),
(8420, 219, 'Los Antiguos', 10, '2023-01-18 19:53:17'),
(8421, 219, 'Perito Moreno', 10, '2023-01-18 19:53:17'),
(8422, 219, 'Pico Truncado', 10, '2023-01-18 19:53:17'),
(8423, 219, 'Puerto Deseado', 10, '2023-01-18 19:53:17'),
(8424, 219, 'Puerto San Julián', 10, '2023-01-18 19:53:17'),
(8425, 219, 'Puerto Santa Cruz', 10, '2023-01-18 19:53:17'),
(8426, 219, 'Río Gallegos', 10, '2023-01-18 19:53:17'),
(8427, 219, 'Río Turbio', 10, '2023-01-18 19:53:18'),
(8428, 219, 'Tres Lagos', 10, '2023-01-18 19:53:18'),
(8429, 219, 'Veintiocho de Noviembre', 10, '2023-01-18 19:53:18'),
(8430, 220, 'Paraná', 10, '2023-01-18 19:53:18'),
(8431, 220, 'Gualeguay', 10, '2023-01-18 19:53:18'),
(8432, 220, 'La Paz', 10, '2023-01-18 19:53:18'),
(8433, 220, 'Diamante', 10, '2023-01-18 19:53:18'),
(8434, 220, 'Federación', 10, '2023-01-18 19:53:18'),
(8435, 220, 'Villa Elisa', 10, '2023-01-18 19:53:18'),
(8436, 220, 'General Ramírez', 10, '2023-01-18 19:53:18'),
(8437, 220, 'Puerto Ibicuy', 10, '2023-01-18 19:53:18'),
(8438, 220, 'Villa Hernandarias', 10, '2023-01-18 19:53:18'),
(8439, 220, 'Lucas González', 10, '2023-01-18 19:53:18'),
(8440, 220, 'Concordia', 10, '2023-01-18 19:53:18'),
(8441, 220, 'Chajarí', 10, '2023-01-18 19:53:18'),
(8442, 220, 'Colón', 10, '2023-01-18 19:53:18'),
(8443, 220, 'San José', 10, '2023-01-18 19:53:18'),
(8444, 220, 'Rosario del Tala', 10, '2023-01-18 19:53:18'),
(8445, 220, 'Basavilbaso', 10, '2023-01-18 19:53:18'),
(8446, 220, 'Urdinarrain', 10, '2023-01-18 19:53:18'),
(8447, 220, 'Libertador San Martín', 10, '2023-01-18 19:53:18'),
(8448, 220, 'Cerrito', 10, '2023-01-18 19:53:18'),
(8449, 220, 'San Jaime de la Frontera', 10, '2023-01-18 19:53:19'),
(8450, 220, 'Gualeguaychú', 10, '2023-01-18 19:53:19'),
(8451, 220, 'Villaguay', 10, '2023-01-18 19:53:19'),
(8452, 220, 'Nogoyá', 10, '2023-01-18 19:53:19'),
(8453, 220, 'Federal', 10, '2023-01-18 19:53:19'),
(8454, 220, 'San Salvador', 10, '2023-01-18 19:53:19'),
(8455, 220, 'Viale', 10, '2023-01-18 19:53:19'),
(8456, 220, 'Bovril', 10, '2023-01-18 19:53:19'),
(8457, 220, 'Larroque', 10, '2023-01-18 19:53:19'),
(8458, 220, 'Hasenkamp', 10, '2023-01-18 19:53:19'),
(8459, 220, 'Oro Verde', 10, '2023-01-18 19:53:19'),
(8460, 220, 'Concepción del Uruguay', 10, '2023-01-18 19:53:19'),
(8461, 220, 'Victoria', 10, '2023-01-18 19:53:19'),
(8462, 220, 'Crespo', 10, '2023-01-18 19:53:19'),
(8463, 220, 'Santa Elena', 10, '2023-01-18 19:53:19'),
(8464, 220, 'San José de Feliciano', 10, '2023-01-18 19:53:19'),
(8465, 220, 'San Benito', 10, '2023-01-18 19:53:19'),
(8466, 220, 'María Grande', 10, '2023-01-18 19:53:20'),
(8467, 220, 'Maciá', 10, '2023-01-18 19:53:20'),
(8468, 220, 'General Galarza', 10, '2023-01-18 19:53:20'),
(8469, 220, 'Villa Paranacito', 10, '2023-01-18 19:53:20'),
(8470, 221, 'Alba Posse', 10, '2023-01-18 19:53:20'),
(8471, 221, 'Almafuerte', 10, '2023-01-18 19:53:20'),
(8472, 221, 'Apóstoles', 10, '2023-01-18 19:53:20'),
(8473, 221, 'Aristóbulo del Valle', 10, '2023-01-18 19:53:20'),
(8474, 221, 'Arroyo del Medio', 10, '2023-01-18 19:53:20'),
(8475, 221, 'Azara', 10, '2023-01-18 19:53:20'),
(8476, 221, 'Bernardo de Irigoyen', 10, '2023-01-18 19:53:20'),
(8477, 221, 'Bonpland', 10, '2023-01-18 19:53:20'),
(8478, 221, 'Caá Yarí', 10, '2023-01-18 19:53:20'),
(8479, 221, 'Campo Grande', 10, '2023-01-18 19:53:20'),
(8480, 221, 'Campo Ramón', 10, '2023-01-18 19:53:20'),
(8481, 221, 'Campo Viera', 10, '2023-01-18 19:53:20'),
(8482, 221, 'Candelaria', 10, '2023-01-18 19:53:21'),
(8483, 221, 'Capioví', 10, '2023-01-18 19:53:21'),
(8484, 221, 'Caraguatay', 10, '2023-01-18 19:53:21'),
(8485, 221, 'Cerro Azul', 10, '2023-01-18 19:53:21'),
(8486, 221, 'Cerro Corá', 10, '2023-01-18 19:53:21'),
(8487, 221, 'Colonia Alberdi', 10, '2023-01-18 19:53:21'),
(8488, 221, 'Colonia Aurora', 10, '2023-01-18 19:53:21'),
(8489, 221, 'Colonia Delicia', 10, '2023-01-18 19:53:21'),
(8490, 221, 'Colonia Polana', 10, '2023-01-18 19:53:21'),
(8491, 221, 'Colonia Victoria', 10, '2023-01-18 19:53:21'),
(8492, 221, 'Colonia Wanda', 10, '2023-01-18 19:53:21'),
(8493, 221, 'Comandante Andresito', 10, '2023-01-18 19:53:21'),
(8494, 221, 'Concepción de la Sierra', 10, '2023-01-18 19:53:21'),
(8495, 221, 'Corpus', 10, '2023-01-18 19:53:21'),
(8496, 221, 'Dos Arroyos', 10, '2023-01-18 19:53:21'),
(8497, 221, 'Dos de Mayo', 10, '2023-01-18 19:53:21'),
(8498, 221, 'El Alcázar', 10, '2023-01-18 19:53:21'),
(8499, 221, 'Eldorado', 10, '2023-01-18 19:53:22'),
(8500, 221, 'El Soberbio', 10, '2023-01-18 19:53:22'),
(8501, 221, 'Esperanza', 10, '2023-01-18 19:53:22'),
(8502, 221, 'Fachinal', 10, '2023-01-18 19:53:22'),
(8503, 221, 'Florentino Ameghino', 10, '2023-01-18 19:53:22'),
(8504, 221, 'Garuhapé', 10, '2023-01-18 19:53:22'),
(8505, 221, 'Garupá', 10, '2023-01-18 19:53:22'),
(8506, 221, 'General Alvear', 10, '2023-01-18 19:53:22'),
(8507, 221, 'General Urquiza', 10, '2023-01-18 19:53:22'),
(8508, 221, 'Gobernador López', 10, '2023-01-18 19:53:22'),
(8509, 221, 'Gobernador Roca', 10, '2023-01-18 19:53:22'),
(8510, 221, 'Guaraní', 10, '2023-01-18 19:53:22'),
(8511, 221, 'Hipólito Yrigoyen', 10, '2023-01-18 19:53:22'),
(8512, 221, 'Itacaruaré', 10, '2023-01-18 19:53:22'),
(8513, 221, 'Jardín América', 10, '2023-01-18 19:53:22'),
(8514, 221, 'Leandro N. Alem', 10, '2023-01-18 19:53:22'),
(8515, 221, 'Loreto', 10, '2023-01-18 19:53:22'),
(8516, 221, 'Los Helechos', 10, '2023-01-18 19:53:22'),
(8517, 221, 'Mártires', 10, '2023-01-18 19:53:22'),
(8518, 221, 'Mojón Grande', 10, '2023-01-18 19:53:23'),
(8519, 221, 'Montecarlo', 10, '2023-01-18 19:53:23'),
(8520, 221, 'Nueve de Julio', 10, '2023-01-18 19:53:23'),
(8521, 221, 'Oberá', 10, '2023-01-18 19:53:23'),
(8522, 221, 'Olegario Víctor Andrade', 10, '2023-01-18 19:53:23'),
(8523, 221, 'Panambí', 10, '2023-01-18 19:53:23'),
(8524, 221, 'Posadas', 10, '2023-01-18 19:53:23'),
(8525, 221, 'Profundidad', 10, '2023-01-18 19:53:23'),
(8526, 221, 'Puerto Iguazú', 10, '2023-01-18 19:53:23'),
(8527, 221, 'Puerto Leoni', 10, '2023-01-18 19:53:23'),
(8528, 221, 'Puerto Libertad', 10, '2023-01-18 19:53:23'),
(8529, 221, 'Puerto Piray', 10, '2023-01-18 19:53:23'),
(8530, 221, 'Puerto Rico', 10, '2023-01-18 19:53:23'),
(8531, 221, 'Ruiz de Montoya', 10, '2023-01-18 19:53:23'),
(8532, 221, 'San Antonio', 10, '2023-01-18 19:53:23'),
(8533, 221, 'San Ignacio', 10, '2023-01-18 19:53:23'),
(8534, 221, 'San Javier', 10, '2023-01-18 19:53:23'),
(8535, 221, 'San José', 10, '2023-01-18 19:53:24'),
(8536, 221, 'San Martín', 10, '2023-01-18 19:53:24'),
(8537, 221, 'San Pedro', 10, '2023-01-18 19:53:24'),
(8538, 221, 'Santa Ana', 10, '2023-01-18 19:53:24'),
(8539, 221, 'Santa María', 10, '2023-01-18 19:53:24'),
(8540, 221, 'Santiago de Liniers', 10, '2023-01-18 19:53:24'),
(8541, 221, 'Santo Pipó', 10, '2023-01-18 19:53:24'),
(8542, 221, 'San Vicente', 10, '2023-01-18 19:53:24'),
(8543, 221, 'Tres Capones', 10, '2023-01-18 19:53:24'),
(8544, 221, 'Veinticinco de Mayo', 10, '2023-01-18 19:53:24'),
(8545, 222, 'Aguaray', 10, '2023-01-18 19:53:24'),
(8546, 222, 'Angastaco', 10, '2023-01-18 19:53:24'),
(8547, 222, 'Animaná', 10, '2023-01-18 19:53:24'),
(8548, 222, 'Apolinario Saravia', 10, '2023-01-18 19:53:24'),
(8549, 222, 'Cachi', 10, '2023-01-18 19:53:24'),
(8550, 222, 'Cafayate', 10, '2023-01-18 19:53:24'),
(8551, 222, 'Campo Quijano', 10, '2023-01-18 19:53:24'),
(8552, 222, 'Campo Santo', 10, '2023-01-18 19:53:24'),
(8553, 222, 'Cerrillos', 10, '2023-01-18 19:53:24'),
(8554, 222, 'Chicoana', 10, '2023-01-18 19:53:24'),
(8555, 222, 'Colonia Santa Rosa', 10, '2023-01-18 19:53:24'),
(8556, 222, 'Coronel Moldes', 10, '2023-01-18 19:53:24'),
(8557, 222, 'El Bordo', 10, '2023-01-18 19:53:25'),
(8558, 222, 'El Carril', 10, '2023-01-18 19:53:25'),
(8559, 222, 'El Galpón', 10, '2023-01-18 19:53:25'),
(8560, 222, 'El Jardín', 10, '2023-01-18 19:53:25'),
(8561, 222, 'El Potrero', 10, '2023-01-18 19:53:25'),
(8562, 222, 'El Quebrachal', 10, '2023-01-18 19:53:25'),
(8563, 222, 'El Tala', 10, '2023-01-18 19:53:25'),
(8564, 222, 'Embarcación', 10, '2023-01-18 19:53:25'),
(8565, 222, 'General Ballivián', 10, '2023-01-18 19:53:25'),
(8566, 222, 'General Güemes', 10, '2023-01-18 19:53:25'),
(8567, 222, 'General Mosconi', 10, '2023-01-18 19:53:25'),
(8568, 222, 'General Pizarro', 10, '2023-01-18 19:53:25'),
(8569, 222, 'Guachipas', 10, '2023-01-18 19:53:25'),
(8570, 222, 'Hipólito Yrigoyen', 10, '2023-01-18 19:53:25'),
(8571, 222, 'Iruya', 10, '2023-01-18 19:53:25'),
(8572, 222, 'Isla de Cañas', 10, '2023-01-18 19:53:25'),
(8573, 222, 'Joaquín V. González', 10, '2023-01-18 19:53:25'),
(8574, 222, 'La Caldera', 10, '2023-01-18 19:53:25'),
(8575, 222, 'La Candelaria', 10, '2023-01-18 19:53:25'),
(8576, 222, 'La Merced', 10, '2023-01-18 19:53:25'),
(8577, 222, 'La Poma', 10, '2023-01-18 19:53:26'),
(8578, 222, 'Las Lajitas', 10, '2023-01-18 19:53:26'),
(8579, 222, 'La Viña', 10, '2023-01-18 19:53:26'),
(8580, 222, 'Los Toldos', 10, '2023-01-18 19:53:26'),
(8581, 222, 'Molinos', 10, '2023-01-18 19:53:26'),
(8582, 222, 'Nazareno', 10, '2023-01-18 19:53:26'),
(8583, 222, 'Payogasta', 10, '2023-01-18 19:53:26'),
(8584, 222, 'Pichanal', 10, '2023-01-18 19:53:26'),
(8585, 222, 'Profesor Salvador Mazza', 10, '2023-01-18 19:53:26'),
(8586, 222, 'Río Piedras', 10, '2023-01-18 19:53:26'),
(8587, 222, 'Rivadavia Banda Norte', 10, '2023-01-18 19:53:26'),
(8588, 222, 'Rivadavia Banda Sur', 10, '2023-01-18 19:53:26'),
(8589, 222, 'Rosario de la Frontera', 10, '2023-01-18 19:53:26'),
(8590, 222, 'Rosario de Lerma', 10, '2023-01-18 19:53:26'),
(8591, 222, 'Salta', 10, '2023-01-18 19:53:26'),
(8592, 222, 'San Antonio de los Cobres', 10, '2023-01-18 19:53:27'),
(8593, 222, 'San Carlos', 10, '2023-01-18 19:53:27'),
(8594, 222, 'San José de Metán', 10, '2023-01-18 19:53:27'),
(8595, 222, 'San Ramón de la Nueva Orán', 10, '2023-01-18 19:53:27'),
(8596, 222, 'Santa Victoria Este', 10, '2023-01-18 19:53:27'),
(8597, 222, 'Santa Victoria Oeste', 10, '2023-01-18 19:53:27'),
(8598, 222, 'Seclantás', 10, '2023-01-18 19:53:27'),
(8599, 222, 'Tartagal', 10, '2023-01-18 19:53:27'),
(8600, 222, 'Tolar Grande', 10, '2023-01-18 19:53:27'),
(8601, 222, 'Urundel', 10, '2023-01-18 19:53:27'),
(8602, 222, 'Vaqueros', 10, '2023-01-18 19:53:27'),
(8603, 222, 'Villa San Lorenzo', 10, '2023-01-18 19:53:27'),
(8604, 223, 'Santiago del Estero', 10, '2023-01-18 19:53:27'),
(8605, 223, 'Añatuya', 10, '2023-01-18 19:53:27'),
(8606, 223, 'Loreto', 10, '2023-01-18 19:53:27'),
(8607, 223, 'Bandera', 10, '2023-01-18 19:53:27'),
(8608, 223, 'Ingeniero Forres', 10, '2023-01-18 19:53:28'),
(8609, 223, 'Colonia El Simbolar', 10, '2023-01-18 19:53:28'),
(8610, 223, 'Villa Atamisqui', 10, '2023-01-18 19:53:28'),
(8611, 223, 'Los Telares', 10, '2023-01-18 19:53:28'),
(8612, 223, 'San Pedro de Guasayán', 10, '2023-01-18 19:53:28'),
(8613, 223, 'Laprida', 10, '2023-01-18 19:53:28'),
(8614, 223, 'La Banda', 10, '2023-01-18 19:53:28'),
(8615, 223, 'Quimilí', 10, '2023-01-18 19:53:28'),
(8616, 223, 'Clodomira', 10, '2023-01-18 19:53:28'),
(8617, 223, 'Beltrán', 10, '2023-01-18 19:53:28'),
(8618, 223, 'Nueva Esperanza', 10, '2023-01-18 19:53:28'),
(8619, 223, 'Los Juríes', 10, '2023-01-18 19:53:28'),
(8620, 223, 'Pozo Hondo', 10, '2023-01-18 19:53:28'),
(8621, 223, 'Sol de Julio', 10, '2023-01-18 19:53:28'),
(8622, 223, 'Icaño', 10, '2023-01-18 19:53:28'),
(8623, 223, 'Weisburd', 10, '2023-01-18 19:53:28'),
(8624, 223, 'Termas de Río Hondo', 10, '2023-01-18 19:53:28'),
(8625, 223, 'Fernández', 10, '2023-01-18 19:53:28'),
(8626, 223, 'Suncho Corral', 10, '2023-01-18 19:53:29'),
(8627, 223, 'Campo Gallo', 10, '2023-01-18 19:53:29'),
(8628, 223, 'Pinto', 10, '2023-01-18 19:53:29'),
(8629, 223, 'Tintina', 10, '2023-01-18 19:53:29'),
(8630, 223, 'Selva', 10, '2023-01-18 19:53:29'),
(8631, 223, 'Estación Simbolar', 10, '2023-01-18 19:53:29'),
(8632, 223, 'Herrera', 10, '2023-01-18 19:53:29'),
(8633, 223, 'Los Pirpintos', 10, '2023-01-18 19:53:29'),
(8634, 223, 'Frías', 10, '2023-01-18 19:53:29'),
(8635, 223, 'Monte Quemado', 10, '2023-01-18 19:53:29'),
(8636, 223, 'Villa Ojo de Agua', 10, '2023-01-18 19:53:29'),
(8637, 223, 'Sumampa', 10, '2023-01-18 19:53:29'),
(8638, 223, 'Pampa de los Guanacos', 10, '2023-01-18 19:53:29'),
(8639, 223, 'Colonia Dora', 10, '2023-01-18 19:53:29'),
(8640, 223, 'Garza', 10, '2023-01-18 19:53:29'),
(8641, 223, 'Sacháyoj', 10, '2023-01-18 19:53:29'),
(8642, 223, 'Brea Pozo', 10, '2023-01-18 19:53:29'),
(8643, 223, 'Vilelas', 10, '2023-01-18 19:53:29');

--
-- Volcado de datos para la tabla `radiEstadosAnulacion`
--

INSERT INTO `radiEstadosAnulacion` (`idRadiEstadoAnulacion`, `nombreRadiEstadoAnulacion`, `estadoRadiEstadosAnulacion`, `creacionRadiEstadosAnulacion`) VALUES
(1, 'Rechazo de anulación', 10, '2020-04-29 00:00:00'),
(2, 'Solicitud de anulación', 10, '2020-04-29 00:00:00'),
(3, 'Aceptación de anulación', 10, '2020-04-29 00:00:00');

--
-- Volcado de datos para la tabla `roles`
--

INSERT INTO `roles` (`idRol`, `nombreRol`, `estadoRol`, `creacionRol`, `idRolNivelBusqueda`) VALUES
(1, 'Administrador del Sistema', 10, '2020-03-16 00:00:00', 1),
(2, 'Administrador de Gestión Documental', 10, '2020-03-16 00:00:00', 1),
(3, 'Ventanilla de Radicación', 10, '2020-03-16 00:00:00', 1),
(4, 'Usuario Funcional', 10, '2020-05-12 00:00:00', 3),
(6, 'Usuario Externo', 10, '2020-05-28 00:00:00', 3);

--
-- Volcado de datos para la tabla `rolesModulosOperaciones`
--

INSERT INTO `rolesModulosOperaciones` (`idRolModuloOperacion`, `nombreRolModuloOperacion`, `classRolModuloOperacion`, `rutaRolModuloOperacion`, `ordenModuloOperacion`, `estadoRolModuloOperacion`, `creacionModuloOperaciones`) VALUES
(1, 'Gestión de usuarios', 'person_outline', 'users', 2, 10, '2020-03-16 00:00:00'),
(2, 'Gestión de mi cuenta', 'person', 'customers', 1, 10, '2020-03-16 00:00:00'),
(3, 'Configuración', 'build', 'setting', 3, 10, '2020-03-16 00:00:00'),
(4, 'Gestión documental', 'developer_board', 'documentManagement', 4, 10, '2020-03-19 00:00:00'),
(5, 'Radicación', 'assignment', 'filing', 5, 10, '2020-03-26 00:00:00'),
(6, 'Gestión correspondencia', 'library_add', 'correspondenceManagement', 6, 10, '2020-04-26 00:00:00'),
(7, 'Auditoría', 'timer', 'audit', 99, 10, '2020-05-06 00:00:00'),
(8, 'Gestión de archivo', 'batch_prediction', 'archiveManagement', 7, 10, '2020-06-18 00:00:00'),
(9, 'Préstamos documentales', 'preview', 'documentaryLoans', 8, 10, '2020-07-07 00:00:00'),
(10, 'Reportes', 'api', 'reports', 9, 10, '2020-08-23 00:00:00'),
(11, 'Consulta', 'quickreply', 'query', 10, 10, '2020-09-03 00:00:00');

--
-- Volcado de datos para la tabla `rolesNivelesBusqueda`
--

INSERT INTO `rolesNivelesBusqueda` (`idRolNivelBusqueda`, `nombreRolNivelBusqueda`, `estadoRolNivelBusqueda`, `creacionRolNivelBusqueda`) VALUES
(1, 'Avanzado', 10, '2020-06-09 00:00:00'),
(2, 'Intermedio', 10, '2020-06-09 00:00:00'),
(3, 'Básico', 10, '2020-06-09 00:00:00');

--
-- Volcado de datos para la tabla `rolesOperaciones`
--

INSERT INTO `rolesOperaciones` (`idRolOperacion`, `nombreRolOperacion`, `aliasRolOperacion`, `moduloRolOperacion`, `estadoRolOperacion`, `creacionRolOperacion`, `idRolModuloOperacion`) VALUES
(1, 'version1%user%index', 'Consulta de usuarios', 'Administrar usuarios', 10, '2020-03-16 00:00:00', 1),
(2, 'version1%user%create', 'Creación de usuarios', 'Administrar usuarios', 10, '2020-03-16 00:00:00', 1),
(3, 'version1%user%update', 'Actualización de usuarios', 'Administrar usuarios', 10, '2020-03-16 00:00:00', 1),
(4, 'version1%user%view', 'Ver detalle de usuarios', 'Administrar usuarios', 10, '2020-03-16 00:00:00', 1),
(5, 'version1%user%status', 'Cambiar estado de usuarios', 'Administrar usuarios', 10, '2020-03-16 00:00:00', 1),
(6, 'version1%roles%roles%index', 'Consulta de perfiles', 'Administrar perfiles', 10, '2020-03-16 00:00:00', 1),
(7, 'version1%roles%roles%update', 'Actualización de perfiles', 'Administrar perfiles', 10, '2020-03-16 00:00:00', 1),
(8, 'version1%roles%roles%change-status', 'Cambiar estado de perfiles', 'Administrar perfiles', 10, '2020-03-16 00:00:00', 1),
(9, 'version1%roles%roles%view', 'Ver detalle de perfiles', 'Administrar perfiles', 10, '2020-03-16 00:00:00', 1),
(10, 'version1%roles%roles%index-one', 'Creación de perfiles', 'Administrar perfiles', 10, '2020-03-16 00:00:00', 1),
(11, 'version1%roles%roles%view-operaciones', 'Consulta de operaciones', 'Administrar perfiles', 10, '2020-03-16 00:00:00', 1),
(12, 'version1%roles%roles%create', 'Creación de perfiles', 'Administrar perfiles', 10, '2020-03-16 00:00:00', 1),
(13, 'version1%users%user-tipo%index', 'Consulta de tipos de usuarios', 'Administrar perfiles', 10, '2020-03-16 00:00:00', 1),
(14, 'version1%roles%roles%index-list', 'Listado de perfiles', 'Administrar perfiles', 10, '2020-03-16 00:00:00', 1),
(15, 'version1%roles%roles-operaciones%index', 'Administración de operaciones', 'Administrar operaciones', 10, '2020-03-16 00:00:00', 1),
(16, 'version1%roles%roles-operaciones%create', 'Creación de operaciones', 'Administrar operaciones', 10, '2020-03-16 00:00:00', 1),
(17, 'version1%roles%roles-operaciones%update', 'Actualización de operaciones', 'Administrar operaciones', 10, '2020-03-16 00:00:00', 1),
(18, 'version1%gestionDocumental%trd-dependencias%index', 'Consulta de dependencias', 'Dependencias', 10, '2020-03-20 00:00:00', 4),
(19, 'version1%gestionDocumental%trd-dependencias%create', 'Creación de dependencias', 'Dependencias', 10, '2020-03-24 00:00:00', 4),
(20, 'version1%gestionDocumental%trd-dependencias%update', 'Actualización de dependencias', 'Dependencias', 10, '2020-03-24 00:00:00', 4),
(21, 'version1%gestionDocumental%trd-dependencias%view', 'Ver detalle de dependencias', 'Dependencias', 10, '2020-03-24 00:00:00', 4),
(22, 'version1%radicacion%radicados%index', 'Consulta de radicados', 'Radicación estándar', 10, '2020-03-26 00:00:00', 5),
(23, 'version1%gestionDocumental%trd%load-trd-file', 'Carga de TRD', 'Carga TRD', 10, '2020-03-27 00:00:00', 4),
(24, 'version1%configuracionApp%trd-mascaras%index', 'Consulta de máscaras del formato de TRD', 'Configuración carga TRD', 10, '2020-03-25 00:00:00', 3),
(25, 'version1%configuracionApp%trd-mascaras%view', 'Ver detalle de máscaras del formato de TRD', 'Configuración carga TRD', 10, '2020-03-25 00:00:00', 3),
(26, 'version1%configuracionApp%trd-mascaras%create', 'Creación de máscaras del formato de TRD', 'Configuración carga TRD', 10, '2020-03-25 00:00:00', 3),
(27, 'version1%configuracionApp%trd-mascaras%update', 'Actualización de máscaras del formato de TRD', 'Configuración carga TRD', 10, '2020-03-25 00:00:00', 3),
(28, 'version1%configuracionApp%trd-mascaras%index-list', 'Listado de máscaras del formato de TRD', 'Configuración carga TRD', 10, '2020-03-25 00:00:00', 3),
(29, 'version1%configuracionApp%cg-trd%index', 'Consulta de configuración del formato de TRD', 'Configuración carga TRD', 10, '2020-03-25 00:00:00', 3),
(30, 'version1%configuracionApp%cg-trd%view', 'Ver detalle de configuración del formato de TRD', 'Configuración carga TRD', 10, '2020-03-25 00:00:00', 3),
(31, 'version1%configuracionApp%cg-trd%create', 'Creación de configuración del formato de TRD', 'Configuración carga TRD', 10, '2020-03-25 00:00:00', 3),
(32, 'version1%configuracionApp%cg-trd%update', 'Actualización de configuración del formato de TRD', 'Configuración carga TRD', 10, '2020-03-25 00:00:00', 3),
(33, 'version1%gestionDocumental%trd-tmp%index', 'Consulta de versionamientos de TRD', 'Versionamiento TRD', 10, '2020-04-01 00:00:00', 4),
(34, 'version1%gestionDocumental%trd-tmp%view', 'Ver detalle de versionamientos de TRD', 'Versionamiento TRD', 10, '2020-04-02 00:00:00', 4),
(35, 'version1%gestionDocumental%trd-tmp%accept-version', 'Aceptar versionamientos de TRD', 'Versionamiento TRD', 10, '2020-04-03 00:00:00', 4),
(36, 'version1%radicacion%radicados%create', 'Creación de radicado', 'Radicación estándar', 10, '2020-04-03 00:00:00', 5),
(37, 'version1%radicacion%radicados%update', 'Actualización de radicado', 'Radicación estándar', 10, '2020-04-03 00:00:00', 5),
(38, 'version1%gestionDocumental%trd-tmp%delete', 'Eliminación de versionamientos de TRD', 'Versionamiento TRD', 10, '2020-04-06 00:00:00', 4),
(39, 'version1%radicacion%radicados%view', 'Ver detalle de radicado', 'Radicación estándar', 10, '2020-04-07 00:00:00', 5),
(40, 'version1%radicacion%transacciones%send-reply-mail', 'Envió de respuesta por correo electrónico', 'Radicación estándar', 10, '2020-04-03 00:00:00', 5),
(41, 'version1%radicacion%transacciones%print-sticker', 'Impresión de etiquetas', 'Radicación estándar', 10, '2020-04-03 00:00:00', 5),
(42, 'version1%gestionDocumental%trd%get-version', 'Ver versionamiento de dependencia', 'Dependencias', 10, '2020-04-08 00:00:00', 4),
(43, 'version1%roles%roles%create-rol-tipo-documental', 'Asociación de tipos de documentales', 'Administrar perfiles', 10, '2020-04-08 00:00:00', 1),
(44, 'version1%gestionDocumental%trd%active-version', 'Ver detalle de TRD activa', 'Dependencias', 10, '2020-04-08 00:00:00', 4),
(45, 'version1%gestionDocumental%trd%update-name', 'Actualización de nombres de TRD', 'Dependencias', 10, '2020-04-08 00:00:00', 4),
(46, 'version1%users%documentary-types-update', 'Asignación tipos documentales', 'Administrar perfiles', 10, '2020-04-09 00:00:00', 1),
(47, 'version1%gestionDocumental%trd-dependencias%download-classification', 'Descarga de CCD de dependencia', 'Dependencias', 10, '2020-04-15 00:00:00', 4),
(48, 'version1%gestionDocumental%trd%download-trd-file', 'Descarga de TRD de dependencia', 'Dependencias', 10, '2020-04-15 00:00:00', 4),
(49, 'version1%configuracionApp%cg-proveedores%view', 'Ver detalle de proveedores', 'Proveedores de envío', 10, '2020-04-15 00:00:00', 3),
(50, 'version1%configuracionApp%cg-proveedores%create', 'Creación de proveedores', 'Proveedores de envío', 10, '2020-04-15 00:00:00', 3),
(51, 'version1%configuracionApp%cg-proveedores%index', 'Consulta de proveedores', 'Proveedores de envío', 10, '2020-04-15 00:00:00', 3),
(52, 'version1%configuracionApp%cg-proveedores%index-one', 'Consulta de servicios y regionales de proveedores', 'Proveedores de envío', 10, '2020-04-21 00:00:00', 3),
(53, 'version1%configuracionApp%cg-proveedores%index-list-servicio', 'Listado de servicios de proveedores', 'Proveedores de envío', 10, '2020-04-21 00:00:00', 3),
(54, 'version1%configuracionApp%cg-proveedores%update', 'Actualización de proveedores', 'Proveedores de envío', 10, '2020-04-15 00:00:00', 3),
(55, 'version1%radicacion%transacciones%schedule', 'Agendamiento del radicado', 'Radicación estándar', 10, '2020-04-24 00:00:00', 5),
(56, 'version1%radicacion%transacciones%re-asign', 'Reasignación del radicado', 'Radicación estándar', 10, '2020-04-24 00:00:00', 5),
(57, 'version1%radicacion%transacciones%solicita-anulacion-radicado', 'Solicitud de anulación de radicado', 'Radicación estándar', 10, '2020-04-24 00:00:00', 5),
(58, 'version1%radicacion%reasignacion-radicado%index', 'Consulta de reasignación de radicados', 'Reasignación masiva', 10, '2020-04-26 00:00:00', 6),
(59, 'version1%radicacion%anulacion%index', 'Consulta de radicados anulados', 'Anulación', 10, '2020-04-28 00:00:00', 6),
(60, 'version1%radicacion%anulacion%rechazo-anulacion', 'Rechazar solicitud de anulación', 'Anulación', 10, '2020-04-28 00:00:00', 6),
(61, 'version1%radicacion%anulacion%acepta-anulacion', 'Aceptar solicitud de anulación', 'Anulación', 10, '2020-04-28 00:00:00', 6),
(62, 'version1%radicacion%documentos%download-document', 'Descarga de documentos del radicado', 'Radicación estándar', 10, '2020-05-03 00:00:00', 5),
(63, 'version1%radicacion%documentos%upload-document', 'Carga de anexos del radicado', 'Radicación estándar', 10, '2020-05-03 00:00:00', 5),
(64, 'version1%configuracionApp%tipos-radicados%index', 'Tipos de radicación', 'Tipos de radicado', 10, '2020-05-03 00:00:00', 3),
(65, 'version1%configuracionApp%tipos-radicados%index-one', 'Consulta de tipos de radicación', 'Tipos de radicado', 10, '2020-05-03 00:00:00', 3),
(66, 'version1%configuracionApp%tipos-radicados%update', 'Actualización de tipos de radicación', 'Tipos de radicado', 10, '2020-05-03 00:00:00', 3),
(67, 'version1%configuracionApp%tipos-radicados%view', 'Ver detalle de tipos de radicación', 'Tipos de radicado', 10, '2020-05-03 00:00:00', 3),
(68, 'version1%configuracionApp%tipos-radicados%create', 'Creación de tipos de radicación', 'Tipos de radicado', 10, '2020-05-03 00:00:00', 3),
(69, 'version1%configuracionApp%tipos-radicados%change-status', 'Cambiar estado de tipos de radicación', 'Tipos de radicado', 10, '2020-05-03 00:00:00', 3),
(70, 'version1%roles%roles%create-rol-tipo-radicado', 'Asignación de tipos de radicación', 'Administrar perfiles', 10, '2020-05-04 00:00:00', 1),
(71, 'version1%configuracionApp%log%index', 'Consulta de registro de auditoría', 'Registro de auditoría', 10, '2020-05-05 00:00:00', 7),
(72, 'version1%configuracionApp%log%view', 'Ver detalle de registro de auditoría', 'Registro de auditoría', 10, '2020-05-05 00:00:00', 7),
(73, 'version1%radicacion%transacciones%solicita-vobo', 'Solicitud de visto bueno del radicado', 'Radicación estándar', 10, '2020-05-11 00:00:00', 5),
(74, 'version1%radicacion%transacciones%vobo', 'Aprobación de visto bueno del radicado', 'Radicación estándar', 10, '2020-05-11 00:00:00', 5),
(75, 'version1%radicacion%transacciones%return-filing', 'Devolución del radicado', 'Radicación estándar', 10, '2020-05-11 00:00:00', 5),
(76, 'version1%radicacion%informados%copy', 'Envió de copia del radicado', 'Radicación estándar', 10, '2020-05-11 00:00:00', 5),
(77, 'version1%configuracionApp%cg-motivos-devolucion%index', 'Consulta de motivos de devolución', 'Configuración', 0, '2020-05-11 00:00:00', 3),
(78, 'version1%configuracionApp%cg-motivos-devolucion%view', 'Ver detalle de motivos de devolución', 'Configuración', 0, '2020-05-11 00:00:00', 3),
(79, 'version1%configuracionApp%cg-motivos-devolucion%create', 'Creación de motivos de devolución', 'Configuración', 0, '2020-05-11 00:00:00', 3),
(80, 'version1%configuracionApp%cg-motivos-devolucion%update', 'Actualización de motivos de devolución', 'Configuración', 0, '2020-05-11 00:00:00', 3),
(81, 'version1%radicacion%transacciones%return-delivery', 'Devolución de correspondencia', 'Distribución y envío', 10, '2020-05-11 00:00:00', 6),
(82, 'version1%radicacion%transacciones%finalize-filing', 'Finalización del radicado', 'Radicación estándar', 10, '2020-05-11 00:00:00', 5),
(83, 'version1%configuracionApp%grupos-usuarios%create', 'Creación de grupos de usuarios', 'Grupo de usuarios', 10, '2020-05-14 00:00:00', 3),
(84, 'version1%configuracionApp%grupos-usuarios%update', 'Actualización de grupos de usuarios', 'Grupo de usuarios', 10, '2020-05-14 00:00:00', 3),
(85, 'version1%radicacion%anulacion%download-base64', 'Descarga de acta de anulación', 'Anulación', 10, '2020-05-14 00:00:00', 6),
(86, 'version1%configuracionApp%grupos-usuarios%index', 'Consulta grupos de usuarios', 'Grupo de usuarios', 10, '2020-05-14 00:00:00', 3),
(87, 'version1%configuracionApp%grupos-usuarios%view', 'Ver detalle de grupos de usuarios', 'Grupo de usuarios', 10, '2020-05-14 00:00:00', 3),
(88, 'version1%radicacion%transacciones%correspondence-template', 'Generación de planillas de correspondencia PDF', 'Distribución y envío', 10, '2020-05-05 00:00:00', 6),
(89, 'version1%radicacion%transacciones%delivered', 'Entrega de correspondencia', 'Distribución y envío', 10, '2020-05-05 00:00:00', 6),
(90, 'version1%radicacion%transacciones%upload-file', 'Carga de anexo de correspondencia', 'Distribución y envío', 10, '2020-04-03 00:00:00', 6),
(91, 'version1%radicacion%radicacion-email%login-email', 'Radicación por correo electrónico', 'Radicación Email', 10, '2020-05-21 00:00:00', 5),
(92, 'version1%configuracionApp%cg-tiempos-respuesta%update', 'Actualización de horario laboral', 'Horario laboral', 10, '2020-05-20 00:00:00', 3),
(93, 'version1%configuracionApp%cg-tiempos-respuesta%view', 'Ver detalle de horario laboral', 'Horario laboral', 10, '2020-05-20 00:00:00', 3),
(94, 'version1%configuracionApp%cg-tiempos-respuesta%change-status', 'Cambiar estado de horario laboral', 'Horario laboral', 10, '2020-05-20 00:00:00', 3),
(95, 'version1%configuracionApp%cg-tiempos-respuesta%create', 'Creación de horario laboral', 'Horario laboral', 10, '2020-05-20 00:00:00', 3),
(96, 'version1%configuracionApp%cg-tiempos-respuesta%index', 'Consulta de horario laboral', 'Horario laboral', 10, '2020-05-18 00:00:00', 3),
(97, 'version1%radicacion%transacciones%include-expedient', 'Incluir expediente', 'Radicación estándar', 10, '2020-05-21 00:00:00', 5),
(98, 'version1%configuracionApp%dias-no-laborados%index', 'Consulta días no laborales', 'Días no laborados', 10, '2020-05-26 00:00:00', 3),
(99, 'version1%configuracionApp%dias-no-laborados%create', 'Creación de días no laborales', 'Días no laborados', 10, '2020-05-26 00:00:00', 3),
(100, 'version1%configuracionApp%dias-no-laborados%update', 'Actualización de días no laborales', 'Días no laborados', 10, '2020-05-26 00:00:00', 3),
(101, 'version1%configuracionApp%cg-gestion-plantillas%descargar-plantillas', 'Descarga de plantilla de correspondencia', 'Gestión de plantillas', 10, '2020-05-21 00:00:00', 3),
(102, 'version1%configuracionApp%cg-gestion-plantillas%update', 'Actualización de plantilla de correspondencia', 'Gestión de plantillas', 10, '2020-05-21 00:00:00', 3),
(103, 'version1%configuracionApp%cg-gestion-plantillas%create', 'Creación de plantilla de correspondencia', 'Gestión de plantillas', 10, '2020-05-21 00:00:00', 3),
(104, 'version1%configuracionApp%cg-gestion-plantillas%change-status', 'Cambiar estado de plantilla de correspondencia', 'Gestión de plantillas', 10, '2020-05-21 00:00:00', 3),
(105, 'version1%configuracionApp%cg-gestion-plantillas%index', 'Gestion de plantillas de correspondencia', 'Gestión de plantillas', 10, '2020-05-21 00:00:00', 3),
(106, 'version1%gestionDocumental%trd-dependencias%change-status', 'Cambiar estado de dependencia', 'Dependencias', 10, '2020-05-28 00:00:00', 4),
(107, 'version1%configuracionApp%grupos-usuarios%change-status', 'Cambiar estado de grupos de usuarios', 'Grupo de usuarios', 10, '2020-05-28 00:00:00', 3),
(108, 'version1%configuracionApp%cg-firmas-docs%index-list', 'Consulta de tipos de firma', 'Firma', 10, '2020-06-12 00:00:00', 3),
(109, 'version1%configuracionApp%cg-firmas-docs%update', 'Actualización de tipos de firma', 'Firma', 10, '2020-06-12 00:00:00', 3),
(110, 'version1%gestionDocumental%expedientes%download-file-documents', 'Descarga de documentos de expedientes', 'Expedientes', 10, '2020-06-18 00:00:00', 5),
(111, 'version1%radicacion%transacciones%sign-document', 'Firma de documento', 'Radicación estándar', 10, '2020-06-18 00:00:00', 5),
(112, 'version1%radicacion%transacciones%shipping-ready', 'Listo para enviar por correspondencia (estado)', 'Radicación estándar', 10, '2020-06-18 00:00:00', 5),
(113, 'version1%gestionArchivo%espacio-fisico%index', 'Consulta de espacios físicos', 'Asignación de espacio físico', 10, '2020-06-18 00:00:00', 8),
(114, 'version1%gestionArchivo%espacio-fisico%view', 'Ver detalle de espacios físicos', 'Asignación de espacio físico', 10, '2020-06-18 00:00:00', 8),
(115, 'version1%gestionArchivo%espacio-fisico%create', 'Creación de espacios físicos', 'Asignación de espacio físico', 10, '2020-06-18 00:00:00', 8),
(116, 'version1%gestionArchivo%espacio-fisico%update', 'Actualización de espacios físicos', 'Asignación de espacio físico', 10, '2020-06-18 00:00:00', 8),
(117, 'version1%gestionArchivo%espacio-fisico%change-status', 'Cambiar estado de espacios físicos', 'Asignación de espacio físico', 10, '2020-06-18 00:00:00', 8),
(118, 'version1%radicacion%radicados%download-document-package', 'Descarga de documentos de radicados', 'Radicación estándar', 10, '2020-06-09 00:00:00', 5),
(119, 'version1%gestionDocumental%expedientes%index', 'Consulta de expedientes', 'Expedientes', 10, '2020-06-18 00:00:00', 4),
(120, 'version1%gestionDocumental%expedientes%view', 'Ver detalle de expedientes', 'Expedientes', 10, '2020-06-18 00:00:00', 4),
(121, 'version1%gestionDocumental%expedientes%create', 'Creación de expedientes', 'Expedientes', 10, '2020-06-18 00:00:00', 4),
(122, 'version1%gestionDocumental%expedientes%update', 'Actualización de expedientes', 'Expedientes', 10, '2020-06-18 00:00:00', 4),
(123, 'version1%gestionArchivo%gestion-archivo%view-location', 'Ver detalle de documentos archivados', 'Archivar radicado', 10, '2020-06-26 00:00:00', 8),
(124, 'version1%radicacion%transacciones%archive-filing', 'Archivar radicado', 'Radicación estándar', 10, '2020-06-26 00:00:00', 5),
(125, 'version1%radicacion%transacciones%load-format', 'Asociación de plantillas', 'Radicación estándar', 10, '2020-06-26 00:00:00', 5),
(126, 'version1%radicacion%transacciones%correspondence-match', 'Combinación de correspondencia del radicado', 'Radicación estándar', 10, '2020-06-26 00:00:00', 5),
(127, 'version1%radicacion%radicados%get-document-versing', 'Ver versionamiento de documentos', 'Radicación estándar', 10, '2020-06-30 00:00:00', 5),
(128, 'version1%configuracionApp%cg-plantilla-variables%index', 'Consulta de variables de correspondencia', 'Variables plantillas', 10, '2020-06-16 00:00:00', 3),
(129, 'version1%configuracionApp%cg-plantilla-variables%change-status', 'Cambiar estado de variables correspondencia', 'Variables plantillas', 10, '2020-06-16 00:00:00', 3),
(130, 'version1%radicacion%documentos%download-doc-principal', 'Descarga de documentos principales del radicado', 'Radicación estándar', 10, '2020-07-03 00:00:00', 5),
(131, 'version1%gestionArchivo%prestamo-documental%index', 'Consulta de préstamos documentales', 'Solicitar préstamo', 10, '2020-07-07 00:00:00', 9),
(132, 'version1%gestionArchivo%prestamo-documental%request-loan', 'Solicitud de préstamo documental', 'Solicitar préstamo', 10, '2020-07-07 00:00:00', 9),
(133, 'version1%gestionArchivo%prestamo-documental%index-manage-loan', 'Administración de préstamos documentales', 'Administrar préstamo', 10, '2020-07-07 00:00:00', 9),
(134, 'version1%gestionArchivo%prestamo-documental%approve-loan', 'Aprovación de préstamo documental', 'Administrar préstamo', 10, '2020-07-07 00:00:00', 9),
(135, 'version1%gestionArchivo%prestamo-documental%return-loan', 'Devolución de préstamo documental', 'Administrar préstamo', 10, '2020-07-07 00:00:00', 9),
(136, 'version1%gestionArchivo%prestamo-documental%cancel-loan', 'Cancelación de préstamo documental', 'Administrar préstamo', 10, '2020-07-07 00:00:00', 9),
(137, 'version1%gestionArchivo%prestamo-documental%historical-loan', 'Historial de préstamo documental', 'Administrar préstamo', 10, '2020-07-07 00:00:00', 9),
(138, 'version1%configuracionApp%dias-no-laborados%change-status', 'Cambiar estado de días no laborales', 'Días no laborados', 10, '2020-07-07 00:00:00', 3),
(139, 'version1%gestionDocumental%trd-transferencia%download-fuit', 'Descargar formato FUID', 'Transferencias documentales', 10, '2020-07-03 00:00:00', 8),
(140, 'version1%gestionDocumental%trd-transferencia%transferencia-rechazada', 'Rechazar transferencia documental', 'Transferencias documentales', 10, '2020-07-03 00:00:00', 8),
(141, 'version1%gestionDocumental%trd-transferencia%transferencia-aceptada', 'Aceptar transferencia documental', 'Transferencias documentales', 10, '2020-07-03 00:00:00', 8),
(142, 'version1%gestionDocumental%trd-transferencia%transferencia-manual', 'Transferencias documentales manuales', 'Transferencias documentales', 10, '2020-07-03 00:00:00', 8),
(143, 'version1%gestionDocumental%expedientes%indice', 'Indice electrónico del expediente', 'Expedientes', 10, '2020-07-06 00:00:00', 4),
(144, 'version1%gestionDocumental%trd-transferencia%index', 'Consulta de transferencias documentales', 'Transferencias documentales', 10, '2020-07-21 00:00:00', 8),
(145, 'version1%radicacion%transacciones%publish-document', 'Publicación de documentos del radicado', 'Radicación estándar', 10, '2020-07-23 00:00:00', 5),
(146, 'version1%radicacion%transacciones%return-pqr-to-citizen', 'Devolución de PQRSD al ciudadano', 'Radicación estándar', 10, '2020-07-23 00:00:00', 5),
(147, 'version1%radicacion%distribuciony-envio%index', 'Distribución y envío de correspondencia', 'Distribución y envío', 10, '2020-07-23 00:00:00', 6),
(148, 'version1%gestionArchivo%gestion-archivo%index', 'Consulta de radicados archivados', 'Archivar radicado', 10, '2020-07-23 00:00:00', 8),
(149, 'version1%configuracionApp%cg-proveedores-externos%index', 'Consulta de usuarios de interoperabilidad', 'Usuarios interoperabilidad', 10, '2020-07-28 00:00:00', 3),
(150, 'version1%configuracionApp%cg-proveedores-externos%view', 'Ver detalle de usuarios de interoperabilidad', 'Usuarios interoperabilidad', 10, '2020-07-28 00:00:00', 3),
(151, 'version1%configuracionApp%cg-proveedores-externos%create', 'Creación de usuarios de interoperabilidad', 'Usuarios interoperabilidad', 10, '2020-07-28 00:00:00', 3),
(152, 'version1%configuracionApp%cg-proveedores-externos%update', 'Actualización de usuarios de interoperabilidad', 'Usuarios interoperabilidad', 10, '2020-07-28 00:00:00', 3),
(153, 'version1%configuracionApp%cg-proveedores-externos%change-status', 'Cambiar estado de usuarios de interoperabilidad', 'Usuarios interoperabilidad', 10, '2020-07-28 00:00:00', 3),
(154, 'version1%configuracionApp%regionales%index', 'Consulta de regionales', 'Principal y regionales', 10, '2020-07-31 00:00:00', 3),
(155, 'version1%configuracionApp%regionales%view', 'Ver detalle de regionales', 'Principal y regionales', 10, '2020-07-31 00:00:00', 3),
(156, 'version1%configuracionApp%regionales%create', 'Creación de regionales', 'Principal y regionales', 10, '2020-07-31 00:00:00', 3),
(157, 'version1%configuracionApp%regionales%update', 'Actualización de regionales', 'Principal y regionales', 10, '2020-07-31 00:00:00', 3),
(158, 'version1%configuracionApp%encuestas%index', 'Consulta de encuestas de satisfacción', 'Encuesta de satisfacción', 10, '2020-07-23 00:00:00', 3),
(159, 'version1%configuracionApp%encuestas%create', 'Creación de encuestas de satisfacción', 'Encuesta de satisfacción', 10, '2020-07-23 00:00:00', 3),
(160, 'version1%configuracionApp%encuestas%update', 'Actualización de encuestas de satisfacción', 'Encuesta de satisfacción', 10, '2020-07-23 00:00:00', 3),
(161, 'version1%configuracionApp%encuestas%view', 'Ver detalle de encuestas de satisfacción', 'Encuesta de satisfacción', 10, '2020-07-23 00:00:00', 3),
(162, 'version1%configuracionApp%configuracion-general%index-label', 'Consulta de variables de etiqueta de radicación', 'Etiqueta radicación', 10, '2020-08-10 00:00:00', 3),
(163, 'version1%configuracionApp%configuracion-general%change-status-label', 'Cambiar estado de variables de etiqueta de radicación', 'Etiqueta radicación', 10, '2020-08-10 00:00:00', 3),
(164, 'version1%configuracionApp%cg-gestion-terceros%load-massive-file-terceros', 'Carga de masiva de terceros', 'Gestión terceros', 10, '2020-08-03 00:00:00', 3),
(165, 'version1%configuracionApp%cg-gestion-terceros%download-format-terceros', 'Descarga de formato masivo de terceros', 'Gestión terceros', 10, '2020-08-03 00:00:00', 3),
(166, 'version1%configuracionApp%cg-gestion-terceros%change-status', 'Cambiar estado de terceros', 'Gestión terceros', 10, '2020-08-03 00:00:00', 3),
(167, 'version1%configuracionApp%cg-gestion-terceros%index', 'Consulta de terceros', 'Gestión terceros', 10, '2020-08-03 00:00:00', 3),
(168, 'version1%configuracionApp%cg-gestion-terceros%update', 'Actualización de terceros', 'Gestión terceros', 10, '2020-08-03 00:00:00', 3),
(169, 'version1%configuracionApp%cg-gestion-terceros%create', 'Creación de terceros', 'Gestión terceros', 10, '2020-08-03 00:00:00', 3),
(170, 'version1%configuracionApp%cg-gestion-terceros%view', 'Ver detalle de terceros', 'Gestión terceros', 10, '2020-08-03 00:00:00', 3),
(171, 'version1%configuracionApp%configuracion-general%index-one', 'Consulta de configuración general', 'Configuración general', 10, '2020-08-10 00:00:00', 3),
(172, 'version1%configuracionApp%configuracion-general%update', 'Actualización de configuración general', 'Configuración general', 10, '2020-08-10 00:00:00', 3),
(173, 'version1%radicacion%transacciones%upload-document-to-expedient', 'Carga de documentos a expedientes', 'Expedientes', 10, '2020-08-03 00:00:00', 4),
(174, 'version1%configuracionApp%numero-radicado%index-one', 'Consulta de estructura de radicado', 'Configuración del radicado', 10, '2020-08-11 00:00:00', 3),
(175, 'version1%configuracionApp%numero-radicado%update', 'Actualización de estructura de radicado', 'Configuración del radicado', 10, '2020-08-11 00:00:00', 3),
(176, 'version1%reportes%index-list', 'Consulta de reportes', 'Reportes', 10, '2020-08-11 00:00:00', 10),
(177, 'version1%gestionDocumental%expedientes%change-status', 'Cambiar estado de expedientes', 'Expedientes', 10, '2020-08-11 00:00:00', 4),
(178, 'version1%configuracionApp%regionales%change-status', 'Cambiar estado de regionales', 'Principal y regionales', 10, '2020-09-03 00:00:00', 3),
(179, 'version1%configuracionApp%regionales%load-massive-file-regional', 'Carga masiva de regionales', 'Principal y regionales', 10, '2020-09-03 00:00:00', 3),
(180, 'version1%configuracionApp%regionales%download-format-regional', 'Descarga de formato masivo de regionales', 'Principal y regionales', 10, '2020-09-03 00:00:00', 3),
(181, 'version1%consultas%consulta-adi%index', 'Consulta de radicados de ADI', 'Radicados ADI', 0, '2020-09-16 00:00:00', 11),
(182, 'version1%consultas%consulta-adi%view-recibido', 'Ver detalle de radicados recibidos de ADI', 'Radicados ADI', 0, '2020-09-16 00:00:00', 11),
(183, 'version1%consultas%consulta-adi%view-interno', 'Ver detalle de radicados internos de ADI', 'Radicados ADI', 0, '2020-09-16 00:00:00', 11),
(184, 'version1%consultas%consulta-adi%view-externo', 'Ver detalle de radicados externos de ADI', 'Radicados ADI', 0, '2020-09-16 00:00:00', 11),
(185, 'version1%consultas%expedientes-adi%index', 'Consulta de expedientes de ADI', 'Expedientes ADI', 0, '2020-09-16 00:00:00', 11),
(186, 'version1%consultas%expedientes-adi%view', 'Ver detalle de expedientes de ADI', 'Expedientes ADI', 0, '2020-09-16 00:00:00', 11),
(187, 'version1%configuracionApp%encuestas%change-status', 'Cambiar estado de encuestas de satisfacción', 'Encuesta de satisfacción', 10, '2020-09-28 00:00:00', 3),
(188, 'version1%radicacion%transacciones%withdrawal', 'Desistimiento de radicado de PQRSD', 'Radicación estándar', 10, '2020-09-29 00:00:00', 5),
(189, 'version1%radicacion%consultas%index', 'Consulta avanzada de digitalización', 'Consulta avanzada', 10, '2020-10-05 00:00:00', 11),
(190, 'version1%radicacion%consultas%content-document', 'Ver contenido de digitalización', 'Consulta avanzada', 10, '2020-10-05 00:00:00', 11),
(191, 'version1%configuracionApp%cg-proveedores%change-status', 'Cambiar estado de proveedores', 'Proveedores de envío', 10, '2020-10-14 00:00:00', 3),
(192, 'version1%configuracionApp%cg-gestion-plantillas%index-isolucion', 'Plantillas isolución', 'Configuración', 10, '2021-05-06 22:36:55', 3),
(193, 'version1%radicacion%radicados%confidential-documents', 'Consultar Documentos Confidenciales', 'Radicación estándar', 10, '2020-12-02 22:53:14', 5),
(194, 'version1%gestionDocumental%expedientes%exclude-expedient', 'Excluir el expediente', 'Expedientes', 10, '2020-11-11 00:00:00', 4),
(195, 'version1%gestionDocumental%expedientes%closed-expedient', 'Cerrar el expediente', 'Expedientes', 10, '2020-12-24 00:00:00', 4),
(196, 'version1%gestionDocumental%expedientes%open-expedient', 'Abrir expediente', 'Expedientes', 10, '2021-03-05 00:00:00', 4),
(197, 'version1%reportes%reportes-personalizados%index', 'Consultar reportes personalizados', 'Reportes', 10, '2021-05-25 00:00:00', 10),
(198, 'version1%radicacion%transacciones%descartar-consecutivo', 'Descartar consecutivo', 'Radicación estándar', 10, '2020-03-20 00:00:00', 5),
(199, 'version1%configuracionApp%cg-firmas-docs%mechanics', 'Firma Mecánica', 'Firma', 10, '2021-06-02 00:00:00', 3),
(200, 'version1%configuracionApp%cg-firmas-docs%digital', 'Firma Digital', 'Firma', 10, '2021-06-02 00:00:00', 3),
(201, 'version1%configuracionApp%cg-firmas-docs%qr', 'Firma QR', 'Firma', 10, '2021-06-02 00:00:00', 3),
(202, 'version1%gestionDocumental%expedientes%cross-reference', 'Referencia cruzada', 'Expedientes', 10, '2021-06-29 10:00:00', 4),
(203, 'permissionsReasignOnlyPqrsd', 'Reasignación de PQRS', 'Radicación estándar', 10, '2021-07-15 15:32:40', 5),
(204, 'version1%radicacion%transacciones%correspondence-template-excel', 'Generación de planillas de correspondencia Excel', 'Distribución y envío', 10, '2021-08-12 11:44:41', 6),
(205, 'version1%configuracionApp%cg-firmas-docs%physical', 'Firma Física', 'Firma', 10, '2021-09-08 18:13:39', 3),
(206, 'version1%radicacion%radicados%download-document-to-sign', 'Descargar documento para firmar(Firma física)', 'Radicación estándar', 10, '2021-09-08 18:14:24', 5),
(207, 'version1%radicacion%documentos%upload-signed-document', 'Cargar documento firmado(Firma física)', 'Radicación estándar', 10, '2021-09-08 18:14:24', 5),
(208, 'version1%radicacion%transacciones%print-external-sticker', 'Imprimir etiqueta externa(Firma física)', 'Radicación estándar', 10, '2021-09-08 18:14:25', 5),
(224, 'version1%gestionArchivo%prestamo-documental%index-loan-files', 'Consulta de préstamo de expedientes', 'Préstamo de expedientes', 10, '2021-09-17 21:22:20', 9),
(225, 'version1%gestionArchivo%prestamo-documental%request-loan-files', 'Solicitud préstamo de expediente', 'Préstamo de expedientes', 10, '2021-09-17 21:22:20', 9),
(226, 'version1%gestionArchivo%prestamo-documental%index-manage-loan-files', 'Administración préstamos de expedientes', 'Administrar préstamo de expedientes', 10, '2021-09-17 21:22:20', 9),
(227, 'version1%gestionArchivo%prestamo-documental%historical-loan-files', 'Historial préstamo de expedientes', 'Administrar préstamo de expedientes', 10, '2021-09-17 21:22:20', 9),
(228, 'version1%gestionArchivo%prestamo-documental%approve-loan-files', 'Aprobación préstamo de expediente', 'Administrar préstamo de expedientes', 10, '2021-09-17 21:22:38', 9),
(229, 'version1%gestionArchivo%prestamo-documental%cancel-loan-files', 'Cancelación préstamo de expedientes', 'Administrar préstamo de expedientes', 10, '2021-09-17 21:22:38', 9),
(230, 'version1%gestionArchivo%prestamo-documental%return-loan-files', 'Devolución préstamo de expedientes', 'Administrar préstamo de expedientes', 10, '2021-09-17 21:22:38', 9),
(231, 'version1%gestionArchivo%prestamo-documental%loan-files-central-file', 'Préstamos archivo central', 'Administrar préstamo de expedientes', 10, '2021-09-17 21:22:38', 9),
(232, 'version1%gestionArchivo%prestamo-documental%central-file-loans', 'Préstamos archivo central', 'Administrar préstamo', 10, '2021-09-17 21:22:38', 9),
(233, 'version1%gestionArchivo%prestamo-documental%authorize-loan-files', 'Autorizar préstamo de expediente', 'Administrar préstamo de expedientes', 10, '2021-09-17 21:22:38', 9),
(234, 'version1%gestionArchivo%prestamo-documental%authorize-loan', 'Autorizar préstamo', 'Administrar préstamo', 10, '2021-09-17 21:22:38', 9),
(235, 'version1%radicacion%radicados%generate-number-filing', 'Radicar', 'Radicación estándar', 10, '2021-10-12 13:27:52', 5),
(344, 'version1%radicacion%radicados%generate-sticker-filing', 'Imprimir etiqueta (Proceso de firma digital)', 'Radicación estándar', 10, '2021-10-13 09:05:18', 5),
(1001, 'permissionsUpdateSapCode', 'Actualizar código SAP', 'Radicación estándar', 10, '2021-08-12 11:51:42', 5),
(1002, 'version1%configuracionApp%cg-plantilla-variables%create', 'Crear variables correspondencia', 'Variables plantillas', 10, '2022-09-03 00:00:00', 3),
(1003, 'version1%configuracionApp%cg-plantilla-variables%update', 'Actualizar variables correspondencia', 'Variables plantillas', 10, '2022-09-06 00:00:00', 3),
(1004, 'version1%gestionDocumental%expedientes%peace-and-safe', 'Paz y salvo', 'Expedientes', 10, '2022-09-23 00:00:00', 3),
(1005, 'version1%radicacion%consultas-orfeo-antiguo%index', 'Consulta orfeo antiguo', 'Consultas', 10, '2022-10-03 00:00:00', 11),
(1007, 'version1%radicacion%consultas-fondo-acumulado%index', 'Consulta Fondo Acumulado', 'Consultas', 10, '2022-12-02 16:21:12', 11),
(1008, 'version1%configuracionApp%cg-firmas-certificadas%index', 'Consulta entidades de firma certificada', 'Proveedor Firmas Certificadas', 10, '2022-12-05 19:38:11', 3),
(1009, 'version1%configuracionApp%cg-firmas-certificadas%create', 'Creación entidad de firma certificada', 'Proveedor Firmas Certificadas', 10, '2022-12-05 19:38:11', 3),
(1010, 'version1%configuracionApp%cg-firmas-certificadas%update', 'Modificación entidad de firma certificada', 'Proveedor Firmas Certificadas', 10, '2022-12-05 19:38:11', 3),
(1011, 'version1%configuracionApp%cg-firmas-certificadas%change-status', 'Cambiar estado de firma certificada', 'Proveedor Firmas Certificadas', 10, '2022-12-05 19:38:11', 3),
(1012, 'version1%configuracionApp%cg-firmas-certificadas%view', 'Ver detalle de firma certificada', 'Proveedor Firmas Certificadas', 10, '2022-12-05 19:38:11', 3),
(1013, 'version1%externos%load-document-radicado', 'SkinaScan', 'Radicación estándar', 10, '2022-12-05 19:38:11', 5);

--
-- Volcado de datos para la tabla `rolesTipoDocumental`
--

INSERT INTO `rolesTipoDocumental` (`idRolTipoDocumental`, `idRol`, `idGdTrdTipoDocumental`) VALUES
(1, 1, 15),
(2, 1, 14),
(3, 1, 13),
(4, 1, 4),
(5, 1, 6),
(6, 1, 16),
(7, 1, 12),
(8, 1, 8),
(9, 1, 7),
(10, 1, 9),
(11, 1, 10),
(12, 1, 1),
(13, 1, 2),
(14, 1, 11),
(15, 1, 0),
(16, 1, 5),
(17, 1, 3),
(18, 2, 15),
(19, 2, 14),
(20, 2, 13),
(21, 2, 4),
(22, 2, 6),
(23, 2, 16),
(24, 2, 12),
(25, 2, 8),
(26, 2, 7),
(27, 2, 9),
(28, 2, 10),
(29, 2, 1),
(30, 2, 2),
(31, 2, 11),
(32, 2, 0),
(33, 2, 5),
(34, 2, 3),
(35, 3, 15),
(36, 3, 14),
(37, 3, 13),
(38, 3, 4),
(39, 3, 6),
(40, 3, 16),
(41, 3, 12),
(42, 3, 8),
(43, 3, 7),
(44, 3, 9),
(45, 3, 10),
(46, 3, 1),
(47, 3, 2),
(48, 3, 11),
(49, 3, 0),
(50, 3, 5),
(51, 3, 3),
(52, 4, 15),
(53, 4, 14),
(54, 4, 13),
(55, 4, 4),
(56, 4, 6),
(57, 4, 16),
(58, 4, 12),
(59, 4, 8),
(60, 4, 7),
(61, 4, 9),
(62, 4, 10),
(63, 4, 1),
(64, 4, 2),
(65, 4, 11),
(66, 4, 0),
(67, 4, 5),
(68, 4, 3);

--
-- Volcado de datos para la tabla `rolesTipoRadicado`
--

INSERT INTO `rolesTipoRadicado` (`idRolTipoRadicado`, `idRol`, `idCgTipoRadicado`) VALUES
(1, 2, 1),
(2, 2, 3),
(3, 3, 1),
(4, 3, 2),
(5, 3, 3),
(6, 3, 4),
(7, 5, 1),
(8, 5, 3),
(9, 4, 1),
(10, 4, 3),
(11, 1, 1),
(12, 1, 2),
(13, 1, 3),
(14, 1, 4);

--
-- Volcado de datos para la tabla `rolesTiposOperaciones`
--

INSERT INTO `rolesTiposOperaciones` (`idRolTipoOperacion`, `idRol`, `idRolOperacion`) VALUES
(1, 5, 59),
(2, 5, 60),
(3, 5, 123),
(4, 5, 148),
(5, 5, 189),
(6, 5, 190),
(7, 5, 119),
(8, 5, 120),
(9, 5, 177),
(10, 5, 108),
(11, 5, 109),
(12, 5, 200),
(13, 5, 201),
(14, 5, 205),
(15, 5, 101),
(16, 5, 105),
(17, 5, 22),
(18, 5, 36),
(19, 5, 37),
(20, 5, 39),
(21, 5, 40),
(22, 5, 55),
(23, 5, 56),
(24, 5, 57),
(25, 5, 62),
(26, 5, 63),
(27, 5, 73),
(28, 5, 74),
(29, 5, 75),
(30, 5, 76),
(31, 5, 82),
(32, 5, 111),
(33, 5, 112),
(34, 5, 118),
(35, 5, 124),
(36, 5, 125),
(37, 5, 126),
(38, 5, 127),
(39, 5, 130),
(40, 5, 145),
(41, 5, 193),
(42, 5, 198),
(43, 5, 176),
(44, 5, 197),
(45, 1, 15),
(46, 1, 16),
(47, 1, 17),
(48, 1, 6),
(49, 1, 7),
(50, 1, 8),
(51, 1, 9),
(52, 1, 10),
(53, 1, 11),
(54, 1, 12),
(55, 1, 13),
(56, 1, 14),
(57, 1, 43),
(58, 1, 46),
(59, 1, 70),
(60, 1, 133),
(61, 1, 134),
(62, 1, 135),
(63, 1, 136),
(64, 1, 137),
(65, 1, 232),
(66, 1, 234),
(67, 1, 226),
(68, 1, 227),
(69, 1, 228),
(70, 1, 229),
(71, 1, 230),
(72, 1, 231),
(73, 1, 233),
(74, 1, 1),
(75, 1, 2),
(76, 1, 3),
(77, 1, 4),
(78, 1, 5),
(79, 1, 59),
(80, 1, 60),
(81, 1, 61),
(82, 1, 85),
(83, 1, 123),
(84, 1, 148),
(85, 1, 113),
(86, 1, 114),
(87, 1, 115),
(88, 1, 116),
(89, 1, 117),
(90, 1, 23),
(91, 1, 192),
(92, 1, 24),
(93, 1, 25),
(94, 1, 26),
(95, 1, 27),
(96, 1, 28),
(97, 1, 29),
(98, 1, 30),
(99, 1, 31),
(100, 1, 32),
(101, 1, 174),
(102, 1, 175),
(103, 1, 171),
(104, 1, 172),
(105, 1, 189),
(106, 1, 190),
(107, 1, 1005),
(108, 1, 1007),
(109, 1, 18),
(110, 1, 19),
(111, 1, 20),
(112, 1, 21),
(113, 1, 42),
(114, 1, 44),
(115, 1, 45),
(116, 1, 47),
(117, 1, 48),
(118, 1, 106),
(119, 1, 98),
(120, 1, 99),
(121, 1, 100),
(122, 1, 138),
(123, 1, 81),
(124, 1, 88),
(125, 1, 89),
(126, 1, 90),
(127, 1, 147),
(128, 1, 204),
(129, 1, 158),
(130, 1, 159),
(131, 1, 160),
(132, 1, 161),
(133, 1, 187),
(134, 1, 162),
(135, 1, 163),
(136, 1, 110),
(137, 1, 119),
(138, 1, 120),
(139, 1, 121),
(140, 1, 122),
(141, 1, 143),
(142, 1, 173),
(143, 1, 177),
(144, 1, 194),
(145, 1, 195),
(146, 1, 196),
(147, 1, 202),
(148, 1, 1004),
(149, 1, 108),
(150, 1, 109),
(151, 1, 199),
(152, 1, 200),
(153, 1, 201),
(154, 1, 205),
(155, 1, 101),
(156, 1, 102),
(157, 1, 103),
(158, 1, 104),
(159, 1, 105),
(160, 1, 164),
(161, 1, 165),
(162, 1, 166),
(163, 1, 167),
(164, 1, 168),
(165, 1, 169),
(166, 1, 170),
(167, 1, 83),
(168, 1, 84),
(169, 1, 86),
(170, 1, 87),
(171, 1, 107),
(172, 1, 92),
(173, 1, 93),
(174, 1, 94),
(175, 1, 95),
(176, 1, 96),
(177, 1, 224),
(178, 1, 225),
(179, 1, 154),
(180, 1, 155),
(181, 1, 156),
(182, 1, 157),
(183, 1, 178),
(184, 1, 179),
(185, 1, 180),
(186, 1, 1008),
(187, 1, 1009),
(188, 1, 1010),
(189, 1, 1011),
(190, 1, 1012),
(191, 1, 49),
(192, 1, 50),
(193, 1, 51),
(194, 1, 52),
(195, 1, 53),
(196, 1, 54),
(197, 1, 191),
(198, 1, 91),
(199, 1, 22),
(200, 1, 36),
(201, 1, 37),
(202, 1, 39),
(203, 1, 40),
(204, 1, 41),
(205, 1, 55),
(206, 1, 56),
(207, 1, 57),
(208, 1, 62),
(209, 1, 63),
(210, 1, 73),
(211, 1, 74),
(212, 1, 75),
(213, 1, 76),
(214, 1, 82),
(215, 1, 344),
(216, 1, 97),
(217, 1, 111),
(218, 1, 112),
(219, 1, 118),
(220, 1, 124),
(221, 1, 125),
(222, 1, 126),
(223, 1, 127),
(224, 1, 130),
(225, 1, 145),
(226, 1, 146),
(227, 1, 188),
(228, 1, 193),
(229, 1, 198),
(230, 1, 203),
(231, 1, 206),
(232, 1, 207),
(233, 1, 208),
(234, 1, 1001),
(235, 1, 235),
(236, 1, 58),
(237, 1, 71),
(238, 1, 72),
(239, 1, 176),
(240, 1, 197),
(241, 1, 131),
(242, 1, 132),
(243, 1, 64),
(244, 1, 65),
(245, 1, 66),
(246, 1, 67),
(247, 1, 68),
(248, 1, 69),
(249, 1, 139),
(250, 1, 140),
(251, 1, 141),
(252, 1, 142),
(253, 1, 144),
(254, 1, 149),
(255, 1, 150),
(256, 1, 151),
(257, 1, 152),
(258, 1, 153),
(259, 1, 128),
(260, 1, 129),
(261, 1, 1002),
(262, 1, 1003),
(263, 1, 33),
(264, 1, 34),
(265, 1, 35),
(266, 1, 38),
(267, 2, 133),
(268, 2, 134),
(269, 2, 135),
(270, 2, 136),
(271, 2, 137),
(272, 2, 232),
(273, 2, 234),
(274, 2, 226),
(275, 2, 227),
(276, 2, 228),
(277, 2, 229),
(278, 2, 230),
(279, 2, 231),
(280, 2, 233),
(281, 2, 123),
(282, 2, 148),
(283, 2, 113),
(284, 2, 114),
(285, 2, 115),
(286, 2, 116),
(287, 2, 117),
(288, 2, 23),
(289, 2, 189),
(290, 2, 190),
(291, 2, 1005),
(292, 2, 1007),
(293, 2, 18),
(294, 2, 19),
(295, 2, 20),
(296, 2, 21),
(297, 2, 42),
(298, 2, 44),
(299, 2, 45),
(300, 2, 47),
(301, 2, 48),
(302, 2, 106),
(303, 2, 81),
(304, 2, 88),
(305, 2, 89),
(306, 2, 90),
(307, 2, 147),
(308, 2, 204),
(309, 2, 110),
(310, 2, 119),
(311, 2, 120),
(312, 2, 121),
(313, 2, 122),
(314, 2, 143),
(315, 2, 173),
(316, 2, 177),
(317, 2, 194),
(318, 2, 195),
(319, 2, 196),
(320, 2, 202),
(321, 2, 1004),
(322, 2, 108),
(323, 2, 109),
(324, 2, 199),
(325, 2, 200),
(326, 2, 201),
(327, 2, 205),
(328, 2, 101),
(329, 2, 102),
(330, 2, 103),
(331, 2, 104),
(332, 2, 105),
(333, 2, 224),
(334, 2, 225),
(335, 2, 49),
(336, 2, 51),
(337, 2, 52),
(338, 2, 53),
(339, 2, 91),
(340, 2, 22),
(341, 2, 36),
(342, 2, 37),
(343, 2, 39),
(344, 2, 40),
(345, 2, 41),
(346, 2, 55),
(347, 2, 56),
(348, 2, 57),
(349, 2, 62),
(350, 2, 63),
(351, 2, 73),
(352, 2, 74),
(353, 2, 75),
(354, 2, 76),
(355, 2, 82),
(356, 2, 97),
(357, 2, 111),
(358, 2, 112),
(359, 2, 118),
(360, 2, 124),
(361, 2, 125),
(362, 2, 126),
(363, 2, 127),
(364, 2, 130),
(365, 2, 145),
(366, 2, 146),
(367, 2, 188),
(368, 2, 193),
(369, 2, 198),
(370, 2, 206),
(371, 2, 207),
(372, 2, 208),
(373, 2, 235),
(374, 2, 58),
(375, 2, 176),
(376, 2, 197),
(377, 2, 131),
(378, 2, 132),
(379, 2, 139),
(380, 2, 140),
(381, 2, 141),
(382, 2, 142),
(383, 2, 144),
(384, 2, 128),
(385, 2, 129),
(386, 2, 33),
(387, 2, 34),
(388, 2, 35),
(389, 2, 38),
(390, 3, 123),
(391, 3, 148),
(392, 3, 1005),
(393, 3, 1007),
(394, 3, 81),
(395, 3, 88),
(396, 3, 89),
(397, 3, 90),
(398, 3, 147),
(399, 3, 204),
(400, 3, 110),
(401, 3, 119),
(402, 3, 120),
(403, 3, 121),
(404, 3, 122),
(405, 3, 143),
(406, 3, 173),
(407, 3, 177),
(408, 3, 194),
(409, 3, 195),
(410, 3, 196),
(411, 3, 202),
(412, 3, 101),
(413, 3, 105),
(414, 3, 168),
(415, 3, 169),
(416, 3, 91),
(417, 3, 22),
(418, 3, 36),
(419, 3, 37),
(420, 3, 39),
(421, 3, 40),
(422, 3, 41),
(423, 3, 55),
(424, 3, 56),
(425, 3, 57),
(426, 3, 62),
(427, 3, 63),
(428, 3, 73),
(429, 3, 74),
(430, 3, 75),
(431, 3, 76),
(432, 3, 82),
(433, 3, 344),
(434, 3, 97),
(435, 3, 111),
(436, 3, 112),
(437, 3, 118),
(438, 3, 124),
(439, 3, 125),
(440, 3, 126),
(441, 3, 127),
(442, 3, 130),
(443, 3, 145),
(444, 3, 146),
(445, 3, 188),
(446, 3, 193),
(447, 3, 198),
(448, 3, 203),
(449, 3, 206),
(450, 3, 207),
(451, 3, 208),
(452, 3, 235),
(453, 3, 58),
(454, 3, 176),
(455, 3, 197),
(456, 3, 131),
(457, 3, 132),
(458, 4, 1005),
(459, 4, 1007),
(460, 4, 108),
(461, 4, 109),
(462, 4, 199),
(463, 4, 200),
(464, 4, 201),
(465, 4, 205),
(466, 4, 101),
(467, 4, 105),
(468, 4, 224),
(469, 4, 225),
(470, 4, 22),
(471, 4, 36),
(472, 4, 37),
(473, 4, 39),
(474, 4, 40),
(475, 4, 41),
(476, 4, 55),
(477, 4, 56),
(478, 4, 57),
(479, 4, 62),
(480, 4, 63),
(481, 4, 73),
(482, 4, 74),
(483, 4, 75),
(484, 4, 76),
(485, 4, 82),
(486, 4, 97),
(487, 4, 111),
(488, 4, 112),
(489, 4, 118),
(490, 4, 124),
(491, 4, 125),
(492, 4, 126),
(493, 4, 127),
(494, 4, 130),
(495, 4, 145),
(496, 4, 146),
(497, 4, 188),
(498, 4, 193),
(499, 4, 198),
(500, 4, 206),
(501, 4, 207),
(502, 4, 208),
(503, 4, 235),
(504, 4, 176),
(505, 4, 197),
(506, 4, 131),
(507, 4, 132),
(508, 4, 128),
(509, 4, 129),
(510, 4, 1002),
(511, 4, 1003);

--
-- Volcado de datos para la tabla `tiposArchivos`
--

INSERT INTO `tiposArchivos` (`idTipoArchivo`, `tipoArchivo`, `estadoTipoArchivo`, `creacionTipoArchivo`) VALUES
(1, 'xlsx', 10, '2021-01-01 00:00:00'),
(2, 'pdf', 10, '2021-01-01 00:00:00'),
(3, 'xls', 10, '2021-01-01 00:00:00');

--
-- Volcado de datos para la tabla `tiposIdentificacion`
--

INSERT INTO `tiposIdentificacion` (`idTipoIdentificacion`, `nombreTipoIdentificacion`, `estadoTipoIdentificacion`, `creacionTipoIdentificacion`) VALUES
(1, 'Cédula de Ciudadanía', 10, '2020-03-16 00:00:00'),
(2, 'Cédula de Extranjería', 10, '2020-03-16 00:00:00'),
(3, 'Nit', 10, '2020-03-16 00:00:00'),
(4, 'Tarjeta de Identidad', 10, '2021-06-21 22:45:56'),
(5, 'Registro Civil', 10, '2021-06-21 22:45:56'),
(6, 'Pasaporte', 10, '2021-12-10 08:55:25'),
(7, 'NUIP (Número único de Identificación Nacional)', 10, '2021-12-10 08:55:25');

--
-- Volcado de datos para la tabla `tiposPersonas`
--

INSERT INTO `tiposPersonas` (`idTipoPersona`, `tipoPersona`, `estadoPersona`, `creacionPersona`) VALUES
(1, 'Persona Jurídica', 10, '2019-11-14 00:00:00'),
(2, 'Persona Natural', 10, '2019-11-14 00:00:00'),
(3, 'Funcionario', 10, '2020-04-28 00:00:00'),
(6, 'Apoderado', 10, '2021-12-10 08:59:57'),
(7, 'Niño, Niña o Adolescente', 10, '2021-12-10 08:59:57');

--
-- Volcado de datos para la tabla `user`
--

INSERT INTO `user` (`id`, `username`, `auth_key`, `password_hash`, `password_reset_token`, `email`, `status`, `created_at`, `updated_at`, `fechaVenceToken`, `idRol`, `idUserTipo`, `accessToken`, `intentos`, `ldap`, `verification_token`, `idGdTrdDependencia`, `licenciaAceptada`) VALUES
(1, 'admin', 'lbFLavEgSFKrr57N5sBgMh2J-8Ecwc32', '$2y$13$A5Obb6Yk0peF3eqv4OjXQeygUSC4.9LdbJGuA9hI1EvGcABVHAuNy', NULL, 'admin@xxxxxx.com', 10, 1620256240, 1675216643, '2030-05-08 00:00:00', 1, 1, 'lTM_9ddy08nw-edXVZ_A8vnw9pAILR2p_1675216643', 0, 0, NULL, 1, 0),
(2, 'dsalida', 'n0xlFkp3smkBfH1rVLjDxxegtI5e_r-E', '$2y$13$E1jEara5ugtfCN6wnmuwO.QYJVvbUIxLZ3.JhOrwhdxCHf3nmqXyq', '5DAwNFHQwRPIbvtsYZafRUoVvWo69RcY_1625606979', 'xxxxxx@gmail.com', 10, 1620256240, 1625606979, '2021-03-05 00:00:00', 2, 2, 'FeZ8UsXsXEQoRnPjXbcJQiZ5l0SlAYt4_1617823362', 0, 0, NULL, 2, 0),
(3, 'anonimo', 'fekDpLKgBokhb55eMIOmVgpDqIbbjd8C', '$2y$13$B61Xbdm9ehRFjdeUIt.XkejXs4Q6xd6LjIvTarIZAjvc8vJ6eQw2C', NULL, 'anonimo@xxxxxxx.com', 10, 1620256240, 1674750090, '2023-01-26 00:00:00', 6, 6, 'TrnWut5VR9a5WephIAn8Tnmf_8FslBUS_1674750090', 0, 0, NULL, 1, 0);

--
-- Volcado de datos para la tabla `userDetalles`
--

INSERT INTO `userDetalles` (`idUserDetalles`, `idUser`, `nombreUserDetalles`, `apellidoUserDetalles`, `cargoUserDetalles`, `creacionUserDetalles`, `idTipoIdentificacion`, `documento`, `firma`, `estadoUserDetalles`) VALUES
(1, 1, 'Soporte', 'Skinatech', 'Soporte SKintech', 2019, 1, '1025458552019', '/var/www/html/ng_backend/api/web/usuarios/img/1025458552019.png', 10),
(2, 2, 'Responsable de Archivo', '.', 'Responsable de Archivo', 2020, 1, '123456789', NULL, 10);

--
-- Volcado de datos para la tabla `userHistoryPassword`
--

INSERT INTO `userHistoryPassword` (`idUserHistoryPassword`, `hashUserHistoryPassword`, `idUser`, `creacionUserHistoryPassword`) VALUES
(1, '$2y$13$A5Obb6Yk0peF3eqv4OjXQeygUSC4.9LdbJGuA9hI1EvGcABVHAuNy', 1, '2023-06-20 08:42:35');

--
-- Volcado de datos para la tabla `userTipo`
--

INSERT INTO `userTipo` (`idUserTipo`, `nombreUserTipo`, `estadoUserTipo`, `creacionUserTipo`) VALUES
(1, 'Administrador del Sistema', 10, '2020-03-16 00:00:00'),
(2, 'Administrador de Gestión Documental', 10, '2020-03-16 00:00:00'),
(3, 'Ventanilla de Radicación', 10, '2020-03-16 00:00:00'),
(4, 'Usuario Funcional', 10, '2020-03-16 00:00:00'),
(5, 'Usuario Jefe', 10, '2020-03-16 00:00:00'),
(6, 'Usuario Externo', 10, '2020-03-16 00:00:00');

--
-- Volcado de datos para la tabla `cgActividadEconomicaPqrs`
--

INSERT INTO `cgActividadEconomicaPqrs` (`idCgActividadEconomicaPqrs`, `nombreCgActividadEconomicaPqrs`, `estadoCgActividadEconomicaPqrs`, `creacionCgActividadEconomicaPqrs`) VALUES
(1, 'Ama de casa', 10, '2023-03-30 22:59:20'),
(2, 'Estudiante', 10, '2023-03-30 22:59:20'),
(3, 'Empleado', 10, '2023-03-30 22:59:20'),
(4, 'Desempleado', 10, '2023-03-30 22:59:20'),
(5, 'Empresario', 10, '2023-03-30 22:59:20'),
(6, 'Independiente', 10, '2023-03-30 22:59:20'),
(7, 'Pensionado', 10, '2023-03-30 22:59:20');

--
-- Volcado de datos para la tabla `cgCondicionDiscapacidadPqrs`
--

INSERT INTO `cgCondicionDiscapacidadPqrs` (`idCgCondicionDiscapacidadPqrs`, `nombreCgCondicionDiscapacidadPqrs`, `estadoCgCondicionDiscapacidadPqrs`, `creacionCgCondicionDiscapacidadPqrs`) VALUES
(1, 'No', 10, '2023-03-30 22:31:20'),
(2, 'Discapacidad fisica', 10, '2023-03-30 22:31:20'),
(3, 'Discapacidad visual', 10, '2023-03-30 22:31:20'),
(4, 'Discapacidad auditiva', 10, '2023-03-30 22:31:20'),
(5, 'Discapacidad cognitiva', 10, '2023-03-30 22:31:20'),
(6, 'Discapacidad mental', 10, '2023-03-30 22:31:20'),
(7, 'Discapacidad indigenas', 10, '2023-03-30 22:31:20'),
(8, 'Talla baja', 10, '2023-03-30 22:31:20');

--
-- Volcado de datos para la tabla `cgEscolaridadPqrs`
--

INSERT INTO `cgEscolaridadPqrs` (`idCgEscolaridadPqrs`, `nombreCgEscolaridadPqrs`, `estadoCgEscolaridadPqrs`, `creacionCgEscolaridadPqrs`) VALUES
(1, 'Primaria', 10, '2023-03-30 23:06:28'),
(2, 'Secundaria', 10, '2023-03-30 23:06:28'),
(3, 'Profesional', 10, '2023-03-30 23:06:28'),
(4, 'Especializado', 10, '2023-03-30 23:06:28'),
(5, 'Maestria', 10, '2023-03-30 23:06:28'),
(6, 'Doctorado', 10, '2023-03-30 23:06:28'),
(7, 'Sin estudios', 10, '2023-03-30 23:06:28'),
(8, 'Tecnica', 10, '2023-03-30 23:06:28'),
(9, 'Tecnologia', 10, '2023-03-30 23:06:28');

--
-- Volcado de datos para la tabla `cgEstratoPqrs`
--

INSERT INTO `cgEstratoPqrs` (`idCgEstratoPqrs`, `nombreCgEstratoPqrs`, `estadoCgEstratoPqrs`, `creacionCgEstratoPqrs`) VALUES
(1, '0', 10, '2023-03-30 23:01:06'),
(2, '1', 10, '2023-03-30 23:01:06'),
(3, '2', 10, '2023-03-30 23:01:06'),
(4, '3', 10, '2023-03-30 23:01:06'),
(5, '4', 10, '2023-03-30 23:01:06'),
(6, '5', 10, '2023-03-30 23:01:06'),
(7, '6', 10, '2023-03-30 23:01:06');

--
-- Volcado de datos para la tabla `cgGeneroPqrs`
--

INSERT INTO `cgGeneroPqrs` (`idCgGeneroPqrs`, `nombreCgGeneroPqrs`, `estadoCgGeneroPqrs`, `creacionCgGeneroPqrs`) VALUES
(1, 'Masculino', 10, '2023-03-30 22:56:27'),
(2, 'Femenino', 10, '2023-03-30 22:56:27'),
(3, 'Otro', 10, '2023-03-30 22:56:27');

--
-- Volcado de datos para la tabla `cgGrupoEtnicoPqrs`
--

INSERT INTO `cgGrupoEtnicoPqrs` (`idCgGrupoEtnicoPqrs`, `nombreCgGrupoEtnicoPqrs`, `estadoCgGrupoEtnicoPqrs`, `creacionCgGrupoEtnicoPqrs`) VALUES
(1, 'No', 10, '2023-03-30 22:41:42'),
(2, 'Afrocolombiano o afrodescendiente', 10, '2023-03-30 22:41:42'),
(3, 'Pueblo indigena', 10, '2023-03-30 22:41:42'),
(4, 'Raizal', 10, '2023-03-30 22:41:42'),
(5, 'Rom', 10, '2023-03-30 22:41:42');

--
-- Volcado de datos para la tabla `cgGrupoInteresPqrs`
--

INSERT INTO `cgGrupoInteresPqrs` (`idCgGrupoInteresPqrs`, `nombreCgGrupoInteresPqrs`, `creacionCgGrupoInteresPqrs`, `estadoCgGrupoInteresPqrs`) VALUES
(1, 'No', '2023-03-30 22:10:02', 10),
(2, 'Sindicato del sector publico', '2023-03-30 22:10:02', 10),
(3, 'Comisión de personal de entidad nacional o territorial', '2023-03-30 22:25:53', 10),
(4, 'Comité de salud ocupacional sector público', '2023-03-30 22:25:53', 10),
(5, 'Federación Colombiana de Municipios', '2023-03-30 22:25:53', 10),
(6, 'Federación Nacional de Departamentos', '2023-03-30 22:25:53', 10),
(7, 'Comité estudiantil ESAP', '2023-03-30 22:25:53', 10),
(8, 'Asociación de usuarios en salud y servicios públicos domiciliario', '2023-03-30 22:25:53', 10),
(9, 'Veeduría ciudadana', '2023-03-30 22:25:53', 10),
(10, 'Ciudadano', '2023-03-30 22:25:53', 10),
(11, 'Contratista', '2023-03-30 22:25:53', 10),
(12, 'Empresa', '2023-03-30 22:25:53', 10),
(13, 'Entidad pública', '2023-03-30 22:25:53', 10),
(14, 'Gremios', '2023-03-30 22:25:53', 10),
(15, 'Medios de comunicación', '2023-03-30 22:25:53', 10),
(16, 'Organizaciones sociales', '2023-03-30 22:25:53', 10),
(17, 'Proveedores', '2023-03-30 22:25:53', 10),
(18, 'Servicios publico', '2023-03-30 22:25:53', 10),
(19, 'Otro', '2023-03-30 22:25:53', 10);

--
-- Volcado de datos para la tabla `cgGrupoSisbenPqrs`
--

INSERT INTO `cgGrupoSisbenPqrs` (`idCgGrupoSisbenPqrs`, `nombreCgGrupoSisbenPqrs`, `estadoCgGrupoSisbenPqrs`, `creacionCgGrupoSisbenPqrs`) VALUES
(1, 'No tiene', 10, '2023-03-30 23:02:33'),
(2, 'Nivel 1', 0, '2023-03-30 23:02:33'),
(3, 'Nivel 2', 0, '2023-03-30 23:02:33'),
(4, 'Nivel 3', 0, '2023-03-30 23:02:33'),
(5, 'Nivel 4', 0, '2023-03-30 23:02:33'),
(6, 'A1', 10, '2023-03-30 23:02:33'),
(7, 'A2', 10, '2023-03-30 23:02:33'),
(8, 'A3', 10, '2023-03-30 23:02:33'),
(9, 'A4', 10, '2023-03-30 23:02:33'),
(10, 'A5', 10, '2023-03-30 23:02:33'),
(11, 'B1', 10, '2023-03-30 23:02:33'),
(12, 'B2', 10, '2023-03-30 23:02:33'),
(13, 'B3', 10, '2023-03-30 23:02:33'),
(14, 'B4', 10, '2023-03-30 23:02:33'),
(15, 'B5', 10, '2023-03-30 23:02:33'),
(16, 'B6', 10, '2023-03-30 23:02:33'),
(17, 'B7', 10, '2023-03-30 23:02:33'),
(18, 'C1', 10, '2023-03-30 23:02:33'),
(19, 'C2', 10, '2023-03-30 23:02:33'),
(20, 'C3', 10, '2023-03-30 23:02:33'),
(21, 'C4', 10, '2023-03-30 23:02:33'),
(22, 'C5', 10, '2023-03-30 23:02:33'),
(23, 'C6', 10, '2023-03-30 23:02:33'),
(24, 'C7', 10, '2023-03-30 23:02:33'),
(25, 'C8', 10, '2023-03-30 23:02:33'),
(26, 'C9', 10, '2023-03-30 23:02:33'),
(27, 'C10', 10, '2023-03-30 23:02:33'),
(28, 'C11', 10, '2023-03-30 23:02:33'),
(29, 'C12', 10, '2023-03-30 23:02:33'),
(30, 'C13', 10, '2023-03-30 23:02:33'),
(31, 'C14', 10, '2023-03-30 23:02:33'),
(32, 'C15', 10, '2023-03-30 23:02:33'),
(33, 'C16', 10, '2023-03-30 23:02:33'),
(34, 'C17', 10, '2023-03-30 23:02:33'),
(35, 'C18', 10, '2023-03-30 23:02:33'),
(36, 'D1', 10, '2023-03-30 23:02:33'),
(37, 'D2', 10, '2023-03-30 23:02:33'),
(38, 'D3', 10, '2023-03-30 23:02:33'),
(39, 'D4', 10, '2023-03-30 23:02:33'),
(40, 'D5', 10, '2023-03-30 23:02:33'),
(41, 'D6', 10, '2023-03-30 23:02:33'),
(42, 'D7', 10, '2023-03-30 23:02:33'),
(43, 'D8', 10, '2023-03-30 23:02:33'),
(44, 'D9', 10, '2023-03-30 23:02:33'),
(45, 'D10', 10, '2023-03-30 23:02:33'),
(46, 'D11', 10, '2023-03-30 23:02:33'),
(47, 'D12', 10, '2023-03-30 23:02:33'),
(48, 'D13', 10, '2023-03-30 23:02:33'),
(49, 'D14', 10, '2023-03-30 23:02:33'),
(50, 'D15', 10, '2023-03-30 23:02:33'),
(51, 'D16', 10, '2023-03-30 23:02:33'),
(52, 'D17', 10, '2023-03-30 23:02:33'),
(53, 'D18', 10, '2023-03-30 23:02:33'),
(54, 'D19', 10, '2023-03-30 23:02:33'),
(55, 'D20', 10, '2023-03-30 23:02:33'),
(56, 'D21', 10, '2023-03-30 23:02:33');

--
-- Volcado de datos para la tabla `cgRangoEdadPqrs`
--

INSERT INTO `cgRangoEdadPqrs` (`idCgRangoEdadPqrs`, `nombreCgRangoEdadPqrs`, `estadoCgRangoEdadPqrs`, `creacionCgRangoEdadPqrs`) VALUES
(1, 'No', 10, '2023-03-30 22:58:01'),
(2, 'Primera infancia (0-5 años)', 10, '2023-03-30 22:58:01'),
(3, 'Infancia (6 - 11 años)', 10, '2023-03-30 22:58:01'),
(4, 'Adolecencia (12 - 18 años)', 10, '2023-03-30 22:58:01'),
(5, 'Juventud (14 - 26 años)', 10, '2023-03-30 22:58:01'),
(6, 'Adultez (27 - 59 años)', 10, '2023-03-30 22:58:01'),
(7, 'Adulto Mayor (60 años o mas)', 10, '2023-03-30 22:58:01');

--
-- Volcado de datos para la tabla `cgVulnerabilidadPqrs`
--

INSERT INTO `cgVulnerabilidadPqrs` (`idCgVulnerabilidadPqrs`, `nombreCgVulnerabilidadPqrs`, `estadoCgVulnerabilidadPqrs`, `creacionCgVulnerabilidadPqrs`) VALUES
(1, 'Cabeza de familia', 10, '2023-03-30 23:07:46'),
(2, 'Comunidad LGTBIQ', 10, '2023-03-30 23:07:46'),
(3, 'Desplazados', 10, '2023-03-30 23:07:46'),
(4, 'Extranjero', 10, '2023-03-30 23:07:46'),
(5, 'Grupos etnicos', 10, '2023-03-30 23:07:46'),
(6, 'Miembros de las fuerzas militares y de policia', 10, '2023-03-30 23:07:46'),
(7, 'Victima', 10, '2023-03-30 23:07:46'),
(8, 'Personas con discapacidad', 10, '2023-03-30 23:07:46'),
(9, 'Ninguno', 10, '2023-03-30 23:07:46');


INSERT INTO `ng_configs` (`id`, `context`, `name`, `value`) VALUES
(1, 'core', 'version', '1.0.0'),

COMMIT;

/*!40101 SET CHARACTER_SET_CLIENT=@OLD_CHARACTER_SET_CLIENT */;
/*!40101 SET CHARACTER_SET_RESULTS=@OLD_CHARACTER_SET_RESULTS */;
/*!40101 SET COLLATION_CONNECTION=@OLD_COLLATION_CONNECTION */;
